Date,Index,DateSerial,Open,High,Low,Close,Volume,AdjClose,Return,VolumeK,Counter,HighLow,HighPrevCloseAbs,LowPrevCloseAbs,TrueRange,ATR_Stop,MaxPrice,Scale,Signal,Shares,Cash,Portfolio,AdjOpen,AdjHigh,AdjLow,AdjCloseCalc,BuyHold,BuyMarker,SellMarker,FirstBuy,FirstSell,StdDevPop,LowerBollinger,ATRTrailingStop
1988-12-16,1.0,32493.0,44.88,45.0,44.63,45.0,26180400.0,2.29,0.002673796791443861,26180.4,,,,,,,2.29,0.050888888888888886,,0.0,100000.0,100000.0,2.2838933333333333,2.29,2.2711711111111113,2.29,100000.0,0.0,0.0,0.0,0.0,,,ATR Trailing Stop
1988-12-19,2.0,32496.0,44.88,46.63,44.88,45.25,16902900.0,2.3,0.004366812227074135,16902.9,1.0,0.08895027624309426,0.08014364640883986,0.008806629834254398,0.08895027624309426,0.8895027624309426,2.3,0.05082872928176795,BUY,43836.70464233124,0.0,100824.42067736185,2.2811933701657456,2.37014364640884,2.2811933701657456,2.3,100436.68122270741,100436.68122270741,0.0,1.0,0.0,0.004999999999994173,2.2825000000000144,0.8895027624309426
1988-12-27,3.0,32504.0,45.13,45.25,44.25,44.75,6881400.0,2.27,-0.01304347826086949,6881.4,2.0,0.05072625698324007,0.00463687150837977,0.05536312849161984,0.05536312849161984,0.7215670236735705,2.3,0.05072625698324022,BUY,43836.70464233124,0.0,99509.31953809192,2.2892759776536313,2.29536312849162,2.24463687150838,2.27,99126.63755458515,0.0,0.0,0.0,0.0,0.012472191289263588,2.255486188443508,0.8895027624309426
1989-01-03,4.0,32511.0,44.63,45.25,43.5,44.63,18449100.0,2.27,0.0,18449.1,3.0,0.08900963477481527,0.03153484203450585,0.05747479274030942,0.08900963477481527,0.7777434650317645,2.3,0.05086264844275151,,43836.70464233124,0.0,99509.31953809192,2.27,2.301534842034506,2.2125252072596906,2.27,99126.63755458515,0.0,0.0,0.0,0.0,0.012990381056777082,2.250024047358057,0.8895027624309426
1989-01-09,5.0,32517.0,44.25,45.38,44.0,45.0,16385000.0,2.29,0.008810572687224738,16385.0,4.0,0.0702266666666671,0.039337777777777916,0.030888888888889188,0.0702266666666671,0.7588742654404912,2.3,0.050888888888888886,,43836.70464233124,0.0,100386.05363093855,2.2518333333333334,2.309337777777778,2.239111111111111,2.29,100000.0,0.0,0.0,0.0,0.0,0.012000000000057071,2.253999999999857,0.8895027624309426
1989-01-16,6.0,32524.0,44.88,46.13,44.75,45.5,16754600.0,2.31,0.008733624454148492,16754.6,5.0,0.0700615384615384,0.051984615384615296,0.0180769230769231,0.0700615384615384,0.7472224892754697,2.31,0.05076923076923077,,43836.70464233124,0.0,101262.78772378518,2.278523076923077,2.3419846153846153,2.271923076923077,2.31,100873.36244541485,0.0,0.0,0.0,0.0,0.014624940645680354,2.2517709817191323,0.8895027624309426
1989-01-23,7.0,32531.0,45.5,48.13,45.13,47.38,24455000.0,2.41,0.04329004329004338,24455.0,6.0,0.15259603208104666,0.13814900802026164,0.014447024060785019,0.15259603208104666,0.8770121278646359,2.41,0.05086534402701562,BUY,43836.70464233124,0.0,105646.4581880183,2.3143731532292104,2.4481490080202617,2.295552975939215,2.41,105240.1746724891,0.0,0.0,0.0,0.0,0.04467570220316534,2.1940250302063724,0.8895027624309426
1989-01-30,8.0,32538.0,47.5,49.0,47.25,47.88,19733200.0,2.43,0.008298755186721962,19733.2,7.0,0.08881578947368451,0.07684210526315782,0.011973684210526692,0.08881578947368451,0.8786043802749515,2.43,0.05075187969924812,BUY,43836.70464233124,0.0,106523.19228086493,2.4107142857142856,2.486842105263158,2.3980263157894735,2.43,106113.53711790395,0.0,0.0,0.0,0.0,0.05861687043846618,2.1747078239038347,0.8895027624309426
1989-02-06,9.0,32545.0,47.88,48.75,46.25,46.25,16792500.0,2.35,-0.03292181069958855,16792.5,8.0,0.12702702702702684,0.04702702702702677,0.08000000000000007,0.12702702702702684,0.9275626165243661,2.43,0.05081081081081081,BUY,43836.70464233124,0.0,103016.25590947842,2.432821621621622,2.477027027027027,2.35,2.35,102620.08733624456,0.0,0.0,0.0,0.0,0.05599823630378581,2.18444885368498,0.9275626165243661
1989-02-13,10.0,32552.0,46.0,47.38,45.5,46.88,14572300.0,2.38,0.012765957446808418,14572.3,9.0,0.09544368600682596,0.055383959044368325,0.04005972696245763,0.09544368600682596,0.9305486435847987,2.43,0.05076791808873719,,43836.70464233124,0.0,104331.35704874835,2.335324232081911,2.4053839590443684,2.3099402730375425,2.38,103930.13100436682,0.0,0.0,0.0,0.0,0.055677643628305525,2.1908058909292363,0.9275626165243661
1989-02-21,11.0,32560.0,47.0,47.13,45.25,45.25,15595200.0,2.3,-0.03361344537815125,15595.2,10.0,0.09555801104972383,0.015558011049723763,0.08000000000000007,0.09555801104972383,0.9378905711477205,2.43,0.05082872928176795,,43836.70464233124,0.0,100824.42067736185,2.3889502762430936,2.3955580110497237,2.3,2.3,100436.68122270743,0.0,0.0,0.0,0.0,0.05378254348271679,2.1928163685659356,0.9275626165243661
1989-02-27,12.0,32566.0,45.25,46.25,44.63,44.75,14990800.0,2.29,-0.004347826086956386,14990.8,11.0,0.08290055865921797,0.06675977653631326,0.016140782122904707,0.08290055865921797,0.968487715778385,2.43,0.0511731843575419,,43836.70464233124,0.0,100386.05363093855,2.315586592178771,2.366759776536313,2.283859217877095,2.29,100000.00000000001,0.0,0.0,0.0,0.0,0.05251322584728784,2.1928836020484472,0.9275626165243661
1989-03-06,13.0,32573.0,45.13,45.88,44.5,45.0,16437300.0,2.31,0.008733624454148492,16437.3,12.0,0.07084000000000001,0.06517333333333353,0.005666666666666487,0.07084000000000001,0.9482992326952571,2.43,0.051333333333333335,,43836.70464233124,0.0,101262.78772378518,2.3166733333333336,2.3551733333333336,2.2843333333333335,2.31,100873.36244541485,0.0,0.0,0.0,0.0,0.050594103545868054,2.1965916642122525,0.9275626165243661
1989-03-13,14.0,32580.0,44.88,46.63,44.88,44.88,20888400.0,2.3,-0.0043290043290044045,20888.4,13.0,0.08968360071301262,0.07968360071301239,0.010000000000000231,0.08968360071301262,0.9699180483023075,2.43,0.05124777183600712,,43836.70464233124,0.0,100824.42067736185,2.3,2.3896836007130124,2.3,2.3,100436.68122270743,0.0,0.0,0.0,0.0,0.049114609821917725,2.1986420468737773,0.9275626165243661
1989-03-20,15.0,32587.0,44.88,45.63,43.75,44.0,14423100.0,2.25,-0.021739130434782483,14423.1,14.0,0.09613636363636369,0.033352272727273036,0.06278409090909065,0.09613636363636369,0.9988900762743357,2.43,0.05113636363636364,,43836.70464233124,0.0,98632.58544524529,2.2950000000000004,2.333352272727273,2.237215909090909,2.25,98253.27510917031,0.0,0.0,0.0,0.0,0.05068420748999412,2.1899561479416816,0.9275626165243661
1989-03-27,16.0,32594.0,43.88,45.0,43.75,44.5,13323300.0,2.28,0.013333333333333197,13323.3,15.0,0.06404494382022463,0.05561797752808939,0.00842696629213524,0.06404494382022463,0.9004999782067556,2.43,0.05123595505617977,,43836.70464233124,0.0,99947.68658451522,2.248233707865168,2.3056179775280894,2.2415730337078648,2.28,99563.31877729257,0.0,0.0,0.0,0.0,0.04987092715199092,2.189697682120023,0.9275626165243661
1989-04-03,17.0,32601.0,44.63,45.63,44.5,45.13,10629100.0,2.31,0.013157894736842257,10629.1,16.0,0.05783957456237543,0.0555927321072458,0.0022468424551296273,0.05783957456237543,0.8660819616386345,2.43,0.051185464214491466,,43836.70464233124,0.0,101262.78772378518,2.284407267892754,2.3355927321072456,2.27775315754487,2.31,100873.36244541485,0.0,0.0,0.0,0.0,0.04839285600281312,2.193135507051791,0.9275626165243661
1989-04-10,18.0,32608.0,45.13,47.0,44.63,47.0,14669200.0,2.41,0.04329004329004338,14669.2,17.0,0.12152553191489357,0.10000000000000009,0.02152553191489348,0.12152553191489357,0.8599691892918198,2.43,0.05127659574468085,,43836.70464233124,0.0,105646.4581880183,2.314112765957447,2.41,2.2884744680851066,2.41,105240.1746724891,0.0,0.0,0.0,0.0,0.05190506528720157,2.1896817812264406,0.9275626165243661
1989-04-17,19.0,32615.0,46.75,48.63,46.75,48.38,20105500.0,2.48,0.029045643153526868,20105.5,18.0,0.09637040099214556,0.0828152128978914,0.013555188094254156,0.09637040099214556,0.8609988726088414,2.48,0.05126085159156676,,43836.70464233124,0.0,108715.02751298148,2.396444811905746,2.4928152128978915,2.396444811905746,2.48,108296.94323144107,0.0,0.0,0.0,0.0,0.061948955844261265,2.173022347231452,0.9275626165243661
1989-04-24,20.0,32622.0,48.13,49.25,47.75,48.88,16617100.0,2.5,0.008064516129032251,16617.1,19.0,0.07671849427168587,0.03892389525368234,0.03779459901800353,0.07671849427168587,0.8400660761887992,2.5,0.051145662847790506,BUY,43836.70464233124,0.0,109591.7616058281,2.4616407528641573,2.5189238952536823,2.4422054009819965,2.5,109170.3056768559,0.0,0.0,0.0,0.0,0.07108269831682651,2.1587932542079336,0.9275626165243661
1989-05-01,21.0,32629.0,48.5,49.25,47.63,47.75,11359200.0,2.45,-0.019999999999999907,11359.2,20.0,0.08312041884816734,0.026963350785340623,0.05615706806282672,0.08312041884816734,0.8403103652876319,2.5,0.051308900523560214,BUY,43836.70464233124,0.0,107399.92637371155,2.4884816753926704,2.5269633507853406,2.4438429319371733,2.45,106986.89956331879,0.0,0.0,0.0,0.0,0.07346000191999384,2.1582547571047774,0.9275626165243661
1989-05-08,22.0,32636.0,47.88,51.13,47.0,51.0,22744000.0,2.61,0.06530612244897949,22744.0,21.0,0.21135882352941193,0.16665294117647012,0.04470588235294182,0.21135882352941193,0.996442391431423,2.61,0.05117647058823529,,43836.70464233124,0.0,114413.79911648453,2.450329411764706,2.6166529411764703,2.4052941176470584,2.61,113973.79912663756,0.0,0.0,0.0,0.0,0.09093749556246679,2.1267471701847422,0.9275626165243661
1989-05-15,23.0,32643.0,51.38,54.13,51.25,53.88,36574500.0,2.76,0.05747126436781613,36574.5,22.0,0.14752783964365257,0.16280623608017786,0.015278396436525288,0.16280623608017786,1.0776897640616065,2.76,0.05122494432071269,BUY,43836.70464233124,0.0,120989.30481283422,2.631937639198218,2.7728062360801777,2.625278396436525,2.76,120524.01746724891,0.0,0.0,0.0,0.0,0.12149976467728066,2.0679897187415808,1.0776897640616065
1989-05-22,24.0,32650.0,54.25,54.38,52.63,54.25,23566300.0,2.78,0.007246376811594235,23566.3,23.0,0.08967741935483886,0.026661751152074142,0.06301566820276472,0.08967741935483886,1.0705131593043566,2.78,0.051244239631336404,BUY,43836.70464233124,0.0,121866.03890568085,2.78,2.786661751152074,2.696984331797235,2.78,121397.37991266376,0.0,0.0,0.0,0.0,0.14423107905949703,2.0281723023512574,1.0776897640616065
1989-05-30,25.0,32658.0,54.5,56.25,53.75,55.75,18165600.0,2.86,0.02877697841726623,18165.6,24.0,0.12825112107623315,0.10565022421524661,0.02260089686098654,0.12825112107623315,1.1418533562554773,2.86,0.05130044843049327,BUY,43836.70464233124,0.0,125372.97527706735,2.7958744394618833,2.8856502242152464,2.7573991031390133,2.86,124890.82969432315,0.0,0.0,0.0,0.0,0.16881421741073632,1.9855644564731592,1.1418533562554773
1989-06-05,26.0,32664.0,55.75,55.88,54.13,54.63,16538600.0,2.82,-0.013986013986013957,16538.6,25.0,0.09033498077979152,0.024524986271279747,0.06580999450851177,0.09033498077979152,1.1779593631637173,2.86,0.05161998901702361,BUY,43836.70464233124,0.0,123619.5070913741,2.877814387699066,2.8845249862712796,2.794190005491488,2.82,123144.10480349345,0.0,0.0,0.0,0.0,0.18355343610329114,1.9645779482033108,1.1779593631637173
1989-06-12,27.0,32671.0,54.5,54.63,52.13,53.38,24354700.0,2.76,-0.021276595744680882,24354.7,26.0,0.12926189584113867,0.004630947920569284,0.12463094792056939,0.12926189584113867,1.1865553230817676,2.86,0.051704758336455596,,43836.70464233124,0.0,120989.30481283422,2.81790932933683,2.824630947920569,2.6953690520794304,2.76,120524.01746724891,0.0,0.0,0.0,0.0,0.19100628764634803,1.9584102068100557,1.1779593631637173
1989-06-19,28.0,32678.0,53.13,54.88,52.75,54.75,13561400.0,2.83,0.025362318840579823,13561.4,27.0,0.1100986301369864,0.07671963470319687,0.03337899543378953,0.1100986301369864,1.2018089110204795,2.86,0.05168949771689498,,43836.70464233124,0.0,124057.87413779742,2.7462630136986306,2.8367196347031967,2.7266210045662103,2.83,123580.78602620088,0.0,0.0,0.0,0.0,0.2013170917447719,1.9467072706380701,1.1779593631637173
1989-06-26,29.0,32685.0,54.75,54.88,51.38,51.63,14419200.0,2.67,-0.0565371024734983,14419.2,28.0,0.18099941894247573,0.008070889018013006,0.17292852992446273,0.18099941894247573,1.317676605099135,2.86,0.051714119697850086,,43836.70464233124,0.0,117044.00139502442,2.831348053457292,2.838070889018013,2.6570714700755373,2.67,116593.88646288209,0.0,0.0,0.0,0.0,0.20184758969312153,1.9529672326637477,1.1779593631637173
1989-07-03,30.0,32692.0,51.88,53.5,51.38,53.13,9880500.0,2.74,0.02621722846441954,9880.5,29.0,0.1093318275926971,0.08908149821193323,0.020250329380763876,0.1093318275926971,1.346800392593057,2.86,0.051571616789008096,,43836.70464233124,0.0,120112.57071998762,2.6755354790137402,2.759081498211933,2.649749670619236,2.74,119650.65502183406,0.0,0.0,0.0,0.0,0.20482756975889288,1.9549310756027674,1.1779593631637173
1989-07-10,31.0,32699.0,53.13,54.88,53.0,54.63,14661300.0,2.82,0.029197080291970767,14661.3,30.0,0.0970455793520042,0.0929049972542555,0.004140582097748702,0.0970455793520042,1.2197856768403816,2.86,0.05161998901702361,,43836.70464233124,0.0,123619.5070913741,2.7425700164744646,2.8329049972542557,2.7358594179022515,2.82,123144.10480349342,0.0,0.0,0.0,0.0,0.21092877217270217,1.9510651663424379,1.1779593631637173
1989-07-17,32.0,32706.0,54.5,56.88,54.13,56.88,20368300.0,2.94,0.042553191489361764,20368.3,31.0,0.14214135021097007,0.1200000000000001,0.022141350210969968,0.14214135021097007,1.196824692541262,2.94,0.05168776371308017,,43836.70464233124,0.0,128879.91164845385,2.816983122362869,2.94,2.79785864978903,2.94,128384.27947598252,0.0,0.0,0.0,0.0,0.22260158320136214,1.9363085419965942,1.1779593631637173
1989-07-24,33.0,32713.0,56.5,58.0,55.5,57.5,15374800.0,2.97,0.010204081632653184,15374.8,32.0,0.12913043478260855,0.055826086956522136,0.07330434782608641,0.12913043478260855,1.2406613763498948,2.97,0.051652173913043484,BUY,43836.70464233124,0.0,130195.0127877238,2.918347826086957,2.995826086956522,2.8666956521739135,2.97,129694.3231441048,0.0,0.0,0.0,0.0,0.23396804660457096,1.9223526107612994,1.2406613763498948
1989-07-31,34.0,32720.0,57.63,58.75,56.38,56.88,15101200.0,2.94,-0.010101010101010166,15101.2,33.0,0.12250000000000005,0.06665611814345995,0.0558438818565401,0.12250000000000005,1.234271241820747,2.97,0.05168776371308017,BUY,43836.70464233124,0.0,128879.91164845385,2.97876582278481,3.03665611814346,2.91415611814346,2.94,128384.2794759825,0.0,0.0,0.0,0.0,0.241819086484583,1.9154522837885422,1.2406613763498948
1989-08-07,35.0,32727.0,56.75,59.13,56.75,57.63,22517500.0,2.98,0.013605442176870763,22517.5,34.0,0.12306784660767,0.11756376887038034,0.00550407773728967,0.12306784660767,1.270641092740612,2.98,0.051709179246920006,,43836.70464233124,0.0,130633.3798341471,2.9344959222627103,3.0575637688703803,2.9344959222627103,2.98,130131.0043668122,0.0,0.0,0.0,0.0,0.25035713266762166,1.9072500254738023,1.2406613763498948
1989-08-14,36.0,32734.0,57.0,58.13,56.13,58.0,13350700.0,2.99,0.003355704697986628,13350.7,35.0,0.10310344827586215,0.01670172413793125,0.0864017241379309,0.10310344827586215,1.2415761510014158,2.99,0.051551724137931035,BUY,43836.70464233124,0.0,131071.74688057043,2.938448275862069,2.9967017241379312,2.893598275862069,2.99,130567.68558951963,0.0,0.0,0.0,0.0,0.2580199712339311,1.9007834052485046,1.2415761510014158
1989-08-21,37.0,32741.0,57.63,59.0,55.63,58.63,15745400.0,3.03,0.013377926421404451,15745.4,36.0,0.1741616919665696,0.05912161009721917,0.11504008186935044,0.1741616919665696,1.312757330812064,3.03,0.05168002728978338,BUY,43836.70464233124,0.0,132825.21506626366,2.9783199727102163,3.0491216100972194,2.8749599181306498,3.03,132314.41048034932,0.0,0.0,0.0,0.0,0.2663444608101333,1.8930577668935853,1.312757330812064
1989-08-28,38.0,32748.0,58.25,58.88,57.25,58.25,11402800.0,3.01,-0.0066006600660065695,11402.8,37.0,0.08422832618025744,0.012554506437768342,0.0716738197424891,0.08422832618025744,1.205233894409599,3.03,0.05167381974248927,BUY,43836.70464233124,0.0,131948.48097341703,3.01,3.042554506437768,2.9583261802575107,3.01,131441.04803493447,0.0,0.0,0.0,0.0,0.2725549831438926,1.8894020158244786,1.312757330812064
1989-09-05,39.0,32756.0,58.13,58.5,55.75,56.5,13623000.0,2.92,-0.029900332225913595,13623.0,38.0,0.14212389380530954,0.013362831858407365,0.12876106194690218,0.14212389380530954,1.241669523534724,3.03,0.05168141592920354,,43836.70464233124,0.0,128003.17755560722,3.004240707964602,3.023362831858407,2.8812389380530976,2.92,127510.91703056768,0.0,0.0,0.0,0.0,0.2746418383676977,1.893138993824345,1.312757330812064
1989-09-11,40.0,32762.0,56.5,57.25,55.25,57.25,20100400.0,2.96,0.013698630136986356,20100.4,39.0,0.10340611353711804,0.040000000000000036,0.063406113537118,0.10340611353711804,1.248736783740406,3.03,0.05170305676855895,,43836.70464233124,0.0,129756.64574130047,2.921222707423581,2.96,2.856593886462882,2.96,129257.64192139737,0.0,0.0,0.0,0.0,0.277609325311673,1.895226686720817,1.312757330812064
1989-09-18,41.0,32769.0,57.38,58.0,54.75,55.88,11086000.0,2.91,-0.016891891891891886,11086.0,40.0,0.16924659985683643,0.06040085898353631,0.10884574087330012,0.16924659985683643,1.2788537277913687,3.03,0.052075876879026484,,43836.70464233124,0.0,127564.81050918392,2.9881138153185396,3.0204008589835363,2.8511542591267,2.91,127074.23580786026,0.0,0.0,0.0,0.0,0.27863118294523576,1.9004952133686173,1.312757330812064
1989-09-25,42.0,32776.0,56.0,57.75,55.0,56.5,12847400.0,2.94,0.010309278350515427,12847.4,41.0,0.14309734513274375,0.09504424778761056,0.04805309734513319,0.14309734513274375,1.2943725170692966,3.03,0.05203539823008849,,43836.70464233124,0.0,128879.91164845385,2.9139823008849555,3.0050442477876107,2.861946902654867,2.94,128384.27947598252,0.0,0.0,0.0,0.0,0.2791995868195238,1.9149278622194825,1.312757330812064
1989-10-02,43.0,32783.0,56.88,59.25,56.5,58.88,21012000.0,3.06,0.04081632653061229,21012.0,42.0,0.14291779891304346,0.13922894021739163,0.003688858695651831,0.14291779891304346,1.3170589603060114,3.06,0.051970108695652176,,43836.70464233124,0.0,134140.3162055336,2.956059782608696,3.0792289402173916,2.936311141304348,3.06,133624.45414847162,0.0,0.0,0.0,0.0,0.28301134145687823,1.9239350609919503,1.312757330812064
1989-10-09,44.0,32790.0,58.88,59.0,53.25,54.38,14426600.0,2.83,-0.07516339869281041,14426.6,43.0,0.2992368517837436,0.010430305259286232,0.28880654652445736,0.2992368517837436,1.5128022993905377,3.06,0.05204119161456418,BUY,43836.70464233124,0.0,124057.87413779742,3.064185362265539,3.0704303052592863,2.7711934534755427,2.83,123580.78602620086,0.0,0.0,0.0,0.0,0.27871763796586096,1.9483278563048594,1.5128022993905377
1989-10-16,45.0,32797.0,54.38,57.13,53.38,56.63,26279500.0,2.95,0.042402826855123754,26279.5,44.0,0.19534698922832439,0.1460462652304435,0.04930072399788088,0.19534698922832439,1.6152951226710512,3.06,0.05209253046088646,,43836.70464233124,0.0,129318.27869487717,2.832791806463006,2.9760462652304436,2.780699276002119,2.95,128820.96069868995,0.0,0.0,0.0,0.0,0.2761221224962412,1.9714020108325672,1.5128022993905377
1989-10-23,46.0,32804.0,56.63,57.0,52.75,53.63,17156100.0,2.79,-0.05423728813559325,17156.1,45.0,0.22109826589595372,0.015317919075144015,0.2057803468208097,0.22109826589595372,1.6674468714814783,3.06,0.05202312138728323,,43836.70464233124,0.0,122304.40595210416,2.9460693641618496,2.965317919075144,2.7442196531791905,2.79,121834.06113537117,0.0,0.0,0.0,0.0,0.27041862802753597,1.9978558689555501,1.5128022993905377
1989-10-30,47.0,32811.0,53.5,55.63,53.5,53.88,13558500.0,2.8,0.0035842293906809264,13558.5,46.0,0.1106904231625836,0.10094283593169973,0.00974758723088387,0.1106904231625836,1.6968492014618406,3.06,0.05196733481811432,,43836.70464233124,0.0,122742.77299852746,2.780252412769116,2.8909428359316998,2.780252412769116,2.8,122270.74235807858,0.0,0.0,0.0,0.0,0.2648421122817023,2.0237483778323297,1.5128022993905377
1989-11-06,48.0,32818.0,53.63,54.75,52.75,54.63,12378400.0,2.84,0.014285714285714235,12378.4,47.0,0.10397217645982071,0.04623833058758908,0.057733845872231626,0.10397217645982071,1.6544584044112975,3.06,0.0519860882299103,,43836.70464233124,0.0,124496.24118422072,2.7880139117700895,2.846238330587589,2.742266154127768,2.84,124017.46724890829,0.0,0.0,0.0,0.0,0.2622115706695242,2.0408125367408236,1.5128022993905377
1989-11-13,49.0,32825.0,55.0,60.0,54.75,59.5,18683500.0,3.09,0.0880281690140845,18683.5,48.0,0.27264705882352924,0.2759663865546216,0.0033193277310923364,0.2759663865546216,1.8461920410974124,3.09,0.05193277310924369,,43836.70464233124,0.0,135455.41734480354,2.856302521008403,3.1159663865546214,2.843319327731092,3.09,134934.49781659388,0.0,0.0,0.0,0.0,0.26560359687364177,2.0484300322061397,1.5128022993905377
1989-11-20,50.0,32832.0,59.13,60.63,58.63,60.13,16664700.0,3.13,0.012944983818770295,16664.7,49.0,0.10410776650590359,0.06602694162647582,0.038080824879427766,0.10410776650590359,1.7738155595963758,3.13,0.05205388325295193,BUY,43836.70464233124,0.0,137208.88553049677,3.077946116747048,3.1560269416264757,3.051919175120572,3.13,136681.22270742356,0.0,0.0,0.0,0.0,0.2668932459974791,2.0642302996404487,1.7738155595963758
1989-11-27,51.0,32839.0,60.13,63.5,60.0,63.25,22178800.0,3.29,0.051118210862619806,22178.8,50.0,0.18205533596837986,0.17300395256917023,0.009051383399209634,0.18205533596837986,1.8171022160804162,3.29,0.05201581027667984,BUY,43836.70464233124,0.0,144222.75827326978,3.127710671936759,3.30300395256917,3.1209486166007903,3.29,143668.12227074234,0.0,0.0,0.0,0.0,0.2744729414675617,2.0674761829164616,1.8171022160804162
1989-12-04,52.0,32846.0,62.88,64.0,62.75,63.25,14679600.0,3.31,0.006079027355623046,14679.6,51.0,0.0654150197628458,0.05924901185770759,0.0061660079051382155,0.0654150197628458,1.7309880170246408,3.31,0.05233201581027668,BUY,43836.70464233124,0.0,145099.4923661164,3.2906371541501978,3.3492490118577076,3.283833992094862,3.31,144541.4847161572,0.0,0.0,0.0,0.0,0.2779533426281595,2.0834093263564304,1.8171022160804162
1989-12-11,53.0,32853.0,63.13,64.62,62.63,64.25,19166600.0,3.37,0.01812688821752273,19166.6,52.0,0.10437821011673165,0.07940700389105082,0.02497120622568083,0.10437821011673165,1.5144784151724056,3.37,0.05245136186770428,BUY,43836.70464233124,0.0,147729.6946446563,3.3112544747081714,3.389407003891051,3.2850287937743192,3.37,147161.57205240172,0.0,0.0,0.0,0.0,0.28158174796183794,2.1006797764368685,1.8171022160804162
1989-12-18,54.0,32860.0,64.0,64.75,61.63,63.75,15675300.0,3.34,-0.008902077151335397,15675.3,53.0,0.16346352941176434,0.02239215686274454,0.1410713725490198,0.16346352941176434,1.4790523487095608,3.37,0.05239215686274509,BUY,43836.70464233124,0.0,146414.59350538635,3.353098039215686,3.3923921568627446,3.2289286274509803,3.34,145851.52838427943,0.0,0.0,0.0,0.0,0.28227721891161245,2.124063050281945,1.8171022160804162
1989-12-26,55.0,32868.0,63.63,64.5,62.75,64.5,7137300.0,3.38,0.011976047904191711,7137.3,54.0,0.09170542635658885,0.040000000000000036,0.05170542635658881,0.09170542635658885,1.3352825269991555,3.38,0.0524031007751938,,43836.70464233124,0.0,148168.06169107958,3.3344093023255814,3.38,3.288294573643411,3.38,147598.25327510913,0.0,0.0,0.0,0.0,0.2820039616464492,2.151087656859487,1.8171022160804162
1990-01-02,56.0,32875.0,64.62,67.0,64.12,65.62,19622400.0,3.44,0.01775147928994092,19622.4,55.0,0.15097836025601952,0.132343797622676,0.01863456263334351,0.15097836025601952,1.3800469015474177,3.44,0.052423041755562325,BUY,43836.70464233124,0.0,150798.26396961947,3.3875769582444377,3.512343797622676,3.3613654373666564,3.44,150218.34061135366,0.0,0.0,0.0,0.0,0.2793557217495995,2.1867326468455133,1.8171022160804162
1990-01-08,57.0,32881.0,65.0,66.25,62.88,63.13,17694900.0,3.31,-0.03779069767441856,17694.9,56.0,0.176694123237763,0.033586250594012323,0.1431078726437507,0.176694123237763,1.4608490646340202,3.44,0.05243149057500396,BUY,43836.70464233124,0.0,145099.4923661164,3.4080468873752574,3.4735862505940123,3.2968921273562493,3.31,144541.48471615717,0.0,0.0,0.0,0.0,0.26996375370867,2.23533451816735,1.8171022160804162
1990-01-15,58.0,32888.0,62.75,65.0,61.5,64.87,21176600.0,3.4,0.027190332326283873,21176.6,57.0,0.1834438106983196,0.09681362725450837,0.08663018344381124,0.1834438106983196,1.3580462025714624,3.44,0.052412517342377056,,43836.70464233124,0.0,149044.7957839262,3.2888854632341604,3.4068136272545084,3.223369816556189,3.4,148471.61572052396,0.0,0.0,0.0,0.0,0.26312789271350734,2.279009536508915,1.8171022160804162
1990-01-22,59.0,32895.0,64.75,64.87,60.75,62.5,26892400.0,3.27,-0.038235294117647034,26892.4,58.0,0.21555840000000037,0.006001599999999829,0.2215600000000002,0.2215600000000002,1.4885486842315698,3.44,0.05232,,43836.70464233124,0.0,143346.02418042318,3.38772,3.3939984,3.1784399999999997,3.27,142794.75982532746,0.0,0.0,0.0,0.0,0.2544291764516336,2.321731936919697,1.8171022160804162
1990-01-29,60.0,32902.0,62.75,63.13,60.75,61.75,18848600.0,3.24,-0.00917431192660545,18848.6,59.0,0.12487773279352243,0.04240809716599214,0.08246963562753029,0.12487773279352243,1.4250180140372837,3.44,0.05246963562753037,,43836.70464233124,0.0,142030.92304115323,3.2924696356275307,3.312408097165992,3.1875303643724697,3.24,141484.7161572052,0.0,0.0,0.0,0.0,0.24650489628105668,2.3600792227119927,1.8171022160804162
1990-02-05,61.0,32909.0,61.63,63.75,61.5,63.25,14505300.0,3.31,0.021604938271604812,14505.3,60.0,0.11774703557312227,0.09616600790513807,0.0215810276679842,0.11774703557312227,1.4831646982709243,3.44,0.05233201581027668,,43836.70464233124,0.0,145099.4923661164,3.225222134387352,3.3361660079051383,3.218418972332016,3.31,144541.48471615717,0.0,0.0,0.0,0.0,0.23990727933301936,2.396329362643062,1.8171022160804162
1990-02-12,62.0,32916.0,63.0,63.25,61.25,62.0,16077100.0,3.25,-0.01812688821752273,16077.1,61.0,0.10483870967741904,0.0055241935483869575,0.09931451612903208,0.10483870967741904,1.4836763644494657,3.44,0.05241935483870968,,43836.70464233124,0.0,142469.29008757655,3.30241935483871,3.315524193548387,3.210685483870968,3.25,141921.3973799126,0.0,0.0,0.0,0.0,0.22687751912717058,2.448415958279635,1.8171022160804162
1990-02-20,63.0,32924.0,61.13,61.5,60.13,60.5,18821400.0,3.17,-0.024615384615384595,18821.4,62.0,0.07178347107437988,0.027603305785123933,0.09938677685950381,0.09938677685950381,1.412479972724732,3.44,0.052396694214876034,,43836.70464233124,0.0,138962.35371619003,3.2030099173553723,3.222396694214876,3.150613223140496,3.17,138427.9475982532,0.0,0.0,0.0,0.0,0.2187591419012502,2.4823704379298017,1.8171022160804162
1990-02-26,64.0,32930.0,60.75,62.38,60.63,62.38,21255600.0,3.29,0.03785488958990535,21255.6,63.0,0.0922972106444373,0.1200000000000001,0.027702789355562807,0.1200000000000001,1.4439183878840778,3.44,0.05274126322539275,,43836.70464233124,0.0,144222.75827326978,3.2040317409426096,3.29,3.1977027893555627,3.29,143668.1222707423,0.0,0.0,0.0,0.0,0.21812406623038708,2.4968849563752524,1.8171022160804162
1990-03-05,65.0,32937.0,62.38,63.0,61.38,62.63,15830400.0,3.31,0.006079027355623046,15830.4,64.0,0.08561711639789227,0.03955452658470371,0.04606258981318856,0.08561711639789227,1.3712947835972698,3.44,0.05285007185055085,,43836.70464233124,0.0,145099.4923661164,3.296787482037362,3.3295545265847037,3.2439374101868115,3.31,144541.48471615714,0.0,0.0,0.0,0.0,0.2179071401153664,2.5103541009310972,1.8171022160804162
1990-03-12,66.0,32944.0,62.25,64.12,61.75,64.0,19495900.0,3.38,0.02114803625377637,19495.9,65.0,0.12516562500000017,0.07633750000000017,0.048828125,0.12516562500000017,1.314040896666422,3.44,0.0528125,,43836.70464233124,0.0,148168.06169107958,3.287578125,3.3863375000000002,3.261171875,3.38,147598.25327510908,0.0,0.0,0.0,0.0,0.22128793950715048,2.5145850292809047,1.8171022160804162
1990-03-19,67.0,32951.0,63.63,65.25,62.88,63.75,15336900.0,3.37,-0.002958579881656709,15336.9,66.0,0.12528470588235274,0.06929411764705895,0.05599058823529379,0.12528470588235274,1.2494196690931256,3.44,0.05286274509803922,,43836.70464233124,0.0,147729.6946446563,3.3636564705882357,3.449294117647059,3.324009411764706,3.37,147161.57205240167,0.0,0.0,0.0,0.0,0.22252645906750773,2.524903364526353,1.8171022160804162
1990-03-26,68.0,32958.0,63.88,65.0,63.75,64.25,13383100.0,3.39,0.005934718100890191,13383.1,67.0,0.06595330739299632,0.05957198443579781,0.00638132295719851,0.06595330739299632,1.0765233439742323,3.44,0.05276264591439689,,43836.70464233124,0.0,148606.42873750292,3.3704778210116735,3.429571984435798,3.3636186770428016,3.39,148034.93449781652,0.0,0.0,0.0,0.0,0.2215643908619578,2.5426743886987646,1.8171022160804162
1990-04-02,69.0,32965.0,63.88,65.25,63.63,64.37,12663100.0,3.4,0.002949852507374562,12663.1,68.0,0.08556781109212341,0.05648128009942477,0.029086530992698645,0.08556781109212341,1.0328456531949002,3.44,0.05281963647661954,,43836.70464233124,0.0,149044.7957839262,3.374118378126456,3.446481280099425,3.3609134690073015,3.4,148471.61572052393,0.0,0.0,0.0,0.0,0.22228251875474636,2.5547815079911835,1.8171022160804162
1990-04-09,70.0,32972.0,64.25,66.25,64.25,66.0,11300400.0,3.48,0.0235294117647058,11300.4,69.0,0.10545454545454547,0.09318181818181825,0.012272727272727213,0.10545454545454547,1.0191873308409258,3.48,0.05272727272727273,,43836.70464233124,0.0,152551.73215531273,3.3877272727272727,3.493181818181818,3.3877272727272727,3.48,151965.0655021833,0.0,0.0,0.0,0.0,0.2182132298517338,2.5847108278096904,1.8171022160804162
1990-04-16,71.0,32979.0,66.75,67.25,64.87,65.5,18170600.0,3.46,-0.005747126436781658,18170.6,70.0,0.12572213740457983,0.072442748091603,0.05327938931297682,0.12572213740457983,1.04239113942666,3.48,0.05282442748091603,BUY,43836.70464233124,0.0,151674.9980624661,3.526030534351145,3.552442748091603,3.426720610687023,3.46,151091.70305676846,0.0,0.0,0.0,0.0,0.2150497638961922,2.6101804683083003,1.8171022160804162
1990-04-23,72.0,32986.0,65.25,65.37,63.88,63.88,15211900.0,3.37,-0.026011560693641522,15211.9,71.0,0.07860519724483428,0.011394802755165578,0.08999999999999986,0.08999999999999986,1.0319613873605447,3.48,0.05275516593613024,,43836.70464233124,0.0,147729.6946446563,3.4422745773324985,3.4486051972448344,3.37,3.37,147161.57205240167,0.0,0.0,0.0,0.0,0.21130483265225194,2.6329574305644927,1.8171022160804162
1990-04-30,73.0,32993.0,63.88,65.37,63.75,65.37,12282200.0,3.45,0.023738872403560762,12282.2,72.0,0.08549793483249246,0.08000000000000007,0.0054979348324923905,0.08549793483249246,0.9936257593966473,3.48,0.05277650298301973,,43836.70464233124,0.0,151236.63101604278,3.3713630105553007,3.45,3.3645020651675077,3.45,150655.02183406104,0.0,0.0,0.0,0.0,0.21292110181439106,2.6413557820493883,1.8171022160804162
1990-05-07,74.0,33000.0,65.12,68.25,65.12,68.12,17526700.0,3.6,0.04347826086956519,17526.7,73.0,0.16541397533763957,0.15687022900763337,0.008543746330006208,0.16541397533763957,1.0822889359963666,3.6,0.05284791544333529,,43836.70464233124,0.0,157812.13671239247,3.441456253669994,3.6068702290076335,3.441456253669994,3.6,157205.2401746724,0.0,0.0,0.0,0.0,0.22027482698917153,2.6383373227709743,1.8171022160804162
1990-05-14,75.0,33007.0,68.25,69.25,67.37,68.12,21617000.0,3.6,0.0,21617.0,74.0,0.0993540810334701,0.05971814445096868,0.03963593658250142,0.0993540810334701,1.053609442700222,3.6,0.05284791544333529,BUY,43836.70464233124,0.0,157812.13671239247,3.6068702290076335,3.6597181444509688,3.5603640634174987,3.6,157205.24017467242,0.0,0.0,0.0,0.0,0.22554132119617604,2.6412686482290724,1.8171022160804162
1990-05-21,76.0,33014.0,68.0,69.5,67.87,68.37,16995600.0,3.61,0.002777777777777768,16995.6,75.0,0.08606552581541616,0.06966505777387733,0.01640046804153883,0.08606552581541616,1.0100325759591813,3.6100000000000003,0.05280093608307737,BUY,43836.70464233124,0.0,158250.5037588158,3.590463653649261,3.6696650577738774,3.5835995319584613,3.6100000000000003,157641.92139737986,0.0,0.0,0.0,0.0,0.23107333034690813,2.6428044790107794,1.8171022160804162
1990-05-29,77.0,33022.0,68.25,70.12,68.25,69.5,15895500.0,3.69,0.02216066481994461,15895.5,76.0,0.0992848920863314,0.11291798561151056,0.013633093525179163,0.11291798561151056,1.0622155517575305,3.69,0.05309352517985611,BUY,43836.70464233124,0.0,161757.44013020227,3.6236330935251795,3.722917985611511,3.6236330935251795,3.69,161135.3711790392,0.0,0.0,0.0,0.0,0.23913237978671892,2.639730026142959,1.8171022160804162
1990-06-04,78.0,33028.0,69.5,70.37,68.37,68.5,11590800.0,3.64,-0.013550135501354976,11590.8,77.0,0.1062773722627739,0.04936934306569407,0.056908029197079824,0.1062773722627739,1.0852261752804755,3.69,0.053138686131386864,BUY,43836.70464233124,0.0,159565.60489808573,3.693138686131387,3.739369343065694,3.63309197080292,3.64,158951.9650655021,0.0,0.0,0.0,0.0,0.24466782347286384,2.6407694657080842,1.8171022160804162
1990-06-11,79.0,33035.0,68.25,70.75,68.25,70.12,17038000.0,3.73,0.024725274725274637,17038.0,78.0,0.1329863091842558,0.12351254991443206,0.009473759269823745,0.1329863091842558,1.1158170238690426,3.73,0.05319452367370222,,43836.70464233124,0.0,163510.90831589553,3.6305262407301764,3.763512549914432,3.6305262407301764,3.73,162882.0960698689,0.0,0.0,0.0,0.0,0.25235476383311645,2.639113090417209,1.8171022160804162
1990-06-18,80.0,33042.0,69.87,71.12,69.0,69.37,13949700.0,3.69,-0.01072386058981234,13949.7,79.0,0.11276920859161033,0.053087790110998956,0.05968141848061137,0.11276920859161033,1.1014248807435207,3.73,0.05319302292057085,BUY,43836.70464233124,0.0,161757.44013020227,3.7165965114602852,3.783087790110999,3.6703185815193886,3.69,161135.37117903918,0.0,0.0,0.0,0.0,0.2542535235811282,2.6531466788520577,1.8171022160804162
1990-06-25,81.0,33049.0,69.62,70.0,68.75,69.25,12232500.0,3.68,-0.0027100271002709064,12232.5,80.0,0.06642599277978345,0.02985559566787055,0.0365703971119129,0.06642599277978345,1.0752315393877248,3.73,0.05314079422382672,,43836.70464233124,0.0,161319.073083779,3.6996620938628166,3.7198555956678705,3.653429602888087,3.68,160698.68995633177,0.0,0.0,0.0,0.0,0.2557986641354127,2.666844803076103,1.8171022160804162
1990-07-02,82.0,33056.0,69.37,71.37,69.37,70.62,11358300.0,3.75,0.01902173913043481,11358.3,81.0,0.10620220900594735,0.1098258283772302,0.00362361937128286,0.1098258283772302,1.102262532215211,3.75,0.05310110450297366,,43836.70464233124,0.0,164387.64240874216,3.683623619371283,3.7898258283772304,3.683623619371283,3.75,163755.45851528374,0.0,0.0,0.0,0.0,0.2568708418393618,2.6846521636942793,1.8171022160804162
1990-07-09,83.0,33063.0,70.87,75.5,70.62,74.87,19675200.0,3.98,0.06133333333333324,19675.2,82.0,0.2594149859756909,0.26349004941899246,0.004075063443301552,0.26349004941899246,1.2112359478611587,3.98,0.05315880860157606,BUY,43836.70464233124,0.0,174470.08447647834,3.7673647655936957,4.0134900494189925,3.7540750634433016,3.98,173799.12663755447,0.0,0.0,0.0,0.0,0.26850545886372357,2.6809314747919104,1.8171022160804162
1990-07-16,84.0,33070.0,74.75,75.37,73.75,74.0,16562400.0,3.93,-0.012562814070351758,16562.4,83.0,0.08603513513513539,0.0227581081081083,0.06327702702702709,0.08603513513513539,1.1964371190852314,3.98,0.05310810810810811,BUY,43836.70464233124,0.0,172278.24924436177,3.969831081081081,4.002758108108108,3.916722972972973,3.9299999999999997,171615.72052401732,0.0,0.0,0.0,0.0,0.2787569074379586,2.6765223655514454,1.8171022160804162
1990-07-23,85.0,33077.0,73.62,73.87,69.62,72.0,22194900.0,3.83,-0.025445292620865145,22194.9,84.0,0.22607638888888903,0.0005263888888880075,0.22660277777777704,0.22660277777777704,1.3525896212656323,3.98,0.05319444444444445,,43836.70464233124,0.0,167894.57878012865,3.9161750000000004,3.9294736111111117,3.7033972222222227,3.83,167248.90829694312,0.0,0.0,0.0,0.0,0.27384802795569363,2.713184808159547,1.8171022160804162
1990-07-30,86.0,33084.0,71.75,72.5,66.75,69.75,22397000.0,3.71,-0.031331592689295085,22397.0,85.0,0.30584229390681017,0.026272401433691694,0.2795698924731185,0.30584229390681017,1.5669499638159654,3.98,0.05318996415770609,,43836.70464233124,0.0,162634.1742230489,3.816379928315412,3.8562724014336918,3.5504301075268816,3.71,162008.73362445403,0.0,0.0,0.0,0.0,0.26858033360217354,2.744890629409201,1.8171022160804162
1990-08-06,87.0,33091.0,65.75,68.37,65.62,66.62,23983600.0,3.54,-0.04582210242587603,23983.6,86.0,0.14612728910237127,0.07700990693485465,0.22313719603722593,0.22313719603722593,1.6967942124542454,3.98,0.05313719603722605,,43836.70464233124,0.0,155181.9344338526,3.493770639447613,3.6329900930651453,3.486862803962774,3.54,154585.15283842784,0.0,0.0,0.0,0.0,0.2502106191910622,2.8091075983638083,1.8171022160804162
1990-08-13,88.0,33098.0,66.37,68.25,63.0,64.0,22365300.0,3.4,-0.039548022598870136,22365.3,87.0,0.2789062499999999,0.0857812499999997,0.1931250000000002,0.2789062499999999,1.8589274800272944,3.98,0.053125,,43836.70464233124,0.0,149044.7957839262,3.5259062500000002,3.6257812499999997,3.346875,3.4,148471.6157205239,0.0,0.0,0.0,0.0,0.22934041418817444,2.875917257212492,1.8171022160804162
1990-08-20,89.0,33105.0,63.75,64.62,57.75,61.38,29986500.0,3.26,-0.04117647058823537,29986.5,88.0,0.3648778103616812,0.032082111436949834,0.3327956989247314,0.3648778103616812,2.1390481486607063,3.98,0.053111762789182136,,43836.70464233124,0.0,142907.65713399983,3.385874877810361,3.4320821114369497,3.0672043010752685,3.26,142358.07860261996,0.0,0.0,0.0,0.0,0.21050405499265099,2.9332520576403236,1.8171022160804162
1990-08-27,90.0,33112.0,63.38,64.37,60.88,62.0,17990100.0,3.3,0.012269938650306678,17990.1,89.0,0.18575806451612875,0.16614516129032264,0.01961290322580611,0.18575806451612875,2.2716393394788676,3.98,0.0532258064516129,,43836.70464233124,0.0,144661.1253196931,3.3734516129032257,3.4261451612903224,3.2403870967741937,3.3,144104.80349344967,0.0,0.0,0.0,0.0,0.20390214727484196,2.9548787781543586,1.8171022160804162
1990-09-04,91.0,33120.0,61.38,61.38,59.63,60.63,18648000.0,3.22,-0.024242424242424176,18648.0,90.0,0.09294078838858644,0.04016823354774823,0.13310902193633467,0.13310902193633467,2.2975095545445394,3.98,0.05310902193633515,,43836.70464233124,0.0,141154.1889483066,3.2598317664522516,3.2598317664522516,3.166890978063665,3.22,140611.3537117903,0.0,0.0,0.0,0.0,0.2007478581654197,2.964959622879133,1.8171022160804162
1990-09-10,92.0,33126.0,61.63,62.38,59.13,59.5,14248000.0,3.16,-0.018633540372670843,14248.0,91.0,0.17260504201680682,0.09295462184873937,0.07965042016806745,0.17260504201680682,2.1965262129865555,3.98,0.05310924369747899,,43836.70464233124,0.0,138523.98666976675,3.27312268907563,3.3129546218487396,3.1403495798319327,3.16,137991.26637554576,0.0,0.0,0.0,0.0,0.20450721375028816,2.9523905022096453,1.8171022160804162
1990-09-17,93.0,33133.0,59.0,59.75,53.75,55.88,31298100.0,3.0,-0.05063291139240511,31298.1,92.0,0.3221188260558341,0.047766642806012616,0.27435218324982147,0.3221188260558341,2.458841425120665,3.98,0.05368647100930565,,43836.70464233124,0.0,131510.11392699374,3.1675017895490334,3.2077666428060128,2.8856478167501787,3.0,131004.36681222699,0.0,0.0,0.0,0.0,0.21548445757748394,2.9173864170319,1.8171022160804162
1990-09-24,94.0,33140.0,55.13,56.0,50.25,54.5,27374600.0,2.92,-0.026666666666666727,27374.6,93.0,0.3080733944954126,0.00036697247706385383,0.30770642201834875,0.3080733944954126,2.549364332584705,3.98,0.053577981651376144,,43836.70464233124,0.0,128003.17755560722,2.9537541284403668,3.000366972477064,2.6922935779816513,2.92,127510.9170305676,0.0,0.0,0.0,0.0,0.23052561310759315,2.8688079184505293,1.8171022160804162
1990-10-01,95.0,33147.0,54.5,57.38,52.63,54.25,19787500.0,2.91,-0.003424657534246478,19787.5,94.0,0.2547926267281104,0.15789493087557638,0.09689769585253405,0.2547926267281104,2.4926424801639273,3.98,0.05364055299539171,,43836.70464233124,0.0,127564.81050918392,2.923410138248848,3.0778949308755763,2.823102304147466,2.91,127074.23580786018,0.0,0.0,0.0,0.0,0.2444316210530337,2.823555093708879,1.8171022160804162
1990-10-08,96.0,33154.0,55.13,55.13,51.13,53.0,19952400.0,2.84,-0.024054982817869552,19952.4,95.0,0.21433962264150974,0.04413584905660395,0.1702037735849058,0.21433962264150974,2.4828673986131315,3.98,0.05358490566037736,,43836.70464233124,0.0,124496.24118422072,2.954135849056604,2.954135849056604,2.7397962264150943,2.84,124017.4672489082,0.0,0.0,0.0,0.0,0.26100706443677524,2.768945753542208,1.8171022160804162
1990-10-15,97.0,33161.0,53.25,55.75,51.0,55.5,24598500.0,2.98,0.04929577464788748,24598.5,96.0,0.255045045045045,0.15342342342342352,0.10162162162162147,0.255045045045045,2.4563549486631815,3.98,0.05369369369369369,,43836.70464233124,0.0,130633.3798341471,2.859189189189189,2.9934234234234234,2.7383783783783784,2.98,130131.00436681214,0.0,0.0,0.0,0.0,0.26971066525190407,2.735967239309264,1.8171022160804162
1990-10-22,98.0,33168.0,54.0,54.63,50.13,50.5,26499100.0,2.71,-0.09060402684563762,26499.1,97.0,0.24148514851485148,0.04837029702970286,0.28985544554455434,0.28985544554455434,2.3729967655330406,3.98,0.05366336633663366,,43836.70464233124,0.0,118797.46958071766,2.8978217821782177,2.931629702970297,2.6901445544554456,2.71,118340.6113537117,0.0,0.0,0.0,0.0,0.29024841152472264,2.6699887272857543,1.8171022160804162
1990-10-29,99.0,33175.0,50.75,53.13,50.0,53.0,20982400.0,2.84,0.047970479704797064,20982.4,98.0,0.16772075471698145,0.13696603773584926,0.03075471698113219,0.16772075471698145,2.3529553102006546,3.98,0.05358490566037736,,43836.70464233124,0.0,124496.24118422072,2.719433962264151,2.846966037735849,2.6792452830188678,2.84,124017.4672489082,0.0,0.0,0.0,0.0,0.30263251088547954,2.625369942298497,1.8171022160804162
1990-11-05,100.0,33182.0,53.0,54.25,51.25,53.75,16155300.0,2.88,0.014084507042253502,16155.3,99.0,0.1607441860465113,0.06679069767441836,0.09395348837209294,0.1607441860465113,2.383661048100851,3.98,0.053581395348837206,,43836.70464233124,0.0,126249.70936991397,2.8398139534883717,2.9067906976744182,2.746046511627907,2.88,125764.1921397379,0.0,0.0,0.0,0.0,0.31198640126559596,2.592473021226254,1.8171022160804162
1990-11-12,101.0,33189.0,54.5,56.25,54.25,55.38,19907000.0,2.97,0.03125,19907.0,100.0,0.10725893824485366,0.13665763813651166,0.029398699891657998,0.13665763813651166,2.343719488233856,3.98,0.05362946912242687,,43836.70464233124,0.0,130195.0127877238,2.9228060671722647,3.0166576381365116,2.909398699891658,2.97,129694.32314410472,0.0,0.0,0.0,0.0,0.3175130157482427,2.5720711191659786,1.8171022160804162
1990-11-19,102.0,33196.0,55.25,55.38,52.38,53.63,15337800.0,2.87,-0.03367003367003374,15337.8,101.0,0.16054447137796002,0.00634905836285693,0.16689352974081695,0.16689352974081695,2.171246936772726,3.98,0.05351482379265336,,43836.70464233124,0.0,125811.34232349067,2.956694014544098,2.9636509416371433,2.8031064702591832,2.87,125327.5109170305,0.0,0.0,0.0,0.0,0.3265273450710089,2.53880358854199,1.8171022160804162
1990-11-26,103.0,33203.0,53.0,55.13,52.13,54.75,18667600.0,2.93,0.020905923344947785,18667.6,102.0,0.16054794520547944,0.08033607305936075,0.08021187214611869,0.16054794520547944,2.0073297708950224,3.98,0.05351598173515982,,43836.70464233124,0.0,128441.54460203055,2.8363470319634705,2.950336073059361,2.7897881278538814,2.93,127947.59825327502,0.0,0.0,0.0,0.0,0.3327126086465756,2.5155355515542928,1.8171022160804162
1990-12-03,104.0,33210.0,54.75,58.5,54.38,57.5,23606600.0,3.11,0.06143344709897591,23606.6,103.0,0.22283826086956493,0.23408695652173872,0.01124869565217379,0.23408695652173872,1.9843234706657207,3.98,0.05408695652173913,,43836.70464233124,0.0,136332.15143765014,2.9612608695652174,3.164086956521739,2.941248695652174,3.11,135807.86026200865,0.0,0.0,0.0,0.0,0.33362002345120795,2.5118035999085664,1.8171022160804162
1990-12-10,105.0,33217.0,57.13,57.5,54.75,55.63,15150200.0,3.01,-0.032154340836012874,15150.2,104.0,0.14879561387740425,0.0011810174366346793,0.14761459644076957,0.14879561387740425,1.9114967942611591,3.98,0.05410749595541973,,43836.70464233124,0.0,131948.48097341703,3.0911612439331293,3.1111810174366346,2.9623854035592303,3.01,131441.0480349344,0.0,0.0,0.0,0.0,0.33753630249600786,2.495183634003883,1.8171022160804162
1990-12-17,106.0,33224.0,55.25,58.38,54.75,58.0,20267000.0,3.14,0.04318936877076429,20267.0,105.0,0.19652068965517255,0.15057241379310415,0.0459482758620684,0.19652068965517255,1.8464697327168564,3.98,0.054137931034482764,,43836.70464233124,0.0,137647.25257692012,2.9911206896551725,3.160572413793104,2.9640517241379314,3.14,137117.9039301309,0.0,0.0,0.0,0.0,0.3389087361951052,2.4876062082927244,1.8171022160804162
1990-12-24,107.0,33231.0,57.75,58.0,57.0,57.38,5211300.0,3.1,-0.01273885350318471,5211.3,106.0,0.05402579295921939,0.006504008365284086,0.060529801324503474,0.060529801324503474,1.5916634613612444,3.98,0.05402579295921924,,43836.70464233124,0.0,135893.78439122686,3.119989543394911,3.133495991634716,3.0794701986754967,3.1,135371.17903930123,0.0,0.0,0.0,0.0,0.3407468090303559,2.476181757911915,1.8171022160804162
1990-12-31,108.0,33238.0,57.5,57.63,54.5,54.63,14556900.0,2.96,-0.04516129032258065,14556.9,107.0,0.1695917993776317,0.022548050521691287,0.1470437488559404,0.1695917993776317,1.593742399873078,3.98,0.054182683507230454,,43836.70464233124,0.0,129756.64574130047,3.115504301665751,3.1225480505216914,2.9529562511440597,2.96,129257.6419213973,0.0,0.0,0.0,0.0,0.3453539683775478,2.4546638595439356,1.8171022160804162
1991-01-07,109.0,33245.0,54.25,56.13,53.5,54.0,17796900.0,2.92,-0.013513513513513487,17796.9,108.0,0.1422148148148148,0.07517777777777779,0.067037037037037,0.1422148148148148,1.5731542096156372,3.98,0.05407407407407407,,43836.70464233124,0.0,128003.17755560722,2.9335185185185186,3.0351777777777778,2.892962962962963,2.92,127510.9170305676,0.0,0.0,0.0,0.0,0.3505369383555635,2.4302430199647502,1.8171022160804162
1991-01-14,110.0,33252.0,53.25,58.38,53.0,57.88,27447100.0,3.13,0.07191780821917804,27447.1,109.0,0.29093642017968246,0.2370387007601935,0.053897719419488954,0.29093642017968246,1.7445750785524938,3.98,0.054077401520387,,43836.70464233124,0.0,137208.88553049677,2.879621630960608,3.1570387007601934,2.866102280580511,3.13,136681.2227074235,0.0,0.0,0.0,0.0,0.3512555875781636,2.4218610310545903,1.8171022160804162
1991-01-21,111.0,33259.0,57.13,60.13,56.38,59.88,21986800.0,3.24,0.03514376996805124,21986.8,110.0,0.20290581162324672,0.12352705410821674,0.07937875751502999,0.20290581162324672,1.7845887250885268,3.98,0.05410821643286573,,43836.70464233124,0.0,142030.92304115323,3.091202404809619,3.2535270541082166,3.05062124248497,3.24,141484.71615720517,0.0,0.0,0.0,0.0,0.3502053447082503,2.4186329796927892,1.8171022160804162
1991-01-28,112.0,33266.0,60.0,64.62,59.88,64.0,23208400.0,3.46,0.06790123456790109,23208.4,111.0,0.2562562500000003,0.25351875,0.0027375000000002814,0.2562562500000003,1.8909312859713279,3.98,0.0540625,,43836.70464233124,0.0,151674.9980624661,3.24375,3.4935187500000002,3.2372625,3.46,151091.70305676849,0.0,0.0,0.0,0.0,0.3502053447082503,2.4186329796927892,1.8171022160804162
1991-02-04,113.0,33273.0,64.0,66.87,63.63,65.25,23903200.0,3.53,0.02023121387283222,23903.2,112.0,0.17528275862068954,0.15764137931034483,0.017641379310344707,0.17528275862068954,1.8255932883034953,3.98,0.05409961685823755,,43836.70464233124,0.0,154743.56738742927,3.462375478927203,3.617641379310345,3.4423586206896553,3.53,154148.47161572045,0.0,0.0,0.0,0.0,0.35191614516844627,2.418258417566689,1.8171022160804162
1991-02-11,114.0,33280.0,65.0,70.0,64.62,69.62,29740500.0,3.77,0.06798866855524088,29740.5,113.0,0.2913329503016371,0.2605774202815283,0.03075553002010878,0.2913329503016371,1.9839681065526429,3.98,0.05415110600402183,,43836.70464233124,0.0,165264.3765015888,3.5198218902614187,3.790577420281528,3.499244469979891,3.77,164628.82096069862,0.0,0.0,0.0,0.0,0.35868306282815976,2.409146001466186,1.8171022160804162
1991-02-19,115.0,33288.0,69.75,71.0,68.0,69.25,22787100.0,3.75,-0.0053050397877983935,22787.1,114.0,0.16245487364620947,0.0747653429602888,0.08768953068592067,0.16245487364620947,1.9461171998760174,3.98,0.05415162454873646,,43836.70464233124,0.0,164387.64240874216,3.777075812274368,3.844765342960289,3.6823104693140793,3.75,163755.45851528377,0.0,0.0,0.0,0.0,0.36241029988266205,2.4034864454152953,1.8171022160804162
1991-02-25,116.0,33294.0,70.12,70.5,67.25,68.87,21754800.0,3.75,0.0,21754.8,115.0,0.1769638449252211,0.08875417453172618,0.08820967039349492,0.1769638449252211,2.07548835943237,3.98,0.054450413823145055,,43836.70464233124,0.0,164387.64240874216,3.8180630172789316,3.838754174531726,3.661790329606505,3.75,163755.45851528377,0.0,0.0,0.0,0.0,0.3660630295214119,2.3980131579037867,1.8171022160804162
1991-03-04,117.0,33301.0,68.75,70.12,66.5,66.75,17799300.0,3.64,-0.029333333333333322,17799.3,116.0,0.1974052434456932,0.07377228464419483,0.12363295880149838,0.1974052434456932,2.1063921861746606,3.98,0.05453183520599251,,43836.70464233124,0.0,159565.60489808573,3.749063670411985,3.823772284644195,3.6263670411985016,3.64,158951.96506550213,0.0,0.0,0.0,0.0,0.36668507155510727,2.3971897601366208,1.8171022160804162
1991-03-11,118.0,33308.0,66.87,70.12,66.75,68.62,21097200.0,3.74,0.027472527472527597,21097.2,117.0,0.18367531331973197,0.18175459049839704,0.0019207228213349303,0.18367531331973197,2.1524594067356797,3.98,0.054503060332264645,,43836.70464233124,0.0,163949.27536231885,3.6446196444185373,3.821754590498397,3.638079277178665,3.74,163318.77729257636,0.0,0.0,0.0,0.0,0.3680145937669685,2.39508546680209,1.8171022160804162
1991-03-18,119.0,33315.0,68.37,69.37,65.5,66.25,14643300.0,3.61,-0.03475935828877019,14643.3,118.0,0.21087849056603813,0.040010566037735895,0.17086792452830224,0.21087849056603813,2.0635061516094084,3.98,0.054490566037735846,,43836.70464233124,0.0,158250.5037588158,3.72552,3.780010566037736,3.569132075471698,3.61,157641.92139737983,0.0,0.0,0.0,0.0,0.3673972315607123,2.3958971650006577,1.8171022160804162
1991-03-25,120.0,33322.0,66.62,70.5,66.62,69.62,14245500.0,3.8,0.05263157894736836,14245.5,119.0,0.21177822464808926,0.23803217466245297,0.026253950014363703,0.23803217466245297,2.102535443875193,3.98,0.054582016661878764,,43836.70464233124,0.0,166579.4776408587,3.6362539500143636,3.848032174662453,3.6362539500143636,3.8,165938.86462882085,0.0,0.0,0.0,0.0,0.3694813639234449,2.392394151166998,1.8171022160804162
1991-04-01,121.0,33329.0,69.62,72.87,69.5,70.87,19266200.0,3.86,0.015789473684210575,19266.2,120.0,0.18355016226894305,0.1689318470438832,0.014618315225059852,0.18355016226894305,2.0217509019517963,3.98,0.05446592352194158,,43836.70464233124,0.0,169209.6799193986,3.7919175955975732,3.968931847043883,3.78538168477494,3.86,168558.9519650654,0.0,0.0,0.0,0.0,0.3745728481355537,2.3838117821001403,1.8171022160804162
1991-04-08,122.0,33336.0,71.37,73.5,71.0,73.0,13549600.0,3.98,0.031088082901554515,13549.6,121.0,0.13630136986301356,0.14726027397260255,0.010958904109588996,0.14726027397260255,1.9906148078983663,3.98,0.05452054794520548,,43836.70464233124,0.0,174470.08447647834,3.891131506849315,4.007260273972602,3.870958904109589,3.98,173799.1266375545,0.0,0.0,0.0,0.0,0.38433204957530076,2.3667308516715044,1.8171022160804162
1991-04-15,123.0,33343.0,73.37,75.75,72.75,74.37,19057600.0,4.05,0.017587939698492372,19057.6,122.0,0.16337232755143205,0.1451512706736584,0.018221056877773645,0.16337232755143205,1.8484363381759161,4.05,0.054457442517144,BUY,43836.70464233124,0.0,177538.6538014415,3.995542557482856,4.125151270673658,3.9617789431222263,4.05,176855.89519650646,0.0,0.0,0.0,0.0,0.395012330472686,2.3473472225987724,1.8484363381759161
1991-04-22,124.0,33350.0,74.0,74.25,70.5,71.75,10894800.0,3.91,-0.03456790123456788,10894.8,123.0,0.2043554006968642,0.003763066202090215,0.2081184668989544,0.2081184668989544,1.8991736640122994,4.05,0.054494773519163764,BUY,43836.70464233124,0.0,171401.51515151517,4.032613240418119,4.04623693379791,3.8418815331010454,3.91,170742.35807860253,0.0,0.0,0.0,0.0,0.392362693239063,2.352263998609659,1.8991736640122994
1991-04-29,125.0,33357.0,71.75,73.25,69.87,72.62,13315900.0,3.96,0.012787723785166127,13315.9,124.0,0.18431286147066883,0.08435417240429555,0.09995868906637329,0.18431286147066883,1.9073392379516858,4.05,0.05453043238777196,,43836.70464233124,0.0,173593.3503836317,3.912558523822638,3.9943541724042957,3.810041310933627,3.96,172925.7641921396,0.0,0.0,0.0,0.0,0.39350134377792056,2.3501490795795883,1.8991736640122994
1991-05-06,126.0,33364.0,72.5,74.12,71.12,71.25,11812500.0,3.88,-0.02020202020202022,11812.5,125.0,0.16336842105263205,0.07628912280701794,0.08707929824561411,0.16336842105263205,1.86952054640384,4.05,0.05445614035087719,,43836.70464233124,0.0,170086.41401224522,3.948070175438596,4.036289122807018,3.872920701754386,3.88,169432.3144104802,0.0,0.0,0.0,0.0,0.3951111109624132,2.347344173813479,1.8991736640122994
1991-05-13,127.0,33371.0,71.75,72.12,69.62,71.5,14633000.0,3.9,0.005154639175257714,14633.0,126.0,0.13636363636363624,0.05381818181818199,0.08254545454545426,0.13636363636363624,1.8169520164526225,4.05,0.05454545454545454,,43836.70464233124,0.0,170963.14810509185,3.9136363636363636,3.933818181818182,3.7974545454545456,3.9,170305.67685589503,0.0,0.0,0.0,0.0,0.4005574640111204,2.3383624375331733,1.8991736640122994
1991-05-20,128.0,33378.0,71.87,73.37,71.25,73.0,10102800.0,3.98,0.02051282051282044,10102.8,127.0,0.11558356164383632,0.10017260273972672,0.015410958904109595,0.11558356164383632,1.7110687620946206,4.05,0.05452054794520548,,43836.70464233124,0.0,174470.08447647834,3.918391780821918,4.000172602739727,3.8845890410958903,3.98,173799.1266375544,0.0,0.0,0.0,0.0,0.41152275946610306,2.3216809062127903,1.8991736640122994
1991-05-28,129.0,33386.0,73.25,77.37,73.0,77.25,19871400.0,4.24,0.0653266331658291,19871.4,128.0,0.23985501618123006,0.2665864077669906,0.026731391585760544,0.2665864077669906,1.7427956877663289,4.24,0.054886731391585765,,43836.70464233124,0.0,185867.6276834845,4.020453074433657,4.246586407766991,4.0067313915857605,4.24,185152.8384279474,0.0,0.0,0.0,0.0,0.4337854076532852,2.2865120906228835,1.8991736640122994
1991-06-03,130.0,33392.0,77.0,77.62,73.62,74.12,14595100.0,4.07,-0.04009433962264153,14595.1,129.0,0.21964382083108536,0.022188343227199425,0.19745547760388593,0.21964382083108536,1.782899752835376,4.24,0.05491095520777118,BUY,43836.70464233124,0.0,178415.38789428817,4.2281435509983805,4.2621883432272,4.042544522396114,4.07,177729.2576419212,0.0,0.0,0.0,0.0,0.4465389407207543,2.274384355515187,1.8991736640122994
1991-06-10,131.0,33399.0,74.25,75.75,73.62,75.62,11756600.0,4.15,0.019656019656019597,11756.6,130.0,0.11689367892092051,0.0871343559904787,0.02975932293044181,0.11689367892092051,1.7491590916668405,4.24,0.054879661465220844,,43836.70464233124,0.0,181922.32426567466,4.074814863792648,4.157134355990479,4.0402406770695585,4.15,181222.70742358058,0.0,0.0,0.0,0.0,0.46133190515104805,2.2581336517565256,1.8991736640122994
1991-06-17,132.0,33406.0,75.62,75.62,73.75,75.0,13709200.0,4.12,-0.0072289156626507145,13709.2,131.0,0.10272533333333378,0.004058666666666433,0.09866666666666735,0.10272533333333378,1.6817735425356202,4.24,0.054933333333333334,,43836.70464233124,0.0,180607.22312640472,4.154058666666667,4.154058666666667,4.051333333333333,4.12,179912.66375545828,0.0,0.0,0.0,0.0,0.4729647527531196,2.251002752263542,1.8991736640122994
1991-06-24,133.0,33413.0,74.75,74.75,72.87,74.0,12344600.0,4.06,-0.01456310679611661,12344.6,132.0,0.10314594594594517,0.018851351351352186,0.12199729729729736,0.12199729729729736,1.5860833540893347,4.24,0.05486486486486486,,43836.70464233124,0.0,177977.02084786483,4.101148648648648,4.101148648648648,3.9980027027027027,4.06,177292.57641921373,0.0,0.0,0.0,0.0,0.4805895645618298,2.2538919422539623,1.8991736640122994
1991-07-01,134.0,33420.0,74.5,75.37,73.5,73.75,11079900.0,4.05,-0.0024630541871920597,11079.9,133.0,0.1026915254237295,0.07896271186440718,0.023728813559322326,0.1026915254237295,1.4953929807038464,4.24,0.05491525423728813,,43836.70464233124,0.0,177538.6538014415,4.091186440677966,4.138962711864407,4.036271186440677,4.05,176855.89519650632,0.0,0.0,0.0,0.0,0.4836084128363401,2.271954577665248,1.8991736640122994
1991-07-08,135.0,33427.0,73.37,75.75,73.0,75.25,12175900.0,4.13,0.01975308641975304,12175.9,134.0,0.15093023255813964,0.10744186046511661,0.04348837209302303,0.15093023255813964,1.4815727712655213,4.24,0.054883720930232555,,43836.70464233124,0.0,181045.59017282803,4.0268186046511625,4.157441860465116,4.006511627906977,4.13,180349.3449781657,0.0,0.0,0.0,0.0,0.4853912237517045,2.2970097454987877,1.8991736640122994
1991-07-15,136.0,33434.0,75.0,75.62,71.62,73.62,20176800.0,4.04,-0.021791767554479424,20176.8,135.0,0.2195055691388208,0.019752784569410764,0.19975278456941004,0.2195055691388208,1.5739526965712822,4.24,0.05487639228470524,,43836.70464233124,0.0,177100.28675501823,4.115729421352893,4.149752784569411,3.93024721543059,4.04,176419.2139737989,0.0,0.0,0.0,0.0,0.4825856148594174,2.3315847433392616,1.8991736640122994
1991-07-22,137.0,33441.0,73.37,73.75,71.37,72.75,14951700.0,3.99,-0.012376237623762387,14951.7,136.0,0.13053195876288592,0.004845360824742073,0.12568659793814385,0.13053195876288592,1.5905620267035594,4.24,0.05484536082474227,,43836.70464233124,0.0,174908.45152290165,4.02400412371134,4.044845360824742,3.914313402061856,3.99,174235.8078602618,0.0,0.0,0.0,0.0,0.4745517939234875,2.379718076166891,1.8991736640122994
1991-07-29,138.0,33448.0,72.5,73.5,72.25,72.75,11765200.0,3.99,0.0,11765.2,137.0,0.06855670103092848,0.04113402061855709,0.027422680412371392,0.06855670103092848,1.3705290192190458,4.24,0.05484536082474227,,43836.70464233124,0.0,174908.45152290165,3.9762886597938145,4.031134020618557,3.962577319587629,3.99,174235.8078602618,0.0,0.0,0.0,0.0,0.4696775761945714,2.416537766830645,1.8991736640122994
1991-08-05,139.0,33455.0,72.62,74.5,71.5,73.62,13970800.0,4.04,0.012531328320801949,13970.8,138.0,0.16462917685411593,0.09829122521054057,0.06633795164357537,0.16462917685411593,1.3094016370224133,4.24,0.05487639228470524,,43836.70464233124,0.0,177100.28675501823,3.9851236077152947,4.088291225210541,3.923662048356425,4.04,176419.2139737989,0.0,0.0,0.0,0.0,0.4533745505052118,2.4897343554442877,1.8991736640122994
1991-08-12,140.0,33462.0,73.5,74.5,71.62,72.0,15698400.0,3.95,-0.022277227722772297,15698.4,139.0,0.15799999999999992,0.04715277777777782,0.1108472222222221,0.15799999999999992,1.3550753271102791,4.24,0.05486111111111111,,43836.70464233124,0.0,173154.98333720842,4.032291666666667,4.087152777777778,3.929152777777778,3.95,172489.08296943211,0.0,0.0,0.0,0.0,0.43870367689517653,2.553484710201084,1.8991736640122994
1991-08-19,141.0,33469.0,69.0,74.87,68.87,74.75,23313100.0,4.1,0.037974683544303556,23313.1,140.0,0.32909698996655523,0.15658193979933088,0.17251505016722435,0.32909698996655523,1.6065993900360809,4.24,0.05484949832775919,,43836.70464233124,0.0,179730.4890335581,3.784615384615384,4.106581939799331,3.777484949832776,4.1,179039.30131004343,0.0,0.0,0.0,0.0,0.42666031499336804,2.61334921251658,1.8991736640122994
1991-08-26,142.0,33476.0,74.75,75.62,74.12,74.87,9329500.0,4.11,0.0024390243902441266,9329.5,141.0,0.08234272739414994,0.05117136369707609,0.03117136369707385,0.08234272739414994,1.5625387568103615,4.24,0.05489515159609991,,43836.70464233124,0.0,180168.85607998143,4.103412581808469,4.151171363697076,4.068828636302926,4.11,179475.98253275087,0.0,0.0,0.0,0.0,0.41650996061711876,2.666529976505984,1.8991736640122994
1991-09-03,143.0,33484.0,74.87,75.37,70.75,70.87,17579100.0,3.89,-0.05352798053527985,17579.1,142.0,0.25358826019472325,0.027001552137717155,0.2265867080570061,0.25358826019472325,1.730201795444799,4.24,0.054889233808381545,,43836.70464233124,0.0,170524.78105866854,4.109556935233527,4.1370015521377175,3.8834132919429942,3.89,169868.99563318756,0.0,0.0,0.0,0.0,0.39566569031063514,2.7435187010526803,1.8991736640122994
1991-09-09,144.0,33490.0,70.75,71.0,67.37,67.87,20109800.0,3.72,-0.04370179948586117,20109.8,143.0,0.19896272285251193,0.0015573891262703476,0.19740533372624158,0.19896272285251193,1.7835712291052128,4.24,0.054810667452482684,,43836.70464233124,0.0,163072.54126947222,3.87785472226315,3.8915573891262705,3.6925946662737585,3.72,162445.41484716136,0.0,0.0,0.0,0.0,0.3747924271835376,2.81497015155335,1.8991736640122994
1991-09-16,145.0,33497.0,67.87,70.12,67.87,69.5,17704300.0,3.84,0.032258064516129004,17704.3,144.0,0.12431654676259019,0.1542561151079136,0.02993956834532341,0.1542561151079136,1.7110718357375378,4.24,0.055251798561151075,,43836.70464233124,0.0,168332.94582655196,3.7499395683453236,3.874256115107914,3.7499395683453236,3.84,167685.5895196504,0.0,0.0,0.0,0.0,0.36095731660965136,2.8673628060368466,1.8991736640122994
1991-09-23,146.0,33504.0,69.5,70.25,68.62,68.87,11343100.0,3.81,-0.0078125,11343.1,145.0,0.09017424132423368,0.046343836213154965,0.04383040511107872,0.09017424132423368,1.6662299274723689,4.24,0.05532162044431537,,43836.70464233124,0.0,167017.84468728205,3.844852620879918,3.886343836213155,3.796169594888921,3.81,166375.54585152815,0.0,0.0,0.0,0.0,0.34039711560428815,2.938275503672206,1.8991736640122994
1991-09-30,147.0,33511.0,69.0,70.75,68.37,68.37,12538000.0,3.78,-0.007874015748031593,12538.0,146.0,0.13158402808249203,0.10158402808249178,0.03000000000000025,0.13158402808249203,1.7362602908629952,4.24,0.05528740675734971,,43836.70464233124,0.0,165702.74354801208,3.81483106625713,3.911584028082492,3.78,3.78,165065.50218340586,0.0,0.0,0.0,0.0,0.3245719278486872,2.9934482291587696,1.8991736640122994
1991-10-07,148.0,33518.0,68.37,68.37,65.25,66.5,19251300.0,3.68,-0.026455026455026398,19251.3,147.0,0.17265563909774428,0.0034827067669178646,0.16917293233082642,0.17265563909774428,1.7451785822448043,4.24,0.05533834586466166,,43836.70464233124,0.0,161319.073083779,3.7834827067669177,3.7834827067669177,3.6108270676691734,3.68,160698.68995633165,0.0,0.0,0.0,0.0,0.3056285397065598,3.0549530409775034,1.8991736640122994
1991-10-14,149.0,33525.0,66.5,72.5,66.5,71.37,19848200.0,3.95,0.07336956521739135,19848.2,148.0,0.3320722992854144,0.33254028303208605,0.0004679837466716741,0.33254028303208605,1.9391122300582333,4.24,0.05534538321423567,,43836.70464233124,0.0,173154.9833372084,3.680467983746672,4.012540283032086,3.680467983746672,3.9499999999999997,172489.08296943206,0.0,0.0,0.0,0.0,0.2743101238040918,3.1573954221970872,1.8991736640122994
1991-10-21,150.0,33532.0,71.25,72.0,68.62,69.12,12731500.0,3.82,-0.032911392405063356,12731.5,149.0,0.18679976851851832,0.029166666666666785,0.15763310185185153,0.18679976851851832,1.7810042062270812,4.24,0.0552662037037037,,43836.70464233124,0.0,167456.21173370534,3.9377170138888884,3.9791666666666665,3.792366898148148,3.82,166812.22707423556,0.0,0.0,0.0,0.0,0.23235928814324866,3.284223730861391,1.8991736640122994
1991-10-28,151.0,33539.0,69.5,71.0,67.75,68.37,15217900.0,3.78,-0.010471204188481686,15217.9,150.0,0.17968407196138658,0.10540587977182936,0.07427819218955722,0.17968407196138658,1.8891612557462332,4.24,0.05528740675734971,,43836.70464233124,0.0,165702.74354801208,3.8424747696358046,3.925405879771829,3.7457218078104426,3.78,165065.50218340586,0.0,0.0,0.0,0.0,0.20183070517506752,3.3763988468184283,1.8991736640122994
1991-11-04,152.0,33546.0,68.25,69.37,67.75,68.75,12498700.0,3.8,0.005291005291005346,12498.7,151.0,0.08954181818181883,0.05426909090909149,0.035272727272727344,0.08954181818181883,1.7068874312874505,4.24,0.05527272727272727,,43836.70464233124,0.0,166579.4776408587,3.7723636363636364,3.8342690909090913,3.7447272727272725,3.8,165938.8646288207,0.0,0.0,0.0,0.0,0.17518070894150636,3.456682373987698,1.8991736640122994
1991-11-11,153.0,33553.0,68.62,70.5,67.25,67.37,17016400.0,3.72,-0.021052631578947323,17016.4,152.0,0.17945673148285612,0.09283063678195047,0.08662609470090565,0.17945673148285612,1.6852141075433882,4.24,0.055217455840878726,,43836.70464233124,0.0,163072.54126947222,3.7890218198010985,3.8928306367819503,3.713373905299094,3.72,162445.41484716136,0.0,0.0,0.0,0.0,0.16365944531027551,3.4918269964804085,1.8991736640122994
1991-11-18,154.0,33560.0,67.75,68.62,65.37,66.37,19471600.0,3.67,-0.013440860215053863,19471.6,153.0,0.17971221937622417,0.07441615187584683,0.10529606750037734,0.17971221937622417,1.7134986678415112,4.24,0.05529606750037667,,43836.70464233124,0.0,160880.70603735565,3.7463085731505195,3.794416151875847,3.614703932499623,3.67,160262.00873362424,0.0,0.0,0.0,0.0,0.15721740083188415,3.511346741822728,1.8991736640122994
1991-11-25,155.0,33567.0,66.25,67.75,64.37,64.75,15140700.0,3.58,-0.024523160762942697,15140.7,154.0,0.1868787644787644,0.07586872586872584,0.11101003861003855,0.1868787644787644,1.820948138013212,4.24,0.05528957528957529,,43836.70464233124,0.0,156935.40261954584,3.662934362934363,3.7458687258687258,3.5589899613899614,3.58,156331.87772925745,0.0,0.0,0.0,0.0,0.16377390430440875,3.4903213367999544,1.8991736640122994
1991-12-02,156.0,33574.0,64.0,65.75,62.0,63.88,23184400.0,3.56,-0.005586592178770999,23184.4,155.0,0.20898559799624294,0.08421415153412637,0.12477144646211658,0.20898559799624294,1.906949882361824,4.24,0.05572949279899812,,43836.70464233124,0.0,156058.6685266992,3.56668753913588,3.6642141515341264,3.4552285535378835,3.56,155458.5152838426,0.0,0.0,0.0,0.0,0.1704960045482711,3.4688819398488344,1.8991736640122994
1991-12-09,157.0,33581.0,64.37,68.12,64.0,67.87,18181200.0,3.78,0.061797752808988804,18181.2,156.0,0.22946220716074883,0.23392367761897725,0.004461470458228423,0.23392367761897725,1.9750254807187495,4.24,0.05569471047590982,,43836.70464233124,0.0,165702.74354801208,3.585068513334315,3.7939236776189773,3.5644614704582285,3.78,165065.5021834059,0.0,0.0,0.0,0.0,0.16993507526020085,3.471015970386083,1.8991736640122994
1991-12-16,158.0,33588.0,68.12,70.12,67.5,69.75,20713200.0,3.89,0.029100529100529293,20713.2,157.0,0.14611899641577075,0.13063512544802913,0.01548387096774162,0.14611899641577075,1.7678907178117327,4.24,0.05577060931899642,,43836.70464233124,0.0,170524.78105866854,3.7990939068100364,3.910635125448029,3.764516129032258,3.89,169868.99563318756,0.0,0.0,0.0,0.0,0.1650605138433121,3.489299934903915,1.8991736640122994
1991-12-23,159.0,33595.0,69.62,75.25,69.62,74.0,19988100.0,4.13,0.06169665809768632,19988.1,158.0,0.3142148648648644,0.3097635135135133,0.004451351351351107,0.3142148648648644,1.9094630470854503,4.24,0.05581081081081081,,43836.70464233124,0.0,181045.59017282803,3.885548648648649,4.199763513513513,3.885548648648649,4.13,180349.3449781657,0.0,0.0,0.0,0.0,0.16668300534627858,3.49475590126845,1.8991736640122994
1991-12-30,160.0,33602.0,74.0,78.12,74.0,76.25,27774600.0,4.25,0.029055690072639306,27774.6,159.0,0.22963934426229482,0.22422950819672138,0.005409836065573437,0.22963934426229482,1.9649689051975707,4.25,0.05573770491803279,,43836.70464233124,0.0,186305.99472990778,4.1245901639344265,4.354229508196721,4.1245901639344265,4.25,185589.51965065478,0.0,0.0,0.0,0.0,0.1676850110735299,3.5078606430478825,1.8991736640122994
1992-01-06,161.0,33609.0,75.87,76.25,73.62,74.5,18699100.0,4.15,-0.0235294117647058,18699.1,160.0,0.14650335570469775,0.0025167785234891937,0.14902013422818694,0.14902013422818694,2.0310559230268685,4.25,0.055704697986577185,BUY,43836.70464233124,0.0,181922.32426567466,4.226315436241611,4.247483221476511,4.100979865771813,4.15,181222.70742358058,0.0,0.0,0.0,0.0,0.1698930622119421,3.510877100567705,2.0310559230268685
1992-01-13,162.0,33616.0,74.25,79.62,74.0,79.5,23304000.0,4.43,0.06746987951807215,23304.0,161.0,0.31316477987421454,0.28668679245283,0.02647798742138452,0.31316477987421454,2.179620421239489,4.43,0.05572327044025157,,43836.70464233124,0.0,194196.60156552738,4.137452830188679,4.43668679245283,4.123522012578616,4.43,193449.7816593884,0.0,0.0,0.0,0.0,0.18572141764812974,3.485208651001627,2.0310559230268685
1992-01-20,163.0,33623.0,79.37,80.75,77.75,78.37,18667400.0,4.37,-0.013544018058690654,18667.4,162.0,0.16728339925992053,0.07271149674620414,0.09457190251371639,0.16728339925992053,2.165810621110263,4.43,0.0557611330866403,BUY,43836.70464233124,0.0,191566.39928698752,4.425761133086641,4.502711496746204,4.335428097486283,4.37,190829.69432314386,0.0,0.0,0.0,0.0,0.19670213804743006,3.467269045125328,2.165810621110263
1992-01-27,164.0,33630.0,78.5,79.0,75.0,75.25,14432400.0,4.2,-0.0389016018306636,14432.4,163.0,0.2232558139534877,0.039302325581394904,0.1839534883720928,0.2232558139534877,2.2062295649710664,4.43,0.05581395348837209,,43836.70464233124,0.0,184114.15949779123,4.381395348837209,4.409302325581395,4.186046511627907,4.2,183406.11353711766,0.0,0.0,0.0,0.0,0.1997318249644518,3.463353364418139,2.165810621110263
1992-02-03,165.0,33637.0,75.0,78.37,74.87,77.25,15014800.0,4.31,0.026190476190476097,15014.8,164.0,0.19527508090614898,0.17248802588996703,0.022787055016181945,0.19527508090614898,2.1909956570931843,4.43,0.05579288025889967,,43836.70464233124,0.0,188936.19700844763,4.184466019417475,4.372488025889967,4.177212944983818,4.31,188209.60698689928,0.0,0.0,0.0,0.0,0.206572263241024,3.456008366287683,2.165810621110263
1992-02-10,166.0,33644.0,77.25,78.87,76.62,77.12,11199300.0,4.3,-0.002320185614849146,11199.3,165.0,0.12545383817427336,0.08757520746887959,0.03787863070539377,0.12545383817427336,2.0704736132657358,4.43,0.05575726141078838,,43836.70464233124,0.0,188497.82996202432,4.3072484439834025,4.397575207468879,4.272121369294606,4.3,187772.92576419187,0.0,0.0,0.0,0.0,0.2126418062732035,3.449127191634065,2.165810621110263
1992-02-18,167.0,33652.0,77.62,80.5,77.12,80.37,22149600.0,4.48,0.04186046511627928,22149.6,166.0,0.18840861017792676,0.1872464850068436,0.0011621251710831615,0.18840861017792676,2.1174620730014646,4.48,0.05574219236033346,,43836.70464233124,0.0,196388.43679764398,4.326708971009084,4.487246485006843,4.298837874828917,4.48,195633.1877729255,0.0,0.0,0.0,0.0,0.2254653460038896,3.4317024886488134,2.165810621110263
1992-02-24,168.0,33658.0,80.37,80.75,78.5,78.62,12499600.0,4.38,-0.022321428571428714,12499.6,167.0,0.1253497837700328,0.018664461968963764,0.10668532180106904,0.1253497837700328,1.907611982896096,4.48,0.05571101500890358,BUY,43836.70464233124,0.0,192004.76633341084,4.477494276265581,4.498664461968964,4.373314678198931,4.38,191266.37554585125,0.0,0.0,0.0,0.0,0.23255992044473228,3.4256733696198776,2.165810621110263
1992-03-02,169.0,33665.0,78.62,79.87,77.12,77.5,14413200.0,4.35,-0.006849315068493178,14413.2,168.0,0.15435483870967737,0.10302580645161274,0.05132903225806462,0.15435483870967737,1.8239625322820765,4.48,0.05612903225806451,,43836.70464233124,0.0,190689.6651941409,4.412864516129032,4.483025806451613,4.328670967741935,4.35,189956.33187772895,0.0,0.0,0.0,0.0,0.23843880483802424,3.420000548880549,2.165810621110263
1992-03-09,170.0,33672.0,77.25,78.37,76.5,78.0,11850000.0,4.38,0.006896551724137945,11850.0,169.0,0.10500769230769258,0.050776923076923275,0.054230769230769305,0.10500769230769258,1.7750598190370828,4.48,0.05615384615384615,,43836.70464233124,0.0,192004.76633341084,4.337884615384615,4.400776923076923,4.29576923076923,4.38,191266.37554585125,0.0,0.0,0.0,0.0,0.24258718542868268,3.4130442315502445,2.165810621110263
1992-03-16,171.0,33679.0,77.62,78.87,77.12,78.62,12860400.0,4.41,0.006849315068493178,12860.4,170.0,0.09816204528109918,0.04402314932587181,0.05413889595522736,0.09816204528109918,1.5361678917113992,4.48,0.05609259730348512,,43836.70464233124,0.0,193319.86747268078,4.353907402696516,4.424023149325872,4.3258611040447725,4.41,192576.4192139735,0.0,0.0,0.0,0.0,0.24987325758122772,3.403121734095711,2.165810621110263
1992-03-23,172.0,33686.0,78.5,78.5,76.12,76.12,9530400.0,4.27,-0.031746031746031855,9530.4,171.0,0.133507619548082,0.006492380451918578,0.14000000000000057,0.14000000000000057,1.5058530036448214,4.48,0.056095638465580654,,43836.70464233124,0.0,187182.72882275438,4.403507619548082,4.403507619548082,4.27,4.27,186462.88209606957,0.0,0.0,0.0,0.0,0.2519813218387827,3.400778402720116,2.165810621110263
1992-03-30,173.0,33693.0,76.25,76.87,74.75,74.87,11023900.0,4.2,-0.016393442622950727,11023.9,172.0,0.11892613864031087,0.04219447041538782,0.07673166822492306,0.11892613864031087,1.389931142185736,4.48,0.05609723520769334,,43836.70464233124,0.0,184114.15949779123,4.277414184586617,4.312194470415387,4.1932683317750765,4.2,183406.11353711764,0.0,0.0,0.0,0.0,0.2529728066967312,3.40025091008744,2.165810621110263
1992-04-06,174.0,33700.0,75.12,76.25,72.75,76.0,16833300.0,4.27,0.016666666666666607,16833.3,173.0,0.1966447368421056,0.08404605263157805,0.11259868421052754,0.1966447368421056,1.391452982114577,4.48,0.05618421052631578,,43836.70464233124,0.0,187182.72882275438,4.220557894736841,4.284046052631578,4.087401315789473,4.27,186462.88209606957,0.0,0.0,0.0,0.0,0.25558648190446476,3.398838673287618,2.165810621110263
1992-04-13,175.0,33707.0,76.12,79.0,75.25,79.0,17472000.0,4.43,0.0374707259953162,17472.0,174.0,0.2102848101265824,0.16000000000000014,0.05028481012658226,0.2102848101265824,1.4857096176171425,4.48,0.0560759493670886,,43836.70464233124,0.0,194196.60156552738,4.268501265822785,4.43,4.219715189873417,4.43,193449.78165938833,0.0,0.0,0.0,0.0,0.26265291854774425,3.3904408743623464,2.165810621110263
1992-04-20,176.0,33714.0,78.5,79.25,75.5,75.87,18300900.0,4.26,-0.038374717832957095,18300.9,175.0,0.21055753262158916,0.019782522736258912,0.19077500988533025,0.21055753262158916,1.510319531443434,4.48,0.05614867536575721,,43836.70464233124,0.0,186744.3617763311,4.407671016211941,4.449782522736259,4.2392249901146695,4.26,186026.20087336216,0.0,0.0,0.0,0.0,0.264413643100984,3.3892097946865647,2.165810621110263
1992-04-27,177.0,33721.0,75.5,76.62,75.37,75.75,12473200.0,4.25,-0.0023474178403755097,12473.2,176.0,0.07013201320132012,0.038811881188118846,0.031320132013201274,0.07013201320132012,1.4489664530337532,4.48,0.056105610561056105,,43836.70464233124,0.0,186305.99472990778,4.235973597359736,4.298811881188119,4.2286798679867985,4.25,185589.51965065475,0.0,0.0,0.0,0.0,0.2661935620794731,3.389881948459854,2.165810621110263
1992-05-04,178.0,33728.0,75.87,77.62,75.87,77.5,12116800.0,4.35,0.0235294117647058,12116.8,177.0,0.09822580645161327,0.10673548387096776,0.008509677419354489,0.10673548387096776,1.3960560587685202,4.48,0.05612903225806451,,43836.70464233124,0.0,190689.6651941409,4.2585096774193545,4.356735483870968,4.2585096774193545,4.35,189956.33187772895,0.0,0.0,0.0,0.0,0.2698054910012349,3.3896326139603277,2.165810621110263
1992-05-11,179.0,33735.0,77.62,79.62,77.12,77.25,17561700.0,4.34,-0.0022988505747125743,17561.7,178.0,0.1404530744336574,0.12314951456310741,0.01730355987054999,0.1404530744336574,1.435439816686259,4.48,0.05618122977346278,,43836.70464233124,0.0,190251.29814771758,4.360787055016181,4.473149514563107,4.33269644012945,4.34,189519.65065502154,0.0,0.0,0.0,0.0,0.2728443171770666,3.3905721338866024,2.165810621110263
1992-05-18,180.0,33742.0,77.75,78.25,76.37,76.62,7978500.0,4.3,-0.009216589861751112,7978.5,179.0,0.1055077003393361,0.05147742103889286,0.05403027930044324,0.1055077003393361,1.4436016556398557,4.48,0.05612111720177499,,43836.70464233124,0.0,188497.82996202432,4.363416862438005,4.391477421038893,4.285969720699557,4.3,187772.92576419184,0.0,0.0,0.0,0.0,0.27502376729264544,3.39146497201229,2.165810621110263
1992-05-26,181.0,33750.0,76.62,77.75,75.12,76.37,9051000.0,4.29,-0.0023255813953487747,9051.0,180.0,0.14773733141285827,0.06751996857404752,0.08021736283881076,0.14773733141285827,1.4521986905430306,4.48,0.05617389027104884,,43836.70464233124,0.0,188059.46291560103,4.304043472567763,4.367519968574047,4.219782637161189,4.29,187336.24454148443,0.0,0.0,0.0,0.0,0.2761320326666291,3.396986991504159,2.165810621110263
1992-06-01,182.0,33756.0,76.5,77.75,74.75,77.5,10605300.0,4.38,0.020979020979021046,10605.3,181.0,0.169548387096774,0.10412903225806414,0.06541935483870986,0.169548387096774,1.508445633272434,4.48,0.05651612903225806,,43836.70464233124,0.0,192004.76633341084,4.323483870967742,4.394129032258064,4.22458064516129,4.38,191266.37554585125,0.0,0.0,0.0,0.0,0.2797993672281092,3.3946479233931415,2.165810621110263
1992-06-08,183.0,33763.0,77.37,77.5,75.12,76.25,7508100.0,4.31,-0.01598173515981738,7508.1,182.0,0.13452852459016373,0.0006557377049176694,0.13387278688524606,0.13452852459016373,1.4394276196591655,4.48,0.05652459016393442,,43836.70464233124,0.0,188936.19700844763,4.373307540983607,4.380655737704918,4.246127213114754,4.31,188209.60698689928,0.0,0.0,0.0,0.0,0.28176971117709715,3.394600112301159,2.165810621110263
1992-06-15,184.0,33770.0,75.87,77.87,75.75,76.0,14840400.0,4.3,-0.002320185614849146,14840.4,183.0,0.11994736842105258,0.0958026315789473,0.024144736842105274,0.11994736842105258,1.339052684430799,4.48,0.05657894736842105,,43836.70464233124,0.0,188497.82996202432,4.292644736842105,4.405802631578947,4.285855263157894,4.3,187772.92576419187,0.0,0.0,0.0,0.0,0.2814492535643793,3.4054012563329543,2.165810621110263
1992-06-22,185.0,33777.0,75.75,78.0,75.25,78.0,8866000.0,4.41,0.0255813953488373,8866.0,184.0,0.1554807692307696,0.11000000000000032,0.04548076923076927,0.1554807692307696,1.2778562806632219,4.48,0.05653846153846154,,43836.70464233124,0.0,193319.86747268078,4.282788461538462,4.41,4.2545192307692306,4.41,192576.41921397354,0.0,0.0,0.0,0.0,0.2782959962180586,3.430113667991439,2.165810621110263
1992-06-29,186.0,33784.0,78.0,79.37,77.12,77.25,11517600.0,4.37,-0.009070294784580546,11517.6,185.0,0.12728155339805802,0.07992750809061455,0.04735404530744347,0.12728155339805802,1.3413557697707081,4.48,0.05656957928802589,,43836.70464233124,0.0,191566.39928698752,4.4124271844660194,4.489927508090615,4.362645954692557,4.37,190829.69432314383,0.0,0.0,0.0,0.0,0.27702421415650025,3.446219952413627,2.165810621110263
1992-07-06,187.0,33791.0,77.12,78.0,75.62,76.37,10206400.0,4.32,-0.011441647597253968,10206.4,186.0,0.13462878093492225,0.042203744926018416,0.09242503600890384,0.13462878093492225,1.372348322063991,4.48,0.056566714678538695,,43836.70464233124,0.0,189374.56405487098,4.362425036008904,4.4122037449260185,4.277574963991096,4.32,188646.28820960672,0.0,0.0,0.0,0.0,0.2734084331665448,3.46769842927876,2.165810621110263
1992-07-13,188.0,33798.0,76.62,78.5,76.25,77.5,11097300.0,4.38,0.01388888888888884,11097.3,187.0,0.12716129032258028,0.11651612903225761,0.010645161290322669,0.12716129032258028,1.3575796730516831,4.48,0.05651612903225806,,43836.70464233124,0.0,192004.76633341084,4.330265806451613,4.436516129032258,4.309354838709678,4.38,191266.37554585125,0.0,0.0,0.0,0.0,0.26917195165877483,3.4929237793896473,2.165810621110263
1992-07-20,189.0,33805.0,76.62,77.75,74.75,74.75,10917800.0,4.23,-0.03424657534246567,10917.8,188.0,0.16976588628762546,0.01976588628762599,0.14999999999999947,0.16976588628762546,1.4289776574386714,4.48,0.05658862876254181,,43836.70464233124,0.0,185429.26063706118,4.335820735785954,4.399765886287626,4.23,4.23,184716.15720523993,0.0,0.0,0.0,0.0,0.2581017973109547,3.534013799405539,2.165810621110263
1992-07-27,190.0,33812.0,74.87,77.62,74.87,76.5,13204300.0,4.33,0.02364066193853409,13204.3,189.0,0.15565359477124208,0.16339346405228738,0.0077398692810453085,0.16339346405228738,1.4463733603713702,4.48,0.05660130718954248,,43836.70464233124,0.0,189812.9311012943,4.237739869281046,4.393393464052288,4.237739869281046,4.33,189082.96943231413,0.0,0.0,0.0,0.0,0.2565204406405011,3.5472354837646,2.165810621110263
1992-08-03,191.0,33819.0,76.37,76.62,74.75,75.5,12327100.0,4.27,-0.013856812933025542,12327.1,190.0,0.10576026490066237,0.00334304635761562,0.10241721854304675,0.10576026490066237,1.3754976690423573,4.48,0.05655629139072847,,43836.70464233124,0.0,187182.72882275438,4.319203973509934,4.333343046357616,4.227582781456953,4.27,186462.88209606957,0.0,0.0,0.0,0.0,0.250062930806387,3.5743548681059836,2.165810621110263
1992-08-10,192.0,33826.0,75.25,76.0,75.0,75.5,9106300.0,4.27,0.0,9106.3,191.0,0.05655629139072893,0.028278145695364465,0.028278145695364465,0.05655629139072893,1.2888618543763186,4.48,0.05655629139072847,,43836.70464233124,0.0,187182.72882275438,4.255860927152318,4.298278145695364,4.241721854304635,4.27,186462.88209606957,0.0,0.0,0.0,0.0,0.24128276070354718,3.608256512875279,2.165810621110263
1992-08-17,193.0,33833.0,75.25,76.87,75.0,75.12,9300900.0,4.25,-0.004683840749414414,9300.9,192.0,0.105797390841321,0.07900825346112939,0.02678913738019162,0.105797390841321,1.273139657065506,4.48,0.05657614483493077,,43836.70464233124,0.0,186305.99472990778,4.257354898828541,4.349008253461129,4.243210862619808,4.25,185589.51965065475,0.0,0.0,0.0,0.0,0.2323871925420688,3.641471043035072,2.165810621110263
1992-08-24,194.0,33840.0,74.87,75.0,73.0,73.37,12183800.0,4.15,-0.0235294117647058,12183.8,193.0,0.11312525555404118,0.007802916723456121,0.1209281722774973,0.1209281722774973,1.2347478826729812,4.48,0.056562627777020584,,43836.70464233124,0.0,181922.32426567466,4.234843941665531,4.242197083276544,4.129071827722503,4.15,181222.70742358055,0.0,0.0,0.0,0.0,0.21877980803112798,3.685977309190473,2.165810621110263
1992-08-31,195.0,33847.0,73.5,75.12,73.37,74.62,11091600.0,4.22,0.016867469879517927,11091.6,194.0,0.09896810506566567,0.09827660144733219,0.0006915036183334777,0.09896810506566567,1.2032884956369896,4.48,0.0565532028946663,,43836.70464233124,0.0,184990.89359063783,4.156660412757973,4.2482766014473325,4.149308496381667,4.22,184279.4759825325,0.0,0.0,0.0,0.0,0.19989943932326085,3.7465928651064826,2.165810621110263
1992-09-08,196.0,33855.0,74.75,75.37,74.12,75.12,9778500.0,4.25,0.007109004739336511,9778.5,195.0,0.07072018104366418,0.044144036208733084,0.026576144834931092,0.07072018104366418,1.1322789402022584,4.48,0.05657614483493077,,43836.70464233124,0.0,186305.99472990778,4.229066826411075,4.264144036208733,4.193423855165069,4.25,185589.51965065475,0.0,0.0,0.0,0.0,0.16989271205952688,3.8379511466804512,2.165810621110263
1992-09-14,197.0,33861.0,76.0,79.75,75.75,79.62,18549600.0,4.5,0.05882352941176472,18549.6,196.0,0.2260738507912583,0.25734740015071544,0.03127354935945714,0.25734740015071544,1.2769301733446308,4.5,0.05651846269781462,,43836.70464233124,0.0,197265.17089049058,4.295403165033911,4.507347400150715,4.281273549359457,4.5,196506.55021834033,0.0,0.0,0.0,0.0,0.1329230252308322,3.953302193020481,2.165810621110263
1992-09-21,198.0,33868.0,79.0,79.25,76.75,77.87,10799000.0,4.44,-0.013333333333333197,10799.0,197.0,0.14254526775394893,0.018684987800179798,0.12386027995376914,0.14254526775394893,1.2466850416405457,4.5,0.057018107101579556,BUY,43836.70464233124,0.0,194634.96861195072,4.504430461024785,4.51868498780018,4.376139720046231,4.44,193886.46288209583,0.0,0.0,0.0,0.0,0.10842334459778184,4.030648955578717,2.165810621110263
1992-09-28,199.0,33875.0,77.62,79.25,75.75,75.75,10385500.0,4.32,-0.027027027027027084,10385.5,198.0,0.19960396039603978,0.07960396039603967,0.1200000000000001,0.19960396039603978,1.2869189264669374,4.5,0.05702970297029703,,43836.70464233124,0.0,189374.56405487098,4.4266455445544555,4.51960396039604,4.32,4.32,188646.28820960675,0.0,0.0,0.0,0.0,0.08671546392379899,4.095406462141723,2.165810621110263
1992-10-05,200.0,33882.0,75.5,75.75,73.12,75.0,12913400.0,4.27,-0.011574074074074292,12913.4,199.0,0.14973466666666635,0.00730000000000075,0.1570346666666671,0.1570346666666671,1.3438904839847203,4.5,0.05693333333333333,,43836.70464233124,0.0,187182.72882275438,4.298466666666666,4.3126999999999995,4.162965333333333,4.27,186462.8820960696,0.0,0.0,0.0,0.0,0.0821078642288846,4.11034009552535,2.165810621110263
1992-10-12,201.0,33889.0,75.0,76.5,74.62,76.25,11640700.0,4.34,0.016393442622950838,11640.7,200.0,0.10700590163934365,0.0842295081967217,0.022776393442621945,0.10700590163934365,1.3999456064831812,4.5,0.056918032786885245,,43836.70464233124,0.0,190251.29814771758,4.268852459016394,4.354229508196721,4.247223606557378,4.34,189519.65065502157,0.0,0.0,0.0,0.0,0.08152546198463957,4.113991223087182,2.165810621110263
1992-10-19,202.0,33896.0,76.0,77.12,75.5,75.87,9940300.0,4.32,-0.004608294930875445,9940.3,201.0,0.0922419928825624,0.05117437722419904,0.041067615658363366,0.0922419928825624,1.3848840531956716,4.5,0.05693950177935943,,43836.70464233124,0.0,189374.56405487098,4.327402135231316,4.391174377224199,4.2989323843416365,4.32,188646.28820960675,0.0,0.0,0.0,0.0,0.07708783435686319,4.129231633620037,2.165810621110263
1992-10-26,203.0,33903.0,76.0,77.75,75.87,76.75,8694000.0,4.37,0.011574074074073959,8694.0,202.0,0.10704364820846823,0.10693811074918536,0.00010553745928287839,0.10704364820846823,1.3694568042300836,4.5,0.05693811074918567,,43836.70464233124,0.0,191566.39928698752,4.327296416938111,4.426938110749186,4.319894462540717,4.37,190829.69432314386,0.0,0.0,0.0,0.0,0.07557749114886467,4.131544077005887,2.165810621110263
1992-11-02,204.0,33910.0,76.87,79.5,76.87,77.5,10854200.0,4.41,0.009153318077803174,10854.2,203.0,0.1496554838709674,0.15380645161290296,0.004150967741935574,0.15380645161290296,1.4303883003936808,4.5,0.056903225806451616,,43836.70464233124,0.0,193319.86747268078,4.374150967741936,4.523806451612903,4.374150967741936,4.41,192576.41921397357,0.0,0.0,0.0,0.0,0.07646331738433619,4.130305121173306,2.165810621110263
1992-11-09,205.0,33917.0,77.5,78.87,77.0,78.87,9156000.0,4.49,0.018140589569161092,9156.0,204.0,0.10645746164574632,0.08000000000000007,0.02645746164574625,0.10645746164574632,1.4700963899515498,4.5,0.05692912387473057,,43836.70464233124,0.0,196826.8038440673,4.4120071002916195,4.49,4.383542538354254,4.49,196069.86899563295,0.0,0.0,0.0,0.0,0.07829154318751566,4.132807727397064,2.165810621110263
1992-11-16,206.0,33924.0,78.75,80.12,77.62,80.0,12760800.0,4.56,0.015590200445434244,12760.8,205.0,0.14250000000000007,0.0768399999999998,0.06566000000000027,0.14250000000000007,1.342488167561866,4.56,0.056999999999999995,,43836.70464233124,0.0,199895.37316903044,4.48875,4.56684,4.42434,4.56,199126.6375545849,0.0,0.0,0.0,0.0,0.08596929573770747,4.119710906997195,2.165810621110263
1992-11-23,207.0,33931.0,80.87,83.62,80.25,82.87,19973100.0,4.72,0.03508771929824572,19973.1,206.0,0.1919440086883073,0.20271750935199773,0.010773500663690427,0.20271750935199773,1.4093462137819202,4.72,0.056956679135996134,BUY,43836.70464233124,0.0,206909.24591180345,4.606086641728008,4.762717509351997,4.57077350066369,4.72,206113.53711790367,0.0,0.0,0.0,0.0,0.10430073664403212,4.084126207170407,2.165810621110263
1992-11-30,208.0,33938.0,82.87,83.75,81.37,82.62,11480100.0,4.74,0.004237288135593209,11480.1,207.0,0.13654320987654245,0.08482933914306479,0.05171387073347766,0.13654320987654245,1.339278713204701,4.74,0.05737109658678286,BUY,43836.70464233124,0.0,207785.9800046501,4.754342774146696,4.8048293391430645,4.668286129266522,4.74,206986.89956331853,0.0,0.0,0.0,0.0,0.1191677465356902,4.053300145855896,2.165810621110263
1992-12-07,209.0,33945.0,82.62,84.0,82.12,83.75,9213800.0,4.81,0.014767932489451407,9213.8,208.0,0.10797373134328403,0.08435820895522372,0.023615522388060306,0.10797373134328403,1.2847665628453864,4.81,0.05743283582089552,BUY,43836.70464233124,0.0,210854.54932961325,4.745100895522388,4.824358208955224,4.71638447761194,4.81,210043.66812227046,0.0,0.0,0.0,0.0,0.13857994855525546,4.015257445685033,2.165810621110263
1992-12-14,210.0,33952.0,83.5,86.87,83.0,86.75,18537300.0,4.98,0.03534303534303551,18537.3,209.0,0.22216253602305525,0.17688876080691784,0.0452737752161374,0.22216253602305525,1.4127183788272881,4.98,0.057406340057636895,BUY,43836.70464233124,0.0,218306.7891188096,4.793429394812681,4.9868887608069175,4.764726224783862,4.98,217467.2489082967,0.0,0.0,0.0,0.0,0.16819332521251476,3.95658985770042,2.165810621110263
1992-12-21,211.0,33959.0,86.12,87.5,86.12,86.5,10402500.0,4.97,-0.002008032128514192,10402.5,210.0,0.07929017341040456,0.047456647398843366,0.0318335260115612,0.07929017341040456,1.3983274683026683,4.98,0.05745664739884393,BUY,43836.70464233124,0.0,217868.42207238625,4.948166473988439,5.027456647398844,4.948166473988439,4.97,217030.56768558925,0.0,0.0,0.0,0.0,0.19145859866553921,3.9128169179702983,2.165810621110263
1992-12-28,212.0,33966.0,86.25,87.5,85.0,85.5,8461200.0,4.91,-0.012072434607645843,8461.2,211.0,0.143567251461989,0.0548538011695916,0.08871345029239741,0.143567251461989,1.4389092496954692,4.98,0.057426900584795326,,43836.70464233124,0.0,215238.2197938464,4.953070175438597,5.024853801169591,4.881286549707602,4.91,214410.48034934475,0.0,0.0,0.0,0.0,0.20750264291659415,3.8849019292938802,2.165810621110263
1993-01-04,213.0,33973.0,85.62,87.25,84.87,85.75,13096300.0,4.92,0.0020366598778003286,13096.3,212.0,0.13655510204081622,0.09606413994169039,0.04049096209912584,0.13655510204081622,1.4197410835042619,4.98,0.05737609329446064,,43836.70464233124,0.0,215676.5868402697,4.9125411078717205,5.0060641399416905,4.869509037900874,4.92,214847.16157205217,0.0,0.0,0.0,0.0,0.22107223429935796,3.8668316093735555,2.165810621110263
1993-01-11,214.0,33980.0,85.5,85.87,84.0,84.62,13281300.0,4.86,-0.012195121951219412,13281.3,213.0,0.1074001418104471,0.011791538643347366,0.09560860316709974,0.1074001418104471,1.420788505909485,4.98,0.057433230914677384,,43836.70464233124,0.0,213046.38456172985,4.910541243204916,4.931791538643347,4.8243913968329,4.86,212227.07423580764,0.0,0.0,0.0,0.0,0.22840965316927922,3.8645856231743627,2.165810621110263
1993-01-18,215.0,33987.0,84.62,85.62,82.5,84.37,12768400.0,4.84,-0.004115226337448652,12768.4,214.0,0.17898305084745836,0.05170795306388509,0.12727509778357327,0.17898305084745836,1.4613252290733274,4.98,0.05736636245110821,,43836.70464233124,0.0,212169.6504688832,4.854341590612777,4.911707953063885,4.732724902216427,4.84,211353.71179039276,0.0,0.0,0.0,0.0,0.23515382842302632,3.8616276240643854,2.165810621110263
1993-01-25,216.0,33994.0,84.37,86.37,83.75,86.12,11789000.0,4.94,0.02066115702479343,11789.0,215.0,0.15028797027403584,0.1143404551788203,0.03594751509521554,0.15028797027403584,1.4030701856533698,4.98,0.057361820715281,,43836.70464233124,0.0,216553.32093311637,4.8396168137482585,4.95434045517882,4.804052484904784,4.94,215720.52401746702,0.0,0.0,0.0,0.0,0.24698394844846316,3.8444913483910375,2.165810621110263
1993-02-01,217.0,34001.0,86.0,87.37,84.25,86.87,11747700.0,4.99,0.010121457489878471,11747.7,216.0,0.17921952342580916,0.07872107747208457,0.10049844595372459,0.17921952342580916,1.4504883118192216,4.99,0.057442154944169446,,43836.70464233124,0.0,218745.1561652329,4.940025325198572,5.018721077472085,4.839501554046276,4.99,217903.93013100413,0.0,0.0,0.0,0.0,0.25785690685734475,3.8351138304176136,2.165810621110263
1993-02-08,218.0,34008.0,86.62,87.75,84.87,85.0,11659400.0,4.88,-0.022044088176352727,11659.4,217.0,0.16534588235294123,0.047882352941176265,0.11746352941176497,0.16534588235294123,1.5142351462743964,4.99,0.05741176470588235,BUY,43836.70464233124,0.0,213923.11865457645,4.973007058823529,5.0378823529411765,4.872536470588235,4.88,213100.43668122246,0.0,0.0,0.0,0.0,0.2624381176881522,3.839026656999132,2.165810621110263
1993-02-16,219.0,34016.0,84.75,85.0,80.87,82.25,23229000.0,4.72,-0.032786885245901676,23229.0,218.0,0.2370042553191487,0.002188449848024021,0.23919270516717273,0.23919270516717273,1.5331575564345268,4.99,0.057386018237082066,,43836.70464233124,0.0,206909.24591180345,4.863465045592705,4.877811550151976,4.640807294832827,4.72,206113.53711790367,0.0,0.0,0.0,0.0,0.26365142924921503,3.8450177683403766,2.165810621110263
1993-02-22,220.0,34022.0,82.5,84.75,82.37,84.12,14021200.0,4.83,0.02330508474576276,14021.2,219.0,0.13665477888730404,0.14617332382310977,0.009518544935805728,0.14617332382310977,1.6074721680041992,4.99,0.05741797432239657,,43836.70464233124,0.0,211731.2834224599,4.736982881597717,4.8661733238231095,4.7295185449358055,4.83,210917.03056768535,0.0,0.0,0.0,0.0,0.2670240516140654,3.848537431940446,2.165810621110263
1993-03-01,221.0,34029.0,84.5,86.12,83.25,85.75,13279900.0,4.96,0.0269151138716357,13279.9,220.0,0.16600816326530587,0.1514017492711366,0.014606413994169287,0.16600816326530587,1.6324065144523292,4.99,0.057842565597667636,,43836.70464233124,0.0,217430.05502596297,4.887696793002915,4.981401749271137,4.815393586005831,4.96,216593.88646288184,0.0,0.0,0.0,0.0,0.27333096345996577,3.8488677133013063,2.165810621110263
1993-03-08,222.0,34036.0,86.12,88.25,85.62,86.5,13679000.0,5.0,0.008064516129032251,13679.0,221.0,0.15202312138728313,0.14115606936416203,0.010867052023121104,0.15202312138728313,1.6495932026150704,5.0,0.057803468208092484,,43836.70464233124,0.0,219183.5232116562,4.978034682080925,5.101156069364162,4.949132947976879,5.0,218340.61135371152,0.0,0.0,0.0,0.0,0.2798514520547008,3.8498835649852,2.165810621110263
1993-03-15,223.0,34043.0,86.5,89.12,86.12,88.62,13357200.0,5.12,0.02400000000000002,13357.2,222.0,0.17332430602572746,0.1488873843376215,0.02443692168810596,0.17332430602572746,1.7228422739653817,5.12,0.05777476867524261,BUY,43836.70464233124,0.0,224443.92776873597,4.997517490408486,5.1488873843376215,4.975563078311894,5.12,223580.7860262006,0.0,0.0,0.0,0.0,0.29193868791489713,3.837714255822514,2.165810621110263
1993-03-22,224.0,34050.0,87.87,90.5,87.37,89.75,13997000.0,5.19,0.013671875,13997.0,223.0,0.18099944289693504,0.11337047353760443,0.0676289693593306,0.18099944289693504,1.7250827095759114,5.19,0.05782729805013928,BUY,43836.70464233124,0.0,227512.49709369917,5.081284679665739,5.2333704735376045,5.0523710306406695,5.19,226637.55458515257,0.0,0.0,0.0,0.0,0.3043009171619352,3.828272097339065,2.165810621110263
1993-03-29,225.0,34057.0,90.12,91.0,88.25,89.0,12159600.0,5.15,-0.0077071290944122905,12159.6,224.0,0.1591292134831468,0.07573033707865218,0.08339887640449462,0.1591292134831468,1.73490631314159,5.19,0.05786516853932585,BUY,43836.70464233124,0.0,225759.02890800592,5.214808988764045,5.265730337078653,5.106601123595506,5.15,224890.8296943229,0.0,0.0,0.0,0.0,0.3127415188054973,3.8279023005472332,2.165810621110263
1993-04-05,226.0,34064.0,88.87,92.25,88.62,92.0,12451800.0,5.32,0.03300970873786402,12451.8,225.0,0.20990869565217363,0.18445652173913007,0.025452173913043552,0.20990869565217363,1.7690053933931063,5.32,0.05782608695652174,,43836.70464233124,0.0,233211.26869720223,5.139004347826088,5.33445652173913,5.124547826086957,5.32,232314.4104803491,0.0,0.0,0.0,0.0,0.32961336931352736,3.8079177962283772,2.165810621110263
1993-04-12,227.0,34071.0,91.87,96.0,91.62,95.25,17608300.0,5.51,0.03571428571428559,17608.3,226.0,0.25337322834645626,0.2333858267716531,0.019987401574803165,0.25337322834645626,1.8668135556081231,5.51,0.05784776902887139,BUY,43836.70464233124,0.0,241540.24257924512,5.314474540682415,5.553385826771653,5.300012598425197,5.51,240611.35371179009,0.0,0.0,0.0,0.0,0.35355675574933554,3.7758642081876364,2.165810621110263
1993-04-19,228.0,34078.0,95.12,95.37,92.0,93.12,12499200.0,5.38,-0.023593466424682408,12499.2,227.0,0.1947014604810997,6.443298969038835e-06,0.19470790378006875,0.19470790378006875,1.8173859985113408,5.51,0.057774914089347075,BUY,43836.70464233124,0.0,235841.47097574206,5.495549828178694,5.509993556701031,5.315292096219931,5.38,234934.4978165936,0.0,0.0,0.0,0.0,0.3662935566740269,3.7698758644124934,2.165810621110263
1993-04-26,229.0,34085.0,92.75,93.37,89.75,90.62,12318700.0,5.24,-0.026022304832713727,12318.7,228.0,0.20932244537629696,0.01901566983006031,0.19030677554623665,0.20932244537629696,1.8875516891259934,5.51,0.05782387993820349,,43836.70464233124,0.0,229704.33232581572,5.363164864268374,5.39901566983006,5.189693224453763,5.24,228820.96069868968,0.0,0.0,0.0,0.0,0.3727590587543135,3.774687718967875,2.165810621110263
1993-05-03,230.0,34092.0,90.62,94.62,88.75,94.25,15183100.0,5.45,0.040076335877862634,15183.1,229.0,0.33943236074270633,0.23139522546419133,0.108037135278515,0.33943236074270633,2.0802452418786603,5.51,0.05782493368700265,,43836.70464233124,0.0,238910.04030070527,5.240095490716181,5.4713952254641915,5.131962864721485,5.45,237991.2663755456,0.0,0.0,0.0,0.0,0.38210428979635697,3.781080738923742,2.165810621110263
1993-05-10,231.0,34099.0,93.75,95.12,92.0,93.25,13621200.0,5.39,-0.011009174311926717,13621.2,230.0,0.18034101876675646,0.04808900804289529,0.13225201072386117,0.18034101876675646,2.111709572300297,5.51,0.05780160857908847,,43836.70464233124,0.0,236279.83802216538,5.418900804289544,5.4980890080428955,5.317747989276139,5.39,235371.17903930103,0.0,0.0,0.0,0.0,0.38952448932138156,3.788383898647765,2.165810621110263
1993-05-17,232.0,34106.0,93.12,93.62,90.75,92.12,12514500.0,5.33,-0.011131725417439675,12514.5,231.0,0.16605623100304,0.02678897090751242,0.1392672600955276,0.16605623100304,2.1036339333862,5.51,0.05785931393834129,,43836.70464233124,0.0,233649.63574362552,5.387859313938341,5.416788970907512,5.250732739904472,5.33,232751.09170305653,0.0,0.0,0.0,0.0,0.3911722190257559,3.8101182329234153,2.165810621110263
1993-05-24,233.0,34113.0,92.0,94.5,91.75,92.75,11188500.0,5.36,0.0056285178236397115,11188.5,232.0,0.15892183288409711,0.13113207547169825,0.027789757412398863,0.15892183288409711,2.079103255594158,5.51,0.057789757412398925,,43836.70464233124,0.0,234964.73688289546,5.316657681940701,5.461132075471698,5.302210242587601,5.36,234061.13537117883,0.0,0.0,0.0,0.0,0.39209939979783986,3.8343856468468633,2.165810621110263
1993-06-01,234.0,34121.0,93.0,94.62,93.0,93.87,9213600.0,5.46,0.018656716417910335,9213.6,233.0,0.0942281879194633,0.14362416107382536,0.04939597315436206,0.14362416107382536,2.061875419583801,5.51,0.058165548098434,,43836.70464233124,0.0,239348.40734712858,5.409395973154362,5.503624161073826,5.409395973154362,5.46,238427.94759825306,0.0,0.0,0.0,0.0,0.39402225769590526,3.8590906972236523,2.165810621110263
1993-06-07,235.0,34127.0,93.75,94.62,93.0,94.25,11204100.0,5.49,0.005494505494505475,11204.1,234.0,0.09436392572944285,0.05155225464191027,0.04281167108753259,0.09436392572944285,1.933492341891878,5.51,0.05824933687002653,,43836.70464233124,0.0,240663.50848639852,5.460875331564987,5.51155225464191,5.417188328912467,5.49,239737.99126637535,0.0,0.0,0.0,0.0,0.39064948436054686,3.900205557391316,2.165810621110263
1993-06-14,236.0,34134.0,94.37,95.5,92.75,94.87,15083500.0,5.52,0.005464480874316724,15083.5,235.0,0.16000843259196795,0.06665647728470425,0.0933519553072637,0.16000843259196795,1.8297536799424463,5.52,0.05818488457889743,,43836.70464233124,0.0,241978.60962566844,5.490907557710551,5.5566564772847045,5.3966480446927365,5.52,241048.0349344976,0.0,0.0,0.0,0.0,0.38880405106546984,3.936526457702179,2.165810621110263
1993-06-21,237.0,34141.0,95.25,96.37,94.62,94.75,12810900.0,5.52,0.0,12810.9,236.0,0.10195250659630606,0.09437889182058079,0.007573614775725268,0.10195250659630606,1.7266921275160434,5.52,0.05825857519788918,BUY,43836.70464233124,0.0,241978.60962566844,5.549129287598944,5.61437889182058,5.512426385224274,5.52,241048.0349344976,0.0,0.0,0.0,0.0,0.38568248801129557,3.975305975093713,2.165810621110263
1993-06-28,238.0,34148.0,94.87,96.25,94.87,95.62,12288400.0,5.57,0.009057971014492905,12288.4,237.0,0.08038694833716775,0.0866983894582729,0.006311441121105155,0.0866983894582729,1.5904431764960167,5.57,0.05825141183852751,BUY,43836.70464233124,0.0,244170.44485778504,5.526311441121105,5.6066983894582725,5.526311441121105,5.57,243231.4410480348,0.0,0.0,0.0,0.0,0.3912210327809352,3.9875571741452234,2.165810621110263
1993-07-06,239.0,34156.0,95.75,97.62,94.5,97.0,11741400.0,5.65,0.014362657091562037,11741.4,238.0,0.18173195876288695,0.11611340206185616,0.06561855670103078,0.18173195876288695,1.4152205076295508,5.65,0.05824742268041237,BUY,43836.70464233124,0.0,247677.38122917153,5.577190721649485,5.6861134020618564,5.5043814432989695,5.65,246724.89082969417,0.0,0.0,0.0,0.0,0.39606677160160453,4.004955022215501,2.165810621110263
1993-07-12,240.0,34162.0,97.12,100.87,96.75,99.87,16078500.0,5.81,0.028318584070796238,16078.5,239.0,0.2396835886652644,0.2181756283168106,0.021507960348453814,0.2396835886652644,1.4811566964056708,5.81,0.05817562831681185,BUY,43836.70464233124,0.0,254691.2539719445,5.650017022128767,5.868175628316811,5.6284920396515465,5.81,253711.79039301293,0.0,0.0,0.0,0.0,0.40078314174910296,4.02950556026139,2.165810621110263
1993-07-19,241.0,34169.0,99.87,100.25,97.37,97.75,11852100.0,5.69,-0.0206540447504302,11852.1,240.0,0.16764398976982076,0.025524296675192737,0.14211969309462802,0.16764398976982076,1.4829208728132048,5.81,0.05820971867007673,BUY,43836.70464233124,0.0,249430.8494148648,5.8134046035805635,5.835524296675192,5.667880306905372,5.69,248471.61572052387,0.0,0.0,0.0,0.0,0.39479465516917756,4.079110923052666,2.165810621110263
1993-07-26,242.0,34176.0,98.12,99.75,97.5,98.5,10385500.0,5.73,0.007029876977152849,10385.5,241.0,0.13088832487309698,0.11271573604060947,0.018172588832487513,0.13088832487309698,1.45177253057876,5.81,0.05817258883248731,,43836.70464233124,0.0,251184.31760055805,5.707894416243655,5.80271573604061,5.671827411167513,5.73,250218.34061135355,0.0,0.0,0.0,0.0,0.39064674329727556,4.123383141756813,2.165810621110263
1993-08-02,243.0,34183.0,98.5,99.87,97.75,99.37,8824300.0,5.78,0.008726003490401313,8824.3,242.0,0.12331287108785371,0.07908322431317227,0.04422964677468144,0.12331287108785371,1.4292044305943474,5.81,0.05816644862634598,,43836.70464233124,0.0,253376.1528326746,5.7293951896950785,5.809083224313173,5.685770353225319,5.78,252401.74672489066,0.0,0.0,0.0,0.0,0.38441624277557995,4.174569149158611,2.165810621110263
1993-08-09,244.0,34190.0,99.62,100.25,97.12,97.37,8853300.0,5.67,-0.01903114186851218,8853.3,243.0,0.18226455787203388,0.05770668583752592,0.12455787203450797,0.18226455787203388,1.5268717996416705,5.81,0.05823148813803019,,43836.70464233124,0.0,248554.11532201813,5.801020848310568,5.837706685837526,5.655442127965492,5.67,247598.253275109,0.0,0.0,0.0,0.0,0.37341551034609477,4.233778297305495,2.165810621110263
1993-08-16,245.0,34197.0,97.75,98.62,96.0,98.62,12836100.0,5.74,0.012345679012345734,12836.1,244.0,0.15249239505171364,0.07000000000000028,0.08249239505171335,0.15249239505171364,1.5185206468191659,5.81,0.05820320421821132,,43836.70464233124,0.0,251622.68464698133,5.689363212330156,5.74,5.587507604948287,5.74,250655.021834061,0.0,0.0,0.0,0.0,0.3638646746899081,4.290094410836206,2.165810621110263
1993-08-23,246.0,34204.0,98.5,99.62,97.37,98.0,8835100.0,5.71,-0.005226480836237002,8835.1,245.0,0.1310969387755101,0.06438979591836702,0.06670714285714308,0.1310969387755101,1.5509033492405035,5.81,0.05826530612244898,,43836.70464233124,0.0,250307.5835077114,5.739132653061224,5.804389795918367,5.673292857142857,5.71,249344.9781659387,0.0,0.0,0.0,0.0,0.35436615499011237,4.343596807646671,2.165810621110263
1993-08-30,247.0,34211.0,98.0,98.75,97.0,97.25,8739300.0,5.66,-0.008756567425569184,8739.3,246.0,0.1018508997429306,0.03730077120822628,0.06455012853470432,0.1018508997429306,1.5677394717790123,5.81,0.05820051413881748,,43836.70464233124,0.0,248115.74827559484,5.703650385604113,5.747300771208226,5.645449871465296,5.66,247161.5720524016,0.0,0.0,0.0,0.0,0.34415507067456164,4.3959537867282314,2.165810621110263
1993-09-07,248.0,34219.0,97.75,97.87,95.5,96.62,10676100.0,5.62,-0.007067137809187329,10676.1,247.0,0.13785344649140985,0.03270751397226235,0.1051459325191475,0.13785344649140985,1.5189855692551488,5.81,0.05816601117780998,,43836.70464233124,0.0,246362.2800899016,5.685727592630926,5.6927075139722625,5.554854067480853,5.62,245414.8471615719,0.0,0.0,0.0,0.0,0.3378908933370449,4.433565449584218,2.165810621110263
1993-09-13,249.0,34225.0,96.75,98.75,96.25,98.75,16883000.0,5.75,0.02313167259786475,16883.0,248.0,0.14556962025316444,0.1299999999999999,0.015569620253164551,0.14556962025316444,1.4144144932417044,5.81,0.05822784810126582,,43836.70464233124,0.0,252061.05169340465,5.633544303797468,5.75,5.6044303797468356,5.75,251091.7030567684,0.0,0.0,0.0,0.0,0.33454916079329755,4.46655392728505,2.165810621110263
1993-09-20,250.0,34232.0,98.12,98.75,94.5,94.87,10159400.0,5.56,-0.03304347826086962,10159.4,249.0,0.24907768525350527,0.037393275007905125,0.21168441024560014,0.24907768525350527,1.5048963771124648,5.81,0.05860651417729524,,43836.70464233124,0.0,243732.0778113617,5.750471171076209,5.787393275007905,5.5383155897544,5.56,242794.75982532735,0.0,0.0,0.0,0.0,0.3275272851933082,4.502401299211852,2.165810621110263
1993-09-27,251.0,34239.0,95.37,96.75,94.5,95.87,7938900.0,5.62,0.010791366906474975,7938.9,250.0,0.13189736100970073,0.11158652341712738,0.02031083759257335,0.13189736100970073,1.506017528375358,5.81,0.058621049337644726,,43836.70464233124,0.0,246362.2800899016,5.590689475331178,5.671586523417127,5.539689162407426,5.62,245414.84716157193,0.0,0.0,0.0,0.0,0.3261410664741954,4.521476602107194,2.165810621110263
1993-10-04,252.0,34246.0,95.75,96.75,94.75,96.0,7966300.0,5.62,0.0,7966.3,251.0,0.11708333333333343,0.043906250000000036,0.07317708333333339,0.11708333333333343,1.4990958197592243,5.81,0.058541666666666665,,43836.70464233124,0.0,246362.2800899016,5.605364583333333,5.66390625,5.546822916666667,5.62,245414.84716157193,0.0,0.0,0.0,0.0,0.3237133961998406,4.543399436329667,2.165810621110263
1993-10-11,253.0,34253.0,96.25,98.87,95.5,98.5,11909500.0,5.77,0.02669039145907459,11909.5,252.0,0.19741015228426395,0.17167411167512636,0.02573604060913759,0.19741015228426395,1.5159242579950356,5.81,0.05857868020304568,,43836.70464233124,0.0,252937.78578625125,5.638197969543146,5.7916741116751265,5.5942639593908625,5.77,251965.06550218325,0.0,0.0,0.0,0.0,0.3222085076889252,4.568137267363053,2.165810621110263
1993-10-18,254.0,34260.0,98.5,98.62,96.0,96.0,8907100.0,5.62,-0.025996533795493826,8907.1,253.0,0.1533791666666664,0.003379166666666933,0.14999999999999947,0.1533791666666664,1.5169095597894275,5.81,0.058541666666666665,,43836.70464233124,0.0,246362.2800899016,5.766354166666667,5.7733791666666665,5.62,5.62,245414.84716157193,0.0,0.0,0.0,0.0,0.3162076366605378,4.600212615665729,2.165810621110263
1993-10-25,255.0,34267.0,96.37,98.0,95.25,97.0,8776000.0,5.68,0.010676156583629748,8776.0,254.0,0.16103092783505168,0.11855670103092741,0.04247422680412427,0.16103092783505168,1.5501695476333626,5.81,0.05855670103092783,,43836.70464233124,0.0,248992.48236844144,5.643109278350516,5.7385567010309275,5.577525773195876,5.68,248034.93449781646,0.0,0.0,0.0,0.0,0.30782787591406546,4.64116201753191,2.165810621110263
1993-11-01,256.0,34274.0,96.87,98.62,93.25,94.12,12775400.0,5.51,-0.029929577464788748,12775.4,255.0,0.3143720781980459,0.09344028899277568,0.22093178920527023,0.3143720781980459,1.7863041903612686,5.81,0.058542286442838924,,43836.70464233124,0.0,241540.24257924512,5.670991287717807,5.773440288992775,5.4590682107947295,5.51,240611.35371179026,0.0,0.0,0.0,0.0,0.2945955797727774,4.690584221299764,2.165810621110263
1993-11-08,257.0,34281.0,94.12,95.0,92.75,93.87,9805200.0,5.5,-0.001814882032667886,9805.2,256.0,0.1318312559923296,0.056208586342814115,0.07562266964951547,0.1318312559923296,1.7796128675845126,5.81,0.05859166932992436,,43836.70464233124,0.0,241101.87553282184,5.514647917332481,5.566208586342814,5.434377330350484,5.5,240174.67248908288,0.0,0.0,0.0,0.0,0.2845054780552193,4.729468012179025,2.165810621110263
1993-11-15,258.0,34288.0,94.62,98.25,94.0,98.25,13944400.0,5.76,0.04727272727272713,13944.4,257.0,0.2491603053435112,0.2599999999999998,0.010839694656488597,0.2599999999999998,1.9067577339698851,5.81,0.05862595419847328,,43836.70464233124,0.0,252499.41873982793,5.547187786259542,5.76,5.510839694656489,5.76,251528.3842794759,0.0,0.0,0.0,0.0,0.2795026176369603,4.760755651029551,2.165810621110263
1993-11-22,259.0,34295.0,97.75,99.75,97.37,98.5,12963300.0,5.77,0.0017361111111111605,12963.3,258.0,0.13941725888324807,0.08322335025380667,0.0561939086294414,0.13941725888324807,1.7849128157807106,5.81,0.05857868020304568,,43836.70464233124,0.0,252937.78578625125,5.726065989847715,5.8432233502538065,5.703806091370558,5.77,251965.06550218334,0.0,0.0,0.0,0.0,0.26797520018082177,4.811281511743068,2.165810621110263
1993-11-29,260.0,34302.0,98.75,101.0,97.25,100.12,11419900.0,5.87,0.017331022530329365,11419.9,259.0,0.21986116660008026,0.15159408709548572,0.06826707950459454,0.21986116660008026,1.882650377547799,5.87,0.05862964442668797,,43836.70464233124,0.0,257321.4562504844,5.789677387135437,5.921594087095485,5.701732920495405,5.87,256331.8777292576,0.0,0.0,0.0,0.0,0.2461249954492208,4.893955804059876,2.165810621110263
1993-12-06,261.0,34309.0,100.37,101.87,99.25,101.62,12009300.0,5.95,0.013628620102214661,12009.3,260.0,0.15340484156662182,0.09463786656170114,0.058766975004920674,0.15340484156662182,1.9230076089181194,5.95,0.05855146624680181,BUY,43836.70464233124,0.0,260828.3926218709,5.876810667191498,5.964637866561701,5.811233024995079,5.95,259825.32751091698,0.0,0.0,0.0,0.0,0.2309007785650035,4.95933341944115,2.165810621110263
1993-12-13,262.0,34316.0,101.37,105.25,100.75,105.12,20016400.0,6.16,0.03529411764705892,20016.4,261.0,0.2636986301369868,0.2176179604261792,0.0460806697108076,0.2636986301369868,1.9966614731989227,6.16,0.05859969558599695,BUY,43836.70464233124,0.0,270034.10059676046,5.940251141552511,6.167617960426179,5.903919330289193,6.16,268995.6331877729,0.0,0.0,0.0,0.0,0.23201109739807926,4.985825915041389,2.165810621110263
1993-12-20,263.0,34323.0,104.75,106.75,104.0,106.12,13392600.0,6.22,0.009740259740259605,13392.6,262.0,0.16118545043347154,0.0969261213720305,0.06425932906144105,0.16118545043347154,2.005335121828706,6.22,0.05861289106671692,BUY,43836.70464233124,0.0,272664.3028753003,6.139700339238597,6.256926121372031,6.095740670938559,6.22,271615.7205240174,0.0,0.0,0.0,0.0,0.23573495638301573,5.006272365140021,2.165810621110263
1993-12-27,264.0,34330.0,105.37,107.0,104.87,104.87,9525600.0,6.19,-0.004823151125401881,9525.6,263.0,0.12572422999904642,0.09572422999904706,0.02999999999999936,0.12572422999904642,1.966105457566478,6.22,0.059025460093449035,BUY,43836.70464233124,0.0,271349.2017360304,6.219512730046725,6.315724229999047,6.19,6.19,270305.67685589514,0.0,0.0,0.0,0.0,0.24081064759521428,5.019680698085136,2.165810621110263
1994-01-03,265.0,34337.0,104.62,104.75,102.62,104.37,17555500.0,6.16,-0.004846526655896688,17555.5,264.0,0.12571428571428545,0.0075720992622407834,0.13328638497652623,0.13328638497652623,1.7648991317647895,6.22,0.05902079141515761,,43836.70464233124,0.0,270034.10059676046,6.17475519785379,6.18242790073776,6.056713615023474,6.16,268995.6331877729,0.0,0.0,0.0,0.0,0.24485035311263134,5.033239970876958,2.165810621110263
1994-01-10,266.0,34344.0,104.75,107.25,104.5,106.75,15066700.0,6.3,0.022727272727272707,15066.7,265.0,0.16229508196721287,0.16950819672131168,0.007213114754098804,0.16950819672131168,1.8067623992414361,6.3,0.05901639344262295,,43836.70464233124,0.0,276171.2392466868,6.1819672131147545,6.329508196721312,6.167213114754099,6.3,275109.17030567676,0.0,0.0,0.0,0.0,0.2522543214945126,5.04277883041006,2.165810621110263
1994-01-17,267.0,34351.0,106.87,109.0,106.37,108.0,14239400.0,6.37,0.011111111111111072,14239.4,266.0,0.15512129629629623,0.1289814814814818,0.02613981481481442,0.15512129629629623,1.6902305062373213,6.37,0.05898148148148148,BUY,43836.70464233124,0.0,279239.80857165,6.303350925925926,6.428981481481482,6.273860185185185,6.37,278165.9388646287,0.0,0.0,0.0,0.0,0.26788971955662566,5.029300091352338,2.165810621110263
1994-01-24,268.0,34358.0,108.0,109.5,106.0,107.87,12082800.0,6.36,-0.0015698587127158659,12082.8,267.0,0.20635950681375714,0.08610457031612118,0.12025493649763597,0.20635950681375714,1.7646107817156644,6.37,0.05895985908964494,BUY,43836.70464233124,0.0,278801.4415252267,6.367664781681653,6.456104570316121,6.249745063502364,6.36,277729.25764192134,0.0,0.0,0.0,0.0,0.28481476911619735,5.007719174770483,2.165810621110263
1994-01-31,269.0,34365.0,107.75,109.75,106.5,106.5,14681000.0,6.28,-0.012578616352201255,14681.0,268.0,0.19164319248826267,0.1116431924882626,0.08000000000000007,0.19164319248826267,1.7332574771469784,6.37,0.058967136150234745,,43836.70464233124,0.0,275294.50515384023,6.353708920187794,6.471643192488263,6.28,6.28,274235.807860262,0.0,0.0,0.0,0.0,0.2923654782515825,5.010793621444215,2.165810621110263
1994-02-07,270.0,34372.0,105.5,108.75,105.5,107.25,10333600.0,6.33,0.0079617834394905,10333.6,269.0,0.19181818181818233,0.13853146853146825,0.05328671328671408,0.19181818181818233,1.775938966315379,6.37,0.05902097902097902,,43836.70464233124,0.0,277486.34038595675,6.226713286713286,6.4185314685314685,6.226713286713286,6.33,276419.21397379914,0.0,0.0,0.0,0.0,0.295080827612532,5.0305906138955,2.165810621110263
1994-02-14,271.0,34379.0,106.87,109.75,106.87,108.0,13313700.0,6.37,0.006319115323854652,13313.7,270.0,0.1698666666666666,0.1432175925925927,0.02664907407407391,0.1698666666666666,1.6716812291261343,6.37,0.05898148148148148,,43836.70464233124,0.0,279239.80857165,6.303350925925926,6.473217592592593,6.303350925925926,6.37,278165.93886462884,0.0,0.0,0.0,0.0,0.3048421442272559,5.0286263467489345,2.165810621110263
1994-02-22,272.0,34387.0,107.87,108.37,104.62,105.12,11188800.0,6.2,-0.026687598116169498,11188.8,271.0,0.22117579908675733,0.021685692541856483,0.19949010654490085,0.22117579908675733,1.7383371720742296,6.37,0.05898021308980213,BUY,43836.70464233124,0.0,271787.5687824537,6.362195585996956,6.391685692541857,6.170509893455099,6.2,270742.35807860264,0.0,0.0,0.0,0.0,0.3044783721704536,5.049291874451915,2.165810621110263
1994-02-28,273.0,34393.0,105.37,106.5,103.62,104.87,12778000.0,6.23,0.004838709677419395,12778.0,272.0,0.17109182797749511,0.12683322208448544,0.04425860589300967,0.17109182797749511,1.7887456142725058,6.37,0.05940688471440832,,43836.70464233124,0.0,273102.66992172366,6.259703442357205,6.326833222084486,6.1557413941069905,6.23,272052.40174672497,0.0,0.0,0.0,0.0,0.30147426770265484,5.078753355133607,2.165810621110263
1994-03-07,274.0,34400.0,105.37,106.0,103.87,105.25,9764400.0,6.25,0.0032102728731941976,9764.4,273.0,0.12648456057007085,0.06453681710213655,0.0619477434679343,0.12648456057007085,1.7811880315986666,6.37,0.05938242280285035,,43836.70464233124,0.0,273979.4040145703,6.257125890736342,6.294536817102137,6.168052256532066,6.25,272925.7641921398,0.0,0.0,0.0,0.0,0.29870432080419745,5.107385539452921,2.165810621110263
1994-03-14,275.0,34407.0,104.75,105.37,102.37,104.5,17656300.0,6.21,-0.006399999999999961,17656.3,274.0,0.17827751196172237,0.011700478468899433,0.16657703349282293,0.17827751196172237,1.790931715199123,6.37,0.05942583732057416,,43836.70464233124,0.0,272225.93582887703,6.224856459330144,6.261700478468899,6.083422966507177,6.21,271179.0393013101,0.0,0.0,0.0,0.0,0.29696661952352466,5.130022475581432,2.165810621110263
1994-03-21,276.0,34414.0,104.62,104.75,102.12,102.12,10331700.0,6.07,-0.02254428341384862,10331.7,275.0,0.15632687034860915,0.016326870348609468,0.13999999999999968,0.15632687034860915,1.792271241923915,6.37,0.05943987465726596,,43836.70464233124,0.0,266088.7971789506,6.218599686643165,6.226326870348609,6.07,6.07,265065.50218340615,0.0,0.0,0.0,0.0,0.29218779257062216,5.156115884427104,2.165810621110263
1994-03-28,277.0,34421.0,102.37,103.62,96.62,100.0,20084700.0,5.94,-0.021416803953871466,20084.7,276.0,0.41579999999999995,0.08502800000000033,0.3307719999999996,0.41579999999999995,2.02498290101974,6.37,0.0594,,43836.70464233124,0.0,260390.0255754476,6.0807780000000005,6.155028000000001,5.739228000000001,5.94,259388.64628820965,0.0,0.0,0.0,0.0,0.2864623503494764,5.180673392418992,2.165810621110263
1994-04-04,278.0,34428.0,97.0,99.25,96.12,97.25,22340100.0,5.78,-0.026936026936026924,22340.1,277.0,0.18602982005141389,0.04113110539845799,0.22716092544987188,0.22716092544987188,2.064447048754862,6.37,0.05943444730077121,,43836.70464233124,0.0,253376.1528326746,5.765141388174807,5.898868894601542,5.7128390745501285,5.78,252401.74672489087,0.0,0.0,0.0,0.0,0.2808735417593495,5.200986877308943,2.165810621110263
1994-04-11,279.0,34435.0,97.5,99.62,96.5,96.75,12962100.0,5.75,-0.005190311418685201,12962.1,278.0,0.1854263565891472,0.14056847545219586,0.04485788113695133,0.1854263565891472,2.0573450207226003,6.37,0.059431524547803614,,43836.70464233124,0.0,252061.05169340465,5.794573643410852,5.920568475452196,5.735142118863049,5.75,251091.7030567686,0.0,0.0,0.0,0.0,0.27701175891042357,5.215031578333698,2.165810621110263
1994-04-18,280.0,34442.0,96.87,97.25,94.0,96.0,16142400.0,5.7,-0.008695652173912993,16142.4,279.0,0.19296874999999947,0.024218750000000178,0.1687499999999993,0.19296874999999947,2.0830140022040813,6.37,0.059375000000000004,,43836.70464233124,0.0,249869.2164612881,5.751656250000001,5.77421875,5.581250000000001,5.7,248908.2969432315,0.0,0.0,0.0,0.0,0.2759833427454191,5.218822130941331,2.165810621110263
1994-04-25,281.0,34449.0,95.87,98.0,95.12,95.25,12815100.0,5.66,-0.007017543859649145,12815.1,280.0,0.1711370078740151,0.12341207349081351,0.04772493438320158,0.1711370078740151,2.0274153453010344,6.37,0.05942257217847769,,43836.70464233124,0.0,248115.74827559484,5.696841994750656,5.823412073490814,5.652275065616799,5.66,247161.57205240178,0.0,0.0,0.0,0.0,0.27825345483552555,5.209488314130699,2.165810621110263
1994-05-02,282.0,34456.0,95.25,99.37,95.12,96.62,14484700.0,5.74,0.014134275618374659,14484.7,281.0,0.2524839577727178,0.2433719726764645,0.009111985096253328,0.2524839577727178,2.117851045073504,6.37,0.05940799006416891,,43836.70464233124,0.0,251622.68464698133,5.658611053612089,5.903371972676465,5.650888014903747,5.74,250655.02183406116,0.0,0.0,0.0,0.0,0.2774162681634841,5.212800793005925,2.165810621110263
1994-05-09,283.0,34463.0,96.0,96.37,92.62,95.37,16785300.0,5.66,-0.013937282229965153,16785.3,282.0,0.22255426234664988,0.02065219670755969,0.24320645905420957,0.24320645905420957,2.2475420433892137,6.37,0.05934780329243997,,43836.70464233124,0.0,248115.74827559484,5.697389116074238,5.7193478032924405,5.496793540945791,5.66,247161.57205240178,0.0,0.0,0.0,0.0,0.27870867350636114,5.207862462575561,2.165810621110263
1994-05-16,284.0,34470.0,47.5,48.63,47.0,47.63,13782800.0,5.66,0.0,13782.8,283.0,0.19369724963258506,0.11883266848624796,0.0748645811463371,0.19369724963258506,2.264675085245728,6.37,0.11883266848624816,,43836.70464233124,0.0,248115.74827559484,5.6445517530967875,5.778832668486248,5.585135418853663,5.66,247161.57205240178,0.0,0.0,0.0,0.0,0.2806256289168896,5.200143244780946,2.165810621110263
1994-05-23,285.0,34477.0,47.13,49.25,46.63,49.0,11885800.0,5.82,0.028268551236749095,11885.8,284.0,0.3111918367346931,0.1896938775510204,0.12149795918367268,0.3111918367346931,2.4367472701191546,6.37,0.11877551020408164,,43836.70464233124,0.0,255129.62101836785,5.597889795918368,5.8496938775510205,5.5385020408163275,5.82,254148.47161572054,0.0,0.0,0.0,0.0,0.2785511080746972,5.208988083471793,2.165810621110263
1994-05-31,286.0,34485.0,48.75,50.38,48.63,49.38,10265200.0,5.87,0.00859106529209619,10265.2,285.0,0.20802956662616445,0.16887403807209367,0.039155528554070784,0.20802956662616445,2.205891233037115,6.37,0.11887403807209396,,43836.70464233124,0.0,257321.4562504844,5.7951093560145805,5.988874038072094,5.7808444714459295,5.87,256331.87772925766,0.0,0.0,0.0,0.0,0.2773881754527771,5.215066146733911,2.165810621110263
1994-06-06,287.0,34491.0,49.5,49.63,47.63,47.75,9920100.0,5.67,-0.03407155025553665,9920.1,286.0,0.2374869109947646,0.023237696335079328,0.21424921465968527,0.2374869109947646,2.217364550309218,6.37,0.1187434554973822,,43836.70464233124,0.0,248554.11532201813,5.877801047120419,5.893237696335079,5.655750785340315,5.67,247598.25327510916,0.0,0.0,0.0,0.0,0.2781540237280975,5.212175916289511,2.165810621110263
1994-06-13,288.0,34498.0,47.75,48.5,47.38,47.75,16555900.0,5.67,0.0,16555.9,287.0,0.13299267015706828,0.08905759162303717,0.04393507853403111,0.13299267015706828,2.1591048987180192,6.37,0.1187434554973822,,43836.70464233124,0.0,248554.11532201813,5.67,5.759057591623037,5.626064921465969,5.67,247598.25327510916,0.0,0.0,0.0,0.0,0.27794114305119394,5.212952020420794,2.165810621110263
1994-06-20,289.0,34505.0,47.5,47.88,45.0,46.25,23078000.0,5.49,-0.031746031746031744,23078.0,288.0,0.34186378378378457,0.013485405405406325,0.32837837837837824,0.34186378378378457,2.3245438251444472,6.37,0.11870270270270271,,43836.70464233124,0.0,240663.50848639852,5.638378378378379,5.683485405405406,5.341621621621622,5.49,239737.99126637555,0.0,0.0,0.0,0.0,0.28191935848341254,5.199835750132931,2.165810621110263
1994-06-27,290.0,34512.0,46.0,47.88,45.75,46.38,13876300.0,5.55,0.010928961748633892,13876.3,289.0,0.2548835705045276,0.2394954721862863,0.015388098318241283,0.2548835705045276,2.417595561400572,6.37,0.11966364812419145,,43836.70464233124,0.0,243293.71076493838,5.504527813712807,5.7294954721862865,5.474611901681759,5.55,242358.07860262008,0.0,0.0,0.0,0.0,0.28624982952284983,5.184131523753849,2.165810621110263
1994-07-05,291.0,34520.0,46.63,47.63,46.38,47.38,9991900.0,5.67,0.021621621621621623,9991.9,290.0,0.14958843393837018,0.14991768678767414,0.0003292528493039626,0.14991768678767414,2.303633038083857,6.37,0.11967074715069649,,43836.70464233124,0.0,248554.11532201813,5.580246939636978,5.699917686787674,5.550329252849304,5.67,247598.25327510916,0.0,0.0,0.0,0.0,0.2835556510768146,5.193549896698206,2.165810621110263
1994-07-11,292.0,34526.0,47.38,48.25,46.63,47.88,12282100.0,5.73,0.010582010582010692,12282.1,291.0,0.19387218045112764,0.10427944862155414,0.0895927318295735,0.19387218045112764,2.2488171729693214,6.37,0.11967418546365916,,43836.70464233124,0.0,251184.31760055805,5.670162907268171,5.774279448621554,5.580407268170426,5.73,250218.34061135372,0.0,0.0,0.0,0.0,0.28138266584867283,5.201665286597829,2.165810621110263
1994-07-18,293.0,34533.0,47.88,49.75,47.25,49.63,10723000.0,5.94,0.03664921465968596,10723.0,292.0,0.2992141849687684,0.2243622808785002,0.0748519040902682,0.2992141849687684,2.3660582122317475,6.37,0.11968567398750755,,43836.70464233124,0.0,260390.0255754476,5.730550070521862,5.954362280878501,5.655148095909732,5.94,259388.6462882096,0.0,0.0,0.0,0.0,0.2777807865525407,5.21847486288694,2.165810621110263
1994-07-25,294.0,34540.0,49.63,50.63,48.5,50.38,9903400.0,6.03,0.015151515151515138,9903.4,293.0,0.25494045256053965,0.11992258832870117,0.13501786423183848,0.25494045256053965,2.303556674260466,6.37,0.11969035331480746,,43836.70464233124,0.0,264335.3289932574,5.9402322350138945,6.059922588328702,5.804982135768162,6.03,263318.7772925764,0.0,0.0,0.0,0.0,0.2774130515851337,5.225735663720092,2.165810621110263
1994-08-01,295.0,34547.0,50.25,50.88,48.38,49.0,11753200.0,5.87,-0.026533996683250405,11753.2,294.0,0.2994897959183671,0.06521632653061271,0.2342734693877544,0.2994897959183671,2.405179151251802,6.37,0.11979591836734695,,43836.70464233124,0.0,257321.4562504844,6.019744897959184,6.095216326530613,5.795726530612246,5.87,256331.8777292576,0.0,0.0,0.0,0.0,0.27348783859327297,5.241646257175354,2.165810621110263
1994-08-08,296.0,34554.0,49.38,49.63,47.25,48.13,13485300.0,5.76,-0.01873935264054516,13485.3,295.0,0.2848285892374829,0.06951381674631207,0.2153147724911708,0.2848285892374829,2.4577810159659337,6.37,0.1196758778308747,,43836.70464233124,0.0,252499.41873982793,5.909594847288593,5.939513816746312,5.654685227508829,5.76,251528.38427947593,0.0,0.0,0.0,0.0,0.2720116962177253,5.247287832626417,2.165810621110263
1994-08-15,297.0,34561.0,48.0,48.75,46.5,47.88,19604500.0,5.73,-0.005208333333333259,19604.5,296.0,0.2692669172932334,0.07411654135338441,0.19515037593984896,0.2692669172932334,2.609196846117228,6.37,0.11967418546365916,,43836.70464233124,0.0,251184.31760055805,5.7443609022556394,5.834116541353384,5.564849624060151,5.73,250218.34061135366,0.0,0.0,0.0,0.0,0.2658261341760047,5.268117591389256,2.165810621110263
1994-08-22,298.0,34568.0,47.63,51.13,47.5,50.75,14288200.0,6.07,0.05933682373472937,14288.2,297.0,0.4341694581280793,0.38545024630541835,0.048719211822660924,0.4341694581280793,2.711758706499778,6.37,0.11960591133004926,,43836.70464233124,0.0,266088.7971789506,5.696829556650247,6.115450246305419,5.6812807881773395,6.07,265065.5021834061,0.0,0.0,0.0,0.0,0.25761201452915045,5.302555329530781,2.165810621110263
1994-08-29,299.0,34575.0,51.0,51.25,49.5,50.0,10157400.0,5.99,-0.01317957166392092,10157.4,298.0,0.2096499999999999,0.06974999999999998,0.1398999999999999,0.2096499999999999,2.6614991837169693,6.37,0.1198,,43836.70464233124,0.0,262581.86080756417,6.1098,6.13975,5.9301,5.99,261572.05240174668,0.0,0.0,0.0,0.0,0.2559869679907599,5.312227701974318,2.165810621110263
1994-09-06,300.0,34583.0,50.25,50.25,48.75,49.13,8854300.0,5.88,-0.018363939899833093,8854.3,299.0,0.1795237125992264,0.024044372074088827,0.15547934052513757,0.1795237125992264,2.6943947679520273,6.37,0.11968247506615103,,43836.70464233124,0.0,257759.8232969077,6.014044372074089,6.014044372074089,5.834520659474863,5.88,256768.558951965,0.0,0.0,0.0,0.0,0.2546362489400662,5.318287426430321,2.165810621110263
1994-09-12,301.0,34589.0,49.38,51.38,49.0,51.0,13418400.0,6.1,0.03741496598639449,13418.4,300.0,0.2846666666666673,0.2654509803921572,0.01921568627451009,0.2846666666666673,2.795277530413738,6.37,0.1196078431372549,,43836.70464233124,0.0,267403.89831822057,5.906235294117647,6.145450980392157,5.86078431372549,6.1,266375.5458515283,0.0,0.0,0.0,0.0,0.2552373474040155,5.322394436368009,2.165810621110263
1994-09-19,302.0,34596.0,51.0,51.13,48.5,48.75,12800100.0,5.84,-0.042622950819672045,12800.1,301.0,0.31506051282051306,0.025111794871794935,0.2899487179487181,0.31506051282051306,2.812884561360121,6.37,0.11979487179487179,,43836.70464233124,0.0,256006.35511121445,6.109538461538461,6.125111794871795,5.8100512820512815,5.84,255021.8340611353,0.0,0.0,0.0,0.0,0.2559107332467047,5.318028044932017,2.165810621110263
1994-09-26,303.0,34603.0,48.63,49.75,48.13,48.13,9951700.0,5.8,-0.006849315068493178,9951.7,302.0,0.19522127571161363,0.1552212757116136,0.040000000000000036,0.19522127571161363,2.7465299204168696,6.37,0.12050696031581133,,43836.70464233124,0.0,254252.8869255212,5.860253480157906,5.9952212757116135,5.8,5.8,253275.10917030563,0.0,0.0,0.0,0.0,0.25499693807874846,5.31153204504703,2.165810621110263
1994-10-03,304.0,34610.0,48.38,48.5,46.63,46.75,14991800.0,5.64,-0.02758620689655178,14991.8,303.0,0.22559999999999913,0.051122994652406106,0.17447700534759303,0.22559999999999913,2.664430147174239,6.37,0.12064171122994652,,43836.70464233124,0.0,247239.0141827482,5.836645989304813,5.851122994652406,5.625522994652407,5.64,246288.20960698687,0.0,0.0,0.0,0.0,0.25565909037972184,5.295730322831181,2.165810621110263
1994-10-10,305.0,34617.0,47.0,51.0,46.75,50.38,13825400.0,6.08,0.07801418439716312,13825.4,304.0,0.5129019452163552,0.5148233425962685,0.0019213973799132589,0.5148233425962685,2.9199798731284448,6.37,0.12068281063914252,,43836.70464233124,0.0,266527.16422537394,5.672092100039698,6.154823342596268,5.641921397379913,6.08,265502.18340611353,0.0,0.0,0.0,0.0,0.25353608676737177,5.298354905032789,2.165810621110263
1994-10-17,306.0,34624.0,50.25,50.88,47.38,47.38,16638900.0,5.71,-0.0608552631578948,16638.9,305.0,0.4218024482904177,0.05180244829041758,0.3700000000000001,0.4218024482904177,3.0894637964586495,6.37,0.12051498522583368,,43836.70464233124,0.0,250307.5835077114,6.055878007598142,6.131802448290418,5.71,5.71,249344.97816593884,0.0,0.0,0.0,0.0,0.2531768409433176,5.288277409836827,2.165810621110263
1994-10-24,307.0,34631.0,47.5,49.5,47.38,49.38,15326600.0,5.95,0.042031523642731994,15326.6,306.0,0.2554475496152282,0.2544592952612392,0.000988254353988971,0.2554475496152282,2.8908838981110376,6.37,0.12049412717699473,,43836.70464233124,0.0,260828.3926218709,5.72347104090725,5.964459295261239,5.709011745646011,5.95,259825.327510917,0.0,0.0,0.0,0.0,0.24606190367514127,5.297528167641414,2.165810621110263
1994-10-31,308.0,34638.0,49.25,49.38,47.75,48.0,9672300.0,5.79,-0.026890756302521024,9672.3,307.0,0.19661874999999984,0.006462499999999594,0.19015625000000025,0.19661874999999984,2.876404731444371,6.37,0.120625,,43836.70464233124,0.0,253814.5198790979,5.94078125,5.9564625,5.75984375,5.79,252838.42794759822,0.0,0.0,0.0,0.0,0.23582301109936107,5.30897905761745,2.165810621110263
1994-11-07,309.0,34645.0,47.88,49.88,47.75,48.75,8777000.0,5.88,0.015544041450777257,8777.0,308.0,0.2569107692307693,0.22629538461538434,0.030615384615384933,0.2569107692307693,2.962390349923863,6.37,0.12061538461538461,,43836.70464233124,0.0,257759.8232969077,5.775064615384616,6.016295384615384,5.759384615384615,5.88,256768.55895196504,0.0,0.0,0.0,0.0,0.22425420054142906,5.326193766939109,2.165810621110263
1994-11-14,310.0,34652.0,48.88,49.5,48.0,48.75,12518200.0,5.88,0.0,12518.2,309.0,0.18092307692307674,0.09046153846153793,0.09046153846153882,0.18092307692307674,2.8471196946532067,6.37,0.12061538461538461,,43836.70464233124,0.0,257759.8232969077,5.8956800000000005,5.970461538461538,5.789538461538461,5.88,256768.55895196507,0.0,0.0,0.0,0.0,0.21546596021629286,5.338408270190973,2.165810621110263
1994-11-21,311.0,34659.0,48.63,48.63,45.38,46.25,16371300.0,5.58,-0.05102040816326525,16371.3,310.0,0.3921081081081086,0.012856216216215799,0.4049643243243244,0.4049643243243244,2.9470128185463307,6.37,0.12064864864864865,,43836.70464233124,0.0,244608.81190420833,5.867143783783784,5.867143783783784,5.4750356756756755,5.58,243668.12227074237,0.0,0.0,0.0,0.0,0.2079422424728959,5.3389248816226385,2.165810621110263
1994-11-28,312.0,34666.0,46.25,47.25,45.38,47.13,12730300.0,5.68,0.017921146953404854,12730.3,311.0,0.22536813070231165,0.11446212603437189,0.11090600466793976,0.22536813070231165,2.9805093240915506,6.37,0.12051771695310841,,43836.70464233124,0.0,248992.48236844144,5.573944409081264,5.694462126034372,5.46909399533206,5.68,248034.9344978166,0.0,0.0,0.0,0.0,0.1932926444564535,5.358719608371061,2.165810621110263
1994-12-05,313.0,34673.0,47.38,47.75,45.75,46.88,12376600.0,5.65,-0.005281690140845008,12376.6,312.0,0.24104095563139882,0.07485281569965885,0.16618813993173998,0.24104095563139882,2.9976659414597724,6.37,0.12052047781569966,,43836.70464233124,0.0,247677.38122917153,5.71026023890785,5.754852815699659,5.51381186006826,5.65,246724.89082969437,0.0,0.0,0.0,0.0,0.18695977101663117,5.361137157824276,2.165810621110263
1994-12-12,314.0,34680.0,46.88,50.38,46.5,50.25,21471600.0,6.06,0.07256637168141578,21471.6,313.0,0.46791641791044736,0.42567761194029785,0.04223880597014951,0.46791641791044736,2.945547136253304,6.37,0.12059701492537313,,43836.70464233124,0.0,265650.4301325273,5.653588059701493,6.075677611940298,5.607761194029851,6.06,264628.8209606987,0.0,0.0,0.0,0.0,0.17975659396959237,5.374998758978458,2.165810621110263
1994-12-19,315.0,34687.0,50.13,51.0,49.5,49.75,12889000.0,6.05,-0.0016501650165016146,12889.0,314.0,0.18241206030150803,0.14201005025125646,0.04040201005025157,0.18241206030150803,2.679557816265627,6.37,0.12160804020100502,,43836.70464233124,0.0,265212.063086104,6.096211055276382,6.202010050251256,6.019597989949748,6.05,264192.13973799127,0.0,0.0,0.0,0.0,0.17062226457395205,5.392956533687072,2.165810621110263
1994-12-27,316.0,34695.0,50.13,51.88,49.75,51.0,9861000.0,6.2,0.024793388429752206,9861.0,315.0,0.25894117647058845,0.25698039215686297,0.0019607843137254832,0.25894117647058845,2.683439623882694,6.37,0.12156862745098039,,43836.70464233124,0.0,271787.5687824537,6.094235294117647,6.306980392156863,6.048039215686274,6.2,270742.35807860264,0.0,0.0,0.0,0.0,0.1700701468462345,5.3940929255673415,2.165810621110263
1995-01-03,317.0,34702.0,50.75,51.63,50.13,50.88,10698900.0,6.19,-0.001612903225806428,10698.9,316.0,0.18248820754716988,0.08124410377358515,0.10124410377358473,0.18248820754716988,2.667739021157327,6.37,0.12165880503144655,,43836.70464233124,0.0,271349.2017360304,6.174184355345912,6.281244103773585,6.0987558962264155,6.19,270305.67685589526,0.0,0.0,0.0,0.0,0.1753117389961496,5.383915774460847,2.165810621110263
1995-01-09,318.0,34708.0,50.63,52.0,50.38,52.0,9849900.0,6.32,0.02100161550888524,9849.9,317.0,0.19689230769230726,0.1299999999999999,0.06689230769230736,0.19689230769230726,2.6010518416701474,6.37,0.12153846153846154,,43836.70464233124,0.0,277047.9733395335,6.153492307692308,6.32,6.123107692307693,6.32,275982.53275109176,0.0,0.0,0.0,0.0,0.1906671339758852,5.354795579694434,2.165810621110263
1995-01-16,319.0,34715.0,52.0,53.0,50.38,51.0,15287500.0,6.2,-0.01898734177215189,15287.5,318.0,0.318509803921569,0.1231372549019607,0.19537254901960832,0.318509803921569,2.7539259827795832,6.37,0.12156862745098039,,43836.70464233124,0.0,271787.5687824537,6.32156862745098,6.443137254901961,6.124627450980392,6.2,270742.3580786027,0.0,0.0,0.0,0.0,0.19873873570195477,5.344860477818284,2.165810621110263
1995-01-23,320.0,34722.0,50.38,51.5,49.88,50.5,11071200.0,6.14,-0.00967741935483879,11071.2,319.0,0.19696633663366292,0.061584158415841195,0.13538217821782172,0.19696633663366292,2.522817107567737,6.37,0.12158415841584158,,43836.70464233124,0.0,269157.3665039138,6.125409900990099,6.261584158415841,6.0646178217821785,6.14,268122.2707423581,0.0,0.0,0.0,0.0,0.20340030364215744,5.342718753089728,2.165810621110263
1995-01-30,321.0,34729.0,50.5,52.63,50.25,52.13,9674000.0,6.34,0.032573289902280145,9674.0,320.0,0.28945328985229235,0.26080951467485125,0.0286437751774411,0.28945328985229235,2.5940228399566045,6.37,0.12161902934970266,,43836.70464233124,0.0,277924.70743238006,6.141760982159984,6.400809514674851,6.111356224822559,6.34,276855.8951965066,0.0,0.0,0.0,0.0,0.21540024032859748,5.3283286674711885,2.165810621110263
1995-02-06,322.0,34736.0,52.38,52.75,51.75,52.13,9210300.0,6.34,0.0,9210.3,321.0,0.12161902934970215,0.07540379819681498,0.04621523115288717,0.12161902934970215,2.4613318107547193,6.37,0.12161902934970266,,43836.70464233124,0.0,277924.70743238006,6.370404757337425,6.415403798196815,6.293784768847113,6.34,276855.8951965066,0.0,0.0,0.0,0.0,0.22481005267969528,5.3213895024471025,2.165810621110263
1995-02-13,323.0,34743.0,52.13,54.25,51.88,53.63,15606400.0,6.52,0.028391167192429068,15606.4,322.0,0.28812977810926643,0.25537572254335217,0.032754055565914264,0.28812977810926643,2.261568877642296,6.52,0.12157374603766548,,43836.70464233124,0.0,285815.31426799967,6.337639380943502,6.595375722543352,6.307245944434086,6.52,284716.1572052402,0.0,0.0,0.0,0.0,0.24404898036778314,5.292316573470786,2.165810621110263
1995-02-21,324.0,34751.0,53.88,56.0,53.38,54.75,15828900.0,6.66,0.021472392638036908,15828.9,323.0,0.31870684931506865,0.29205479452054917,0.026652054794519486,0.31870684931506865,2.413007532101808,6.66,0.12164383561643836,BUY,43836.70464233124,0.0,291952.4529179261,6.5541698630136995,6.812054794520549,6.49334794520548,6.66,290829.69432314415,0.0,0.0,0.0,0.0,0.26744900607532623,5.258206753104368,2.413007532101808
1995-02-27,325.0,34757.0,54.63,54.88,52.63,53.0,10919800.0,6.49,-0.02552552552552556,10919.8,324.0,0.2755188679245286,0.06021132075471769,0.21530754716981093,0.2755188679245286,2.4314271892728527,6.66,0.12245283018867925,BUY,43836.70464233124,0.0,284500.2131287298,6.6895981132075475,6.720211320754718,6.444692452830189,6.49,283406.11353711796,0.0,0.0,0.0,0.0,0.27770175177470124,5.2528187912949535,2.4314271892728527
1995-03-06,326.0,34764.0,52.5,54.88,52.0,54.75,12989600.0,6.71,0.03389830508474567,12989.6,325.0,0.35296438356164384,0.23593242009132442,0.11703196347031941,0.35296438356164384,2.6208451626222677,6.71,0.12255707762557078,,43836.70464233124,0.0,294144.28815004264,6.434246575342466,6.725932420091325,6.372968036529681,6.71,293013.10043668124,0.0,0.0,0.0,0.0,0.30074861978436795,5.216908938343958,2.4314271892728527
1995-03-13,327.0,34771.0,54.75,55.38,53.5,54.25,14050600.0,6.65,-0.00894187779433675,14050.6,326.0,0.23045161290322635,0.07851612903225913,0.15193548387096723,0.23045161290322635,2.6581332795232893,6.71,0.12258064516129033,BUY,43836.70464233124,0.0,291514.08587150276,6.711290322580646,6.788516129032259,6.558064516129033,6.65,290393.0131004367,0.0,0.0,0.0,0.0,0.3180697284736813,5.192630556864578,2.6581332795232893
1995-03-20,328.0,34778.0,54.25,55.13,53.63,55.0,11252600.0,6.74,0.013533834586466176,11252.6,327.0,0.18381818181818232,0.10593090909090996,0.07788727272727236,0.18381818181818232,2.5084759216306374,6.74,0.12254545454545455,,43836.70464233124,0.0,295459.3892893126,6.64809090909091,6.75593090909091,6.572112727272728,6.74,294323.1441048035,0.0,0.0,0.0,0.0,0.33440065095615557,5.177900811634002,2.6581332795232893
1995-03-27,329.0,34785.0,55.13,55.38,53.88,54.0,10059300.0,6.61,-0.01928783382789312,10059.3,328.0,0.1836111111111114,0.0389222222222223,0.1446888888888891,0.1836111111111114,2.493636782161136,6.74,0.12240740740740741,BUY,43836.70464233124,0.0,289760.6176858095,6.7483203703703705,6.7789222222222225,6.595311111111111,6.61,288646.288209607,0.0,0.0,0.0,0.0,0.34216982678615615,5.181404701327294,2.6581332795232893
1995-04-03,330.0,34792.0,54.38,55.5,54.13,54.88,9891200.0,6.72,0.016641452344931862,9891.2,329.0,0.16775510204081634,0.18591836734693779,0.018163265306121446,0.18591836734693779,2.3785979793774086,6.74,0.12244897959183672,,43836.70464233124,0.0,294582.65519646596,6.658775510204081,6.795918367346938,6.628163265306122,6.72,293449.7816593886,0.0,0.0,0.0,0.0,0.3468002800825119,5.199828568086404,2.6581332795232893
1995-04-10,331.0,34799.0,54.63,55.38,54.13,55.0,7552800.0,6.74,0.0029761904761904656,7552.8,330.0,0.1531818181818183,0.0665672727272737,0.08661454545454461,0.1531818181818183,2.4136677447464265,6.74,0.12254545454545455,,43836.70464233124,0.0,295459.3892893126,6.694658181818182,6.7865672727272734,6.633385454545455,6.74,294323.1441048035,0.0,0.0,0.0,0.0,0.35208768038903965,5.215634457563987,2.6581332795232893
1995-04-17,332.0,34806.0,55.38,55.63,53.38,55.0,13983700.0,6.74,0.0,13983.7,331.0,0.2757272727272726,0.07720363636363725,0.19852363636363535,0.2757272727272726,2.3998871832108777,6.74,0.12254545454545455,BUY,43836.70464233124,0.0,295459.3892893126,6.7865672727272734,6.8172036363636375,6.541476363636365,6.74,294323.1441048035,0.0,0.0,0.0,0.0,0.35914002644659415,5.2241011533957105,2.6581332795232893
1995-04-24,333.0,34813.0,54.88,56.88,54.5,56.0,12850200.0,6.86,0.017804154302670572,12850.2,332.0,0.29155000000000086,0.2278000000000011,0.06374999999999975,0.29155000000000086,2.3697129061941355,6.86,0.12250000000000001,BUY,43836.70464233124,0.0,300719.79384639236,6.722800000000001,6.967800000000001,6.6762500000000005,6.86,299563.31877729256,0.0,0.0,0.0,0.0,0.3711613364241319,5.221608854061623,2.6581332795232893
1995-05-01,334.0,34820.0,56.0,57.88,56.0,57.38,12371700.0,7.03,0.02478134110787167,12371.7,333.0,0.23033112582781445,0.23125827814569533,0.0009271523178808749,0.23125827814569533,2.320534473106543,7.03,0.12251655629139073,BUY,43836.70464233124,0.0,308172.03363558865,6.860927152317881,7.091258278145696,6.860927152317881,7.03,306986.8995633187,0.0,0.0,0.0,0.0,0.39356332151614737,5.192189257185243,2.6581332795232893
1995-05-08,335.0,34827.0,57.13,59.25,56.63,59.0,15243200.0,7.23,0.02844950213371278,15243.2,334.0,0.3210610169491517,0.230635593220339,0.09042542372881268,0.3210610169491517,2.2850862879815517,7.23,0.12254237288135594,BUY,43836.70464233124,0.0,316939.3745640549,7.000845762711865,7.260635593220339,6.939574576271188,7.23,315720.52401746716,0.0,0.0,0.0,0.0,0.4249768863785172,5.142923637712245,2.6581332795232893
1995-05-15,336.0,34834.0,58.5,58.5,56.0,56.5,17881400.0,6.92,-0.042876901798063694,17881.4,335.0,0.3061946902654862,0.0650442477876112,0.3712389380530974,0.3712389380530974,2.4415166492591864,7.23,0.12247787610619469,BUY,43836.70464233124,0.0,303349.9961249322,7.164955752212389,7.164955752212389,6.858761061946903,6.92,302183.406113537,0.0,0.0,0.0,0.0,0.4355025405433932,5.142219258397615,2.6581332795232893
1995-05-22,337.0,34841.0,56.75,57.88,55.75,56.38,12385800.0,6.91,-0.0014450867052022698,12385.8,336.0,0.2610553387726151,0.17384178786803872,0.08721355090457639,0.2610553387726151,2.5273357125418894,7.23,0.12256119191202554,,43836.70464233124,0.0,302911.6290785089,6.9553476410074495,7.093841787868039,6.8327864490954235,6.91,301746.72489082965,0.0,0.0,0.0,0.0,0.44126096961724476,5.155871966200792,2.6581332795232893
1995-05-30,338.0,34849.0,56.38,58.38,56.0,56.75,11768800.0,6.95,0.005788712011577379,11768.8,337.0,0.29147136563876685,0.2396211453744499,0.05185022026431696,0.29147136563876685,2.64718043979484,7.23,0.12246696035242291,,43836.70464233124,0.0,304665.09726420214,6.904687224669604,7.14962114537445,6.858149779735683,6.95,303493.44978165935,0.0,0.0,0.0,0.0,0.4456959212887461,5.174540684583014,2.6581332795232893
1995-06-05,339.0,34855.0,56.63,58.13,55.5,55.63,12981000.0,6.81,-0.020143884892086406,12981.0,338.0,0.3219539816645698,0.16603990652525535,0.15591407513931443,0.3219539816645698,2.7983311223699863,7.23,0.12241596261010244,,43836.70464233124,0.0,298527.95861427573,6.932415962610102,7.1160399065252555,6.794085924860686,6.81,297379.9126637554,0.0,0.0,0.0,0.0,0.4514174911747174,5.1782855403558905,2.6581332795232893
1995-06-12,340.0,34862.0,55.75,58.25,55.75,57.38,13305100.0,7.03,0.032305433186490484,13305.1,339.0,0.3062913907284761,0.32658940397351,0.020298013245033886,0.32658940397351,2.991006217694088,7.23,0.12251655629139073,,43836.70464233124,0.0,308172.03363558865,6.8302980132450335,7.13658940397351,6.8302980132450335,7.03,306986.89956331876,0.0,0.0,0.0,0.0,0.4619973191513358,5.177201824072881,2.6581332795232893
1995-06-19,341.0,34869.0,57.25,57.88,56.75,57.13,13275900.0,7.0,-0.004267425320056972,13275.9,340.0,0.13845615263434308,0.06189567652721806,0.07656047610712502,0.13845615263434308,2.838482750924167,7.23,0.12252756870295815,,43836.70464233124,0.0,306856.9324963187,7.014703308244354,7.091895676527218,6.953439523892875,7.0,305676.8558951965,0.0,0.0,0.0,0.0,0.46753088443443547,5.190684984035864,2.6581332795232893
1995-06-26,342.0,34876.0,57.13,57.38,55.63,56.38,13158400.0,6.96,-0.005714285714285672,13158.4,341.0,0.2160340546293007,0.0834480312167436,0.1325860234125571,0.2160340546293007,2.754576144956722,7.23,0.12344803121674353,,43836.70464233124,0.0,305103.46431062545,7.052586023412558,7.083448031216744,6.867413976587443,6.96,303930.13100436685,0.0,0.0,0.0,0.0,0.4746549515405809,5.193850426026598,2.6581332795232893
1995-07-03,343.0,34883.0,56.5,60.0,56.38,60.0,12722200.0,7.4,0.06321839080459779,12722.2,342.0,0.4464666666666668,0.4400000000000004,0.0064666666666663986,0.4464666666666668,2.9936965766466903,7.4,0.12333333333333334,,43836.70464233124,0.0,324391.61435325124,6.968333333333334,7.4,6.953533333333334,7.4,323144.10480349354,0.0,0.0,0.0,0.0,0.49201210066225093,5.188506333710229,2.6581332795232893
1995-07-10,344.0,34890.0,60.0,60.0,58.0,58.13,10040600.0,7.17,-0.031081081081081097,10040.6,343.0,0.24668845690693342,0.0006537072079817463,0.24603474969895167,0.24668845690693342,2.9110603988220034,7.4,0.12334422845346636,BUY,43836.70464233124,0.0,314309.172285515,7.400653707207982,7.400653707207982,7.153965250301049,7.17,313100.43668122275,0.0,0.0,0.0,0.0,0.4953797238393926,5.213501909913715,2.9110603988220034
1995-07-17,345.0,34897.0,58.13,60.13,57.13,59.88,17759200.0,7.39,0.030683403068340276,17759.2,344.0,0.3702404809619235,0.25085337341349323,0.1193871075484303,0.3702404809619235,2.9099510020540325,7.4,0.12341349365397461,,43836.70464233124,0.0,323953.24730682786,7.174026386105544,7.420853373413493,7.05061289245157,7.39,322707.4235807861,0.0,0.0,0.0,0.0,0.498960370687845,5.247233219621851,2.9110603988220034
1995-07-24,346.0,34904.0,59.88,60.5,58.5,58.75,11984500.0,7.25,-0.018944519621109546,11984.5,345.0,0.24680851063829756,0.07595744680851091,0.17085106382978665,0.24680851063829756,2.8941211930159016,7.4,0.12340425531914893,,43836.70464233124,0.0,317816.1086569015,7.389446808510638,7.465957446808511,7.219148936170213,7.25,316593.88646288216,0.0,0.0,0.0,0.0,0.5078094468058901,5.253647114692593,2.9110603988220034
1995-07-31,347.0,34911.0,59.25,59.75,56.88,57.63,12648000.0,7.11,-0.0193103448275862,12648.0,346.0,0.3540812077043203,0.12155127537740729,0.232529932326913,0.3540812077043203,2.96368768419985,7.4,0.12337324310255075,,43836.70464233124,0.0,311678.97000697517,7.309864653826132,7.371551275377407,7.017470067673087,7.11,310480.3493449782,0.0,0.0,0.0,0.0,0.4989746774465589,5.309880379554334,2.9110603988220034
1995-08-07,348.0,34918.0,58.0,59.0,57.13,57.75,7700100.0,7.13,0.002812939521800173,7700.1,347.0,0.2308761904761898,0.1743290043290031,0.05654718614718668,0.2308761904761898,2.8624901384349832,7.4,0.12346320346320346,,43836.70464233124,0.0,312555.70409982174,7.160865800865801,7.284329004329003,7.053452813852814,7.13,311353.7117903931,0.0,0.0,0.0,0.0,0.49714245908815274,5.343241413255226,2.9110603988220034
1995-08-14,349.0,34925.0,57.75,58.88,57.13,57.25,10659700.0,7.06,-0.009817671809256745,10659.7,348.0,0.21580786026200904,0.13100960698689956,0.08479825327510948,0.21580786026200904,2.7393995343110933,7.4,0.12331877729257641,,43836.70464233124,0.0,309487.13477485854,7.121659388646288,7.2610096069868995,7.04520174672489,7.06,308296.94323144114,0.0,0.0,0.0,0.0,0.48601537616167795,5.402034730327512,2.9110603988220034
1995-08-21,350.0,34932.0,57.5,58.63,57.0,58.38,9202500.0,7.2,0.019830028328611915,9202.5,349.0,0.20102774922918876,0.17083247687564374,0.030195272353545022,0.20102774922918876,2.808923530527589,7.4,0.12332990750256938,,43836.70464233124,0.0,315624.27342478494,7.091469681397739,7.230832476875643,7.029804727646455,7.2,314410.48034934513,0.0,0.0,0.0,0.0,0.47980377210517045,5.449758862420001,2.9110603988220034
1995-08-28,351.0,34939.0,58.5,59.13,58.38,58.75,7962400.0,7.25,0.00694444444444442,7962.4,350.0,0.09255319148936181,0.09689361702127641,0.0043404255319146046,0.09689361702127641,2.676545266518673,7.4,0.12340425531914893,,43836.70464233124,0.0,317816.1086569015,7.219148936170213,7.296893617021277,7.204340425531915,7.25,316593.8864628822,0.0,0.0,0.0,0.0,0.47271929684640096,5.500884684713265,2.9110603988220034
1995-09-05,352.0,34947.0,59.0,59.38,58.38,58.75,8751300.0,7.25,0.0,8751.3,351.0,0.12340425531914967,0.07774468085106445,0.04565957446808522,0.12340425531914967,2.3175870316880984,7.4,0.12340425531914893,,43836.70464233124,0.0,317816.1086569015,7.280851063829787,7.3277446808510645,7.204340425531915,7.25,316593.8864628822,0.0,0.0,0.0,0.0,0.44721146717321475,5.605385966213304,2.9110603988220034
1995-09-11,353.0,34953.0,58.75,63.88,58.75,63.88,18990900.0,7.88,0.08689655172413802,18990.9,352.0,0.6328177833437705,0.6299999999999999,0.0028177833437705857,0.6328177833437705,2.7466196166179175,7.88,0.12335629304946774,,43836.70464233124,0.0,345433.23258157016,7.247182216656229,7.88,7.247182216656229,7.88,344104.80349344993,0.0,0.0,0.0,0.0,0.4507676049478792,5.6501541583620085,2.9110603988220034
1995-09-18,354.0,34960.0,63.38,63.5,61.25,63.0,12893500.0,7.77,-0.013959390862944177,12893.5,353.0,0.27749999999999986,0.04833333333333378,0.32583333333333364,0.32583333333333364,2.6972783414750396,7.88,0.12333333333333332,BUY,43836.70464233124,0.0,340611.19507091376,7.816866666666666,7.831666666666666,7.554166666666666,7.77,339301.31004366826,0.0,0.0,0.0,0.0,0.4399789081527715,5.728833217422947,2.9110603988220034
1995-09-25,355.0,34967.0,63.38,64.62,62.5,63.75,12742600.0,7.92,0.019305019305019266,12742.6,354.0,0.2633788235294121,0.25808470588235366,0.0052941176470584494,0.2633788235294121,2.7156898002429446,7.92,0.12423529411764705,,43836.70464233124,0.0,347186.7007672634,7.874032941176471,8.028084705882353,7.764705882352941,7.92,345851.5283842796,0.0,0.0,0.0,0.0,0.45403865533169946,5.739049703134164,2.9110603988220034
1995-10-02,356.0,34974.0,63.5,64.25,62.38,62.88,12375400.0,7.81,-0.01388888888888895,12375.4,355.0,0.23226304071246862,0.060160623409668545,0.17210241730280007,0.23226304071246862,2.580336281363109,7.92,0.12420483460559795,BUY,43836.70464233124,0.0,342364.66325660696,7.88700699745547,7.9801606234096685,7.7478975826972,7.81,341048.0349344979,0.0,0.0,0.0,0.0,0.45727850243851026,5.773876914635431,2.9110603988220034
1995-10-09,357.0,34981.0,62.75,63.75,61.88,63.0,10670100.0,7.82,0.001280409731114096,10670.1,356.0,0.23211746031746028,0.10309523809523835,0.12902222222222193,0.23211746031746028,2.581715470075632,7.92,0.12412698412698413,,43836.70464233124,0.0,342803.03030303033,7.788968253968254,7.913095238095238,7.680977777777778,7.82,341484.71615720534,0.0,0.0,0.0,0.0,0.46355787259981857,5.797690684354111,2.9110603988220034
1995-10-16,358.0,34988.0,63.25,65.25,62.5,64.62,11422800.0,8.03,0.026854219948849067,11422.8,357.0,0.3417285670071184,0.2882869080779926,0.05344165892912578,0.3417285670071184,2.7216273664590873,8.03,0.12426493345713399,,43836.70464233124,0.0,352008.7382779198,7.859757041163725,8.108286908077993,7.7665583410708745,8.03,350655.0218340612,0.0,0.0,0.0,0.0,0.47606907151867534,5.811290735837456,2.9110603988220034
1995-10-23,359.0,34995.0,64.12,64.37,60.88,62.25,11214700.0,7.73,-0.03735990037359882,11214.7,358.0,0.43337670682730955,0.03674538152610296,0.4701220883534125,0.4701220883534125,3.0206210765971138,8.03,0.12417670682730925,BUY,43836.70464233124,0.0,338857.7268852205,7.96221044176707,7.993254618473896,7.559877911646587,7.73,337554.5851528385,0.0,0.0,0.0,0.0,0.4765269455169278,5.844536294744265,3.0206210765971138
1995-10-30,360.0,35002.0,62.5,64.0,61.75,62.75,8977000.0,7.79,0.0077619663648123005,8977.0,359.0,0.27932270916334634,0.21517928286852595,0.0641434262948204,0.27932270916334634,3.22332006786608,8.03,0.12414342629482072,,43836.70464233124,0.0,341487.9291637604,7.7589641434262955,7.945179282868526,7.66585657370518,7.79,340174.672489083,0.0,0.0,0.0,0.0,0.47159872132565955,5.895637343027313,3.0206210765971138
1995-11-06,361.0,35009.0,62.75,65.62,62.13,65.62,10043600.0,8.15,0.04621309370988458,10043.6,360.0,0.4334577872599814,0.3600000000000003,0.07345778725998109,0.4334577872599814,3.567823992244782,8.15,0.1241999390429747,,43836.70464233124,0.0,357269.14283499966,7.793546174946663,8.15,7.716542212740019,8.15,355895.19650655024,0.0,0.0,0.0,0.0,0.4763415258576612,5.9328047219412126,3.0206210765971138
1995-11-13,362.0,35016.0,65.37,67.87,65.12,67.0,14801100.0,8.32,0.020858895705521352,14801.1,361.0,0.34149253731343343,0.27803582089552314,0.06345671641791029,0.34149253731343343,3.244129274433296,8.32,0.12417910447761195,BUY,43836.70464233124,0.0,364721.38262419595,8.117588059701493,8.428035820895523,8.08654328358209,8.32,363318.7772925764,0.0,0.0,0.0,0.0,0.4944680290643832,5.9357811468512365,3.244129274433296
1995-11-20,363.0,35023.0,67.0,67.5,65.75,66.0,9515500.0,8.2,-0.014423076923077094,9515.5,362.0,0.21742424242424363,0.0663636363636364,0.15106060606060723,0.21742424242424363,3.123674728978752,8.32,0.12424242424242424,BUY,43836.70464233124,0.0,359460.9780671162,8.324242424242424,8.386363636363637,8.168939393939393,8.2,358078.6026200873,0.0,0.0,0.0,0.0,0.5013349223250411,5.963979767358128,3.244129274433296
1995-11-27,364.0,35030.0,66.0,68.87,65.0,68.62,11921000.0,8.52,0.039024390243902474,11921.0,363.0,0.4805071407752841,0.35104051296997874,0.12946662780530538,0.4805071407752841,3.3649284148074985,8.52,0.12416205187991837,,43836.70464233124,0.0,373488.7235526622,8.194695424074613,8.551040512969978,8.070533372194694,8.52,372052.40174672485,0.0,0.0,0.0,0.0,0.5277188740172757,5.94680037593242,3.244129274433296
1995-12-04,365.0,35037.0,68.37,71.37,68.25,70.37,13394400.0,8.74,0.025821596244131495,13394.4,364.0,0.3875060395054728,0.3442006536876523,0.04330538581782051,0.3875060395054728,3.5374206356886146,8.74,0.12420065368765099,BUY,43836.70464233124,0.0,383132.79857397504,8.491598692624699,8.864200653687652,8.476694614182179,8.74,381659.3886462882,0.0,0.0,0.0,0.0,0.5656312641184942,5.902751107996446,3.5374206356886146
1995-12-11,366.0,35044.0,70.5,72.5,70.25,72.37,19070700.0,8.99,0.028604118993134975,19070.7,365.0,0.2795011745198277,0.26614895675003325,0.01335221776979445,0.2795011745198277,3.590069207024578,8.99,0.12422274423103495,BUY,43836.70464233124,0.0,394091.97473455785,8.757703468287964,9.006148956750033,8.726647782230206,8.99,392576.4192139738,0.0,0.0,0.0,0.0,0.6064873360233559,5.86158653799039,3.590069207024578
1995-12-18,367.0,35051.0,72.0,73.12,70.0,71.62,15741100.0,8.89,-0.011123470522803047,15741.1,366.0,0.38727729684445755,0.0861910080982966,0.30108628874616095,0.38727729684445755,3.640678906843844,8.99,0.12412733873219771,BUY,43836.70464233124,0.0,389708.30427032476,8.937168388718234,9.076191008098297,8.68891371125384,8.89,388209.60698689957,0.0,0.0,0.0,0.0,0.6402316839716746,5.83039639982691,3.640678906843844
1995-12-26,368.0,35059.0,71.87,72.25,71.0,72.0,8690700.0,9.0,0.01237345331833506,8690.7,367.0,0.15625,0.14124999999999943,0.015000000000000568,0.15625,3.291932142006719,9.0,0.125,,43836.70464233124,0.0,394530.34178098117,8.98375,9.03125,8.875,9.0,393013.1004366812,0.0,0.0,0.0,0.0,0.6721458263633526,5.807928117018448,3.640678906843844
1996-01-02,369.0,35066.0,71.37,74.37,71.25,72.87,16037800.0,9.11,0.012222222222222134,16037.8,368.0,0.39005351996706494,0.29752573075339406,0.09252778921367089,0.39005351996706494,3.414966376233073,9.109999999999998,0.1250171538355976,BUY,43836.70464233124,0.0,399352.3792916375,8.922474269246601,9.297525730753394,8.90747221078633,9.109999999999998,397816.59388646274,0.0,0.0,0.0,0.0,0.706347106162608,5.78022979556909,3.640678906843844
1996-01-08,370.0,35072.0,73.25,73.62,69.87,70.25,12336900.0,8.78,-0.03622392974753019,12336.9,369.0,0.46868327402135357,0.09119003558719108,0.3774932384341625,0.46868327402135357,3.454105805967931,9.109999999999998,0.12498220640569394,BUY,43836.70464233124,0.0,384886.2667596683,9.15494661921708,9.201190035587189,8.732506761565835,8.78,383406.11353711784,0.0,0.0,0.0,0.0,0.7154626846060352,5.810367678728813,3.640678906843844
1996-01-15,371.0,35079.0,70.12,74.62,69.5,74.25,15543100.0,9.28,0.056947608200455635,15543.1,370.0,0.6399138047138049,0.5462437710437715,0.09367003367003335,0.6399138047138049,3.7856849919683433,9.28,0.12498316498316497,,43836.70464233124,0.0,406804.6190808339,8.763819528619528,9.326243771043771,8.686329966329966,9.28,405240.174672489,0.0,0.0,0.0,0.0,0.7470349878364377,5.793875945043049,3.640678906843844
1996-01-22,372.0,35086.0,74.25,75.5,72.62,75.5,12998700.0,9.44,0.01724137931034475,12998.7,371.0,0.36009536423841126,0.16000000000000192,0.20009536423840935,0.36009536423841126,3.944208460650752,9.440000000000001,0.12503311258278146,BUY,43836.70464233124,0.0,413818.491823607,9.283708609271523,9.440000000000001,9.07990463576159,9.440000000000001,412227.0742358079,0.0,0.0,0.0,0.0,0.7811312134560756,5.7744890395305415,3.944208460650752
1996-01-29,373.0,35093.0,75.37,77.75,74.5,77.12,12953700.0,9.64,0.021186440677966267,12953.7,372.0,0.40625,0.2787499999999987,0.12750000000000128,0.40625,3.8617005264559916,9.64,0.125,BUY,43836.70464233124,0.0,422585.8327520732,9.42125,9.71875,9.3125,9.64,420960.69868995633,0.0,0.0,0.0,0.0,0.8189112924716268,5.750770549308736,3.944208460650752
1996-02-05,374.0,35100.0,76.87,80.0,76.62,79.37,14976800.0,9.92,0.029045643153526868,14976.8,373.0,0.42244676830036454,0.3587400781151544,0.06370669018521014,0.42244676830036454,3.900523558450316,9.92,0.12498425097643945,BUY,43836.70464233124,0.0,434860.11005192593,9.6075393725589,9.998740078115155,9.57629330981479,9.92,433187.7729257642,0.0,0.0,0.0,0.0,0.8679890535171421,5.702710293036413,3.944208460650752
1996-02-12,375.0,35107.0,79.25,80.0,77.5,77.5,15493000.0,9.69,-0.02318548387096775,15493.0,374.0,0.31258064516129025,0.08258064516128982,0.23000000000000043,0.31258064516129025,3.937278525829719,9.92,0.12503225806451612,BUY,43836.70464233124,0.0,424777.6679841897,9.908806451612902,10.00258064516129,9.69,9.69,423144.1048034934,0.0,0.0,0.0,0.0,0.9013479891260164,5.684191002794713,3.944208460650752
1996-02-20,376.0,35115.0,76.75,80.5,76.37,79.75,14130300.0,9.97,0.028895768833849367,14130.3,375.0,0.5163147335423179,0.3737617554858943,0.14255297805642364,0.5163147335423179,4.080653455494009,9.97,0.12501567398119123,,43836.70464233124,0.0,437051.9452840425,9.594952978056428,10.063761755485894,9.547447021943576,9.97,435371.17903930135,0.0,0.0,0.0,0.0,0.946838252806678,5.637294611885744,3.944208460650752
1996-02-26,377.0,35121.0,79.25,79.62,75.25,76.87,15136900.0,9.61,-0.03610832497492489,15136.9,376.0,0.5463210615324581,0.016205281644335656,0.5625263431767937,0.5625263431767937,4.532071614579334,9.97,0.12501626122024195,BUY,43836.70464233124,0.0,421270.73161280324,9.907538701704174,9.953794718355665,9.407473656823207,9.61,419650.655021834,0.0,0.0,0.0,0.0,0.962494219178074,5.663764452054815,4.532071614579334
1996-03-04,378.0,35128.0,76.75,78.75,73.62,74.75,12831200.0,9.4,-0.02185223725286156,12831.2,377.0,0.6451103678929755,0.29301003344481735,0.35210033444815814,0.6451103678929755,4.81546811227479,9.97,0.12575250836120402,,43836.70464233124,0.0,412065.0236379137,9.651505016722409,9.903010033444817,9.257899665551841,9.4,410480.34934497817,0.0,0.0,0.0,0.0,0.965935387032429,5.715893239735999,4.532071614579334
1996-03-11,379.0,35135.0,74.37,76.62,73.87,75.75,20809200.0,9.52,0.012765957446808418,20809.2,378.0,0.3456105610561053,0.2293386138613851,0.11627194719472023,0.3456105610561053,4.678720653424515,9.97,0.12567656765676566,,43836.70464233124,0.0,417325.42819499335,9.346566336633662,9.629338613861385,9.28372805280528,9.519999999999998,415720.52401746716,0.0,0.0,0.0,0.0,0.9706563275059448,5.766773815381478,4.532071614579334
1996-03-18,380.0,35142.0,76.0,78.87,75.75,78.37,10609200.0,9.85,0.034663865546218586,10609.2,379.0,0.3921398494321817,0.3928429245884928,0.0007030751563110726,0.3928429245884928,4.4041974532852795,9.97,0.12568584917698097,,43836.70464233124,0.0,431791.54072696273,9.552124537450554,9.91284292458849,9.520703075156309,9.85,430131.0043668122,0.0,0.0,0.0,0.0,0.978228315131936,5.821990187779916,4.532071614579334
1996-03-25,381.0,35149.0,78.75,79.5,77.0,77.87,10701400.0,9.79,-0.006091370558375719,10701.4,380.0,0.31430589443945145,0.144927443174522,0.16937845126492945,0.31430589443945145,4.353320264619768,9.97,0.12572235777578014,,43836.70464233124,0.0,429161.3384484229,9.900635674842686,9.994927443174522,9.68062154873507,9.790000000000001,427510.9170305677,0.0,0.0,0.0,0.0,0.9856856520412878,5.87066391867727,4.532071614579334
1996-04-01,382.0,35156.0,78.5,80.62,78.0,80.37,12740800.0,10.11,0.03268641470888656,12740.8,381.0,0.3295782008212029,0.3514483016050747,0.02187010078387175,0.3514483016050747,4.292429488625407,10.109999999999998,0.12579320642030606,,43836.70464233124,0.0,443189.08393396874,9.874766703994025,10.141448301605076,9.811870100783873,10.109999999999998,441484.7161572051,0.0,0.0,0.0,0.0,0.9996081921308391,5.911711226989978,4.532071614579334
1996-04-08,383.0,35163.0,78.75,79.75,74.12,76.87,17581200.0,9.67,-0.04352126607319484,17581.2,382.0,0.7082359828281515,0.07770521659945118,0.7859411994276027,0.7859411994276027,4.696312189877894,10.109999999999998,0.12579679979185637,BUY,43836.70464233124,0.0,423900.9338913431,9.90649798360869,10.032294783400546,9.324058800572395,9.67,422270.74235807854,0.0,0.0,0.0,0.0,0.9910561969357523,5.999188775953305,4.696312189877894
1996-04-15,384.0,35170.0,77.5,80.0,77.12,79.12,14887000.0,9.95,0.028955532574974185,14887.0,383.0,0.3621840242669361,0.3906673407482284,0.02848331648129232,0.3906673407482284,4.783075184974492,10.109999999999998,0.12575834175935285,,43836.70464233124,0.0,436175.21119119576,9.746271486349846,10.060667340748228,9.698483316481292,9.949999999999998,434497.8165938863,0.0,0.0,0.0,0.0,1.00148622453914,6.035308828896055,4.696312189877894
1996-04-22,385.0,35177.0,79.5,80.0,77.5,77.87,10981600.0,9.79,-0.016080402010050232,10981.6,384.0,0.3143058944394497,0.10778862206241335,0.20651727237703632,0.3143058944394497,4.558620919304638,10.109999999999998,0.12572235777578014,,43836.70464233124,0.0,429161.3384484229,9.994927443174522,10.05778862206241,9.743482727622961,9.790000000000001,427510.91703056765,0.0,0.0,0.0,0.0,0.9956643667578772,6.1137659123736015,4.696312189877894
1996-04-29,386.0,35184.0,77.62,78.62,76.62,77.0,12080600.0,9.68,-0.011235955056179692,12080.6,385.0,0.2514285714285709,0.09365714285714333,0.15777142857142756,0.2514285714285709,4.212956728473279,10.109999999999998,0.12571428571428572,,43836.70464233124,0.0,424339.3009377665,9.757942857142858,9.883657142857144,9.632228571428573,9.680000000000001,422707.42358078604,0.0,0.0,0.0,0.0,0.9902726777027601,6.18309879354798,4.696312189877894
1996-05-06,387.0,35191.0,77.37,78.12,73.75,77.75,14004800.0,9.78,0.010330578512396604,14004.8,386.0,0.5496926045016082,0.1465414790996764,0.40315112540193176,0.5496926045016082,4.10693699137176,10.109999999999998,0.1257877813504823,,43836.70464233124,0.0,428722.97140199953,9.732200643086816,9.826541479099678,9.27684887459807,9.78,427074.23580786015,0.0,0.0,0.0,0.0,0.9793301623683407,6.2721623989571995,4.696312189877894
1996-05-13,388.0,35198.0,77.5,82.0,77.37,81.25,14118600.0,10.22,0.04498977505112478,14118.6,387.0,0.5823827692307688,0.5343384615384625,0.048044307692306276,0.5823827692307688,4.370017222676942,10.22,0.12578461538461538,,43836.70464233124,0.0,448011.1214446253,9.748307692307693,10.314338461538462,9.731955692307693,10.22,446288.2096069868,0.0,0.0,0.0,0.0,0.9720678388891835,6.366171866191678,4.696312189877894
1996-05-20,389.0,35205.0,81.75,85.62,81.62,85.0,18621700.0,10.69,0.045988258317025243,18621.7,388.0,0.5030588235294111,0.5479741176470583,0.044915294117647164,0.5479741176470583,4.542385214964237,10.69,0.12576470588235295,BUY,43836.70464233124,0.0,468614.372626521,10.281264705882354,10.767974117647059,10.264915294117648,10.69,466812.2270742356,0.0,0.0,0.0,0.0,0.9783222049530871,6.437365219324603,4.696312189877894
1996-05-28,390.0,35213.0,85.0,85.25,81.75,82.75,13079800.0,10.41,-0.026192703461178635,13079.8,389.0,0.44030211480362524,0.03450151057401918,0.40580060422960607,0.44030211480362524,4.6823810153688745,10.69,0.12580060422960726,BUY,43836.70464233124,0.0,456340.09532666823,10.693051359516618,10.724501510574019,10.284199395770393,10.41,454585.1528384278,0.0,0.0,0.0,0.0,0.9624058318234748,6.558863469221804,4.696312189877894
1996-06-03,391.0,35219.0,82.5,86.75,81.87,85.87,15260200.0,10.8,0.03746397694524495,15260.2,390.0,0.6137649935949678,0.5006789332712245,0.11308606032374335,0.6137649935949678,4.973844006468756,10.800000000000002,0.1257715150809363,,43836.70464233124,0.0,473436.4101371775,10.376149994177245,10.910678933271225,10.296913939676257,10.800000000000002,471615.72052401747,0.0,0.0,0.0,0.0,0.9616044123265983,6.648671896012776,4.696312189877894
1996-06-10,392.0,35226.0,86.12,86.62,84.37,85.75,12396800.0,10.78,-0.0018518518518519933,12396.8,391.0,0.2828571428571429,0.08937142857142533,0.1934857142857176,0.2828571428571429,4.414861721390467,10.800000000000002,0.1257142857142857,BUY,43836.70464233124,0.0,472559.6760443307,10.826514285714284,10.889371428571428,10.606514285714285,10.779999999999998,470742.3580786024,0.0,0.0,0.0,0.0,0.9543486991761704,6.752908739864454,4.696312189877894
1996-06-17,393.0,35233.0,86.37,87.0,84.62,87.0,16992800.0,10.94,0.014842300556586308,16992.8,392.0,0.29927816091954007,0.16000000000000192,0.13927816091953815,0.29927816091954007,4.31331818824748,10.94,0.1257471264367816,,43836.70464233124,0.0,479573.5487871038,10.860779310344828,10.94,10.64072183908046,10.94,477729.2576419213,0.0,0.0,0.0,0.0,0.9459391903364389,6.863932511963782,4.696312189877894
1996-06-24,394.0,35240.0,87.0,88.12,85.75,86.75,15435200.0,10.91,-0.002742230347349106,15435.2,393.0,0.2980599423631123,0.14229625360230713,0.15576368876080515,0.2980599423631123,4.295267130384882,10.94,0.12576368876080693,BUY,43836.70464233124,0.0,478258.44764783396,10.941440922190203,11.082296253602307,10.784236311239194,10.910000000000002,476419.2139737991,0.0,0.0,0.0,0.0,0.9559850605788469,6.912720275382153,4.696312189877894
1996-07-01,395.0,35247.0,86.87,87.87,85.37,85.62,10511500.0,10.82,-0.008249312557286892,10511.5,394.0,0.31593085727633863,0.19433777154870313,0.1215930857276355,0.31593085727633863,4.366936336882403,10.94,0.12637234291053492,,43836.70464233124,0.0,474313.1442300241,10.97796542863817,11.104337771548705,10.788406914272366,10.82,472489.0829694322,0.0,0.0,0.0,0.0,0.9524864608280132,6.995857018661674,4.696312189877894
1996-07-08,396.0,35254.0,85.37,85.75,82.25,84.0,12908000.0,10.62,-0.01848428835489846,12908.0,395.0,0.442499999999999,0.021249999999998437,0.42125000000000057,0.442499999999999,4.247833442991726,10.94,0.12642857142857142,,43836.70464233124,0.0,465545.8033015578,10.793207142857142,10.841249999999999,10.39875,10.62,463755.45851528365,0.0,0.0,0.0,0.0,0.9427573567310094,7.0860334374407685,4.696312189877894
1996-07-15,397.0,35261.0,83.5,84.0,78.0,82.12,18507100.0,10.38,-0.022598870056497078,18507.1,396.0,0.7584023380418898,0.0023672674135397642,0.7607696054554296,0.7607696054554296,4.4460410387969045,10.94,0.12640038967364833,,43836.70464233124,0.0,455024.9941873984,10.554432537749635,10.61763273258646,9.85923039454457,10.380000000000003,453275.10917030566,0.0,0.0,0.0,0.0,0.917193622084561,7.212625700886159,4.696312189877894
1996-07-22,398.0,35268.0,81.62,81.75,77.87,81.37,14710200.0,10.29,-0.008670520231214063,14710.2,397.0,0.49066240629224467,0.04194543443529852,0.5326078407275432,0.5326078407275432,4.428967397775221,10.94,0.12645938306501167,,43836.70464233124,0.0,451079.6907695885,10.321614845766254,10.338054565564704,9.84739215927246,10.290000000000001,449344.97816593875,0.0,0.0,0.0,0.0,0.8850547057909528,7.353216894059203,4.696312189877894
1996-07-29,399.0,35275.0,81.12,86.37,79.5,86.12,12084200.0,10.89,0.05830903790087483,12084.2,398.0,0.8687215513237359,0.6316128657686964,0.2371086855550395,0.8687215513237359,4.9049889939086775,10.94,0.1264514630747794,,43836.70464233124,0.0,477381.71355498733,10.257742684626106,10.921612865768697,10.052891314444961,10.890000000000002,475545.8515283842,0.0,0.0,0.0,0.0,0.8738924664005632,7.450878590096153,4.696312189877894
1996-08-05,400.0,35282.0,85.75,87.0,83.62,83.75,9253500.0,10.59,-0.02754820936639124,9253.5,399.0,0.4273934328358191,0.11095522388059287,0.31643820895522623,0.4273934328358191,4.697909481954067,10.94,0.12644776119402984,,43836.70464233124,0.0,464230.70216228784,10.842895522388059,11.000955223880595,10.573561791044776,10.59,462445.41484716133,0.0,0.0,0.0,0.0,0.8321470835075446,7.624998144889675,4.696312189877894
1996-08-12,401.0,35289.0,83.75,85.62,83.62,84.87,9266600.0,10.73,0.013220018885741425,9266.6,400.0,0.2528573111818062,0.23482149169317879,0.018035819488627425,0.2528573111818062,4.664576335648138,10.94,0.12642865559090374,,43836.70464233124,0.0,470367.84081221424,10.58839990573819,10.824821491693179,10.571964180511372,10.73,468558.95196506527,0.0,0.0,0.0,0.0,0.7895915705632763,7.803094244323517,4.696312189877894
1996-08-19,402.0,35296.0,85.12,86.12,83.87,85.75,10288200.0,10.84,0.010251630941286116,10288.2,401.0,0.28443148688046804,0.15677317784256672,0.12765830903790132,0.28443148688046804,4.64808003116028,10.94,0.1264139941690962,,43836.70464233124,0.0,475189.87832287065,10.76035918367347,10.886773177842567,10.602341690962099,10.84,473362.44541484694,0.0,0.0,0.0,0.0,0.7629788361040274,7.935235836569201,4.696312189877894
1996-08-26,403.0,35303.0,85.87,86.75,83.12,83.12,10110700.0,10.51,-0.030442804428044257,10110.7,402.0,0.4589906159769015,0.12899061597690142,0.33000000000000007,0.4589906159769015,4.826891890731157,10.94,0.1264436958614052,,43836.70464233124,0.0,460723.7657909013,10.857720163618865,10.968990615976901,10.51,10.51,458951.9650655019,0.0,0.0,0.0,0.0,0.7304755485758719,8.06990868953593,4.696312189877894
1996-09-03,404.0,35311.0,82.25,85.12,81.75,84.75,11550000.0,10.71,0.019029495718363654,11550.0,403.0,0.425872566371682,0.24675752212389668,0.17911504424778535,0.425872566371682,4.949049345281538,10.94,0.12637168141592922,,43836.70464233124,0.0,469491.1067193676,10.394070796460179,10.756757522123896,10.330884955752214,10.71,467685.58951965044,0.0,0.0,0.0,0.0,0.6898109475552708,8.232789704282553,4.696312189877894
1996-09-09,405.0,35317.0,84.87,89.0,84.62,88.37,13589000.0,11.17,0.04295051353874868,13589.0,404.0,0.5536335860586163,0.5396322281317172,0.01400135792689916,0.5536335860586163,5.07253110756889,11.17,0.12640036211383954,,43836.70464233124,0.0,489655.99085483997,10.727598732601562,11.249632228131718,10.695998642073102,11.17,487772.9257641919,0.0,0.0,0.0,0.0,0.6761231649676466,8.331643307093076,4.696312189877894
1996-09-16,406.0,35324.0,88.0,89.87,86.5,89.12,14381200.0,11.27,0.00895255147717089,14381.2,405.0,0.4261658438061051,0.19484403052064714,0.23132181328545798,0.4261658438061051,4.700749150180752,11.270000000000001,0.12645870736086176,BUY,43836.70464233124,0.0,494039.6613190732,11.128366247755835,11.364844030520647,10.938678186714542,11.270000000000001,492139.7379912662,0.0,0.0,0.0,0.0,0.6717460179793215,8.404293491637059,4.700749150180752
1996-09-23,407.0,35331.0,88.87,92.0,87.87,91.5,14518000.0,11.63,0.03194321206743589,14518.0,406.0,0.5249387978142064,0.42355191256830516,0.10138688524590123,0.5249387978142064,4.692227991388156,11.63,0.12710382513661203,BUY,43836.70464233124,0.0,509820.8749903124,11.295716939890712,11.693551912568307,11.1686131147541,11.63,507860.26200873335,0.0,0.0,0.0,0.0,0.6901050450694073,8.422786167814285,4.700749150180752
1996-09-30,408.0,35338.0,91.25,93.75,90.5,93.5,10342000.0,11.88,0.021496130696474713,10342.0,407.0,0.41294117647058926,0.28176470588235425,0.131176470588235,0.41294117647058926,4.185805352662438,11.88,0.12705882352941178,BUY,43836.70464233124,0.0,520780.0511508952,11.594117647058825,11.911764705882355,11.498823529411766,11.88,518777.2925764189,0.0,0.0,0.0,0.0,0.7109759862778049,8.443535644061583,4.700749150180752
1996-10-07,409.0,35345.0,93.25,94.5,91.87,94.37,9055500.0,11.99,0.0092592592592593,9055.5,408.0,0.3341496238211281,0.12651690155769835,0.20763272226342977,0.3341496238211281,4.082201120423893,11.990000000000002,0.12705308890537248,BUY,43836.70464233124,0.0,525602.0886615517,11.847700540425985,12.0065169015577,11.672367277736571,11.990000000000002,523580.7860262006,0.0,0.0,0.0,0.0,0.7349394468130717,8.456553821991708,4.700749150180752
1996-10-14,410.0,35352.0,94.37,96.12,94.0,95.12,11851200.0,12.08,0.007506255212677226,11851.2,409.0,0.26923465096719923,0.21699747687131854,0.05223717409588069,0.26923465096719923,4.100398164629884,12.08,0.12699747687132043,BUY,43836.70464233124,0.0,529547.3920793614,11.984751892346509,12.20699747687132,11.937762825904121,12.08,527510.9170305674,0.0,0.0,0.0,0.0,0.7605991094880509,8.464843689694506,4.700749150180752
1996-10-21,411.0,35359.0,95.12,97.5,94.87,95.87,10273300.0,12.18,0.008278145695364225,10273.3,410.0,0.3341337227495558,0.30708667987900284,0.02704704287055293,0.3341337227495558,4.155622871151093,12.180000000000001,0.12704704287055388,BUY,43836.70464233124,0.0,533931.0625435946,12.084714717847085,12.387086679879003,12.052952957129447,12.180000000000001,531877.7292576417,0.0,0.0,0.0,0.0,0.7684301077249001,8.528193023370674,4.700749150180752
1996-10-28,412.0,35366.0,96.5,97.25,94.75,96.62,10978800.0,12.28,0.008210180623973606,10978.8,411.0,0.31773959842682764,0.18007037880355803,0.1376692196232696,0.31773959842682764,3.9986772960954555,12.28,0.12709583937073068,BUY,43836.70464233124,0.0,538314.7330078277,12.26474849927551,12.36007037880356,12.042330780376732,12.28,536244.5414847159,0.0,0.0,0.0,0.0,0.7959463779212202,8.532573079587191,4.700749150180752
1996-11-04,413.0,35373.0,96.75,103.12,96.62,102.12,14657800.0,12.97,0.05618892508143336,14657.8,412.0,0.8255483744614196,0.8170074422248366,0.008540932236583032,0.8255483744614196,4.442761527306275,12.970000000000002,0.12700744222483354,BUY,43836.70464233124,0.0,568562.0592110363,12.287970035252645,13.097007442224836,12.271459067763416,12.970000000000002,566375.5458515283,0.0,0.0,0.0,0.0,0.8623523160253135,8.452655795302569,4.700749150180752
1996-11-11,414.0,35380.0,102.0,106.12,101.25,104.25,13816500.0,13.24,0.02081727062451799,13816.5,413.0,0.6185016786570738,0.5074944844124669,0.11100719424460692,0.6185016786570738,4.5148371857490055,13.24,0.12700239808153477,BUY,43836.70464233124,0.0,580397.9694644656,12.954244604316546,13.47749448441247,12.858992805755395,13.24,578165.9388646287,0.0,0.0,0.0,0.0,0.9391245432811339,8.348530105211799,4.700749150180752
1996-11-18,415.0,35387.0,104.37,104.37,101.0,101.0,13408200.0,12.83,-0.0309667673716012,13408.2,414.0,0.4280900990099017,0.01809009900990155,0.41000000000000014,0.4280900990099017,4.516975247086557,13.24,0.12702970297029703,BUY,43836.70464233124,0.0,562424.9205611098,13.258090099009902,13.258090099009902,12.83,12.83,560262.0087336242,0.0,0.0,0.0,0.0,0.9865362525084396,8.300976441899632,4.700749150180752
1996-11-25,416.0,35394.0,100.87,104.37,100.87,104.0,13475200.0,13.21,0.029618082618862118,13475.2,415.0,0.44456730769230646,0.4269971153846157,0.017570192307690746,0.44456730769230646,4.427673591395557,13.24,0.12701923076923077,,43836.70464233124,0.0,579082.8683251957,12.81242980769231,13.256997115384616,12.81242980769231,13.21,576855.8951965064,0.0,0.0,0.0,0.0,1.040723104676187,8.25136297001685,4.700749150180752
1996-12-02,417.0,35401.0,103.37,103.87,95.0,97.87,22698800.0,12.43,-0.05904617713853155,22698.8,416.0,1.1265362215183412,0.01796873403494459,1.1445049555532858,1.1445049555532858,5.240522234820776,13.24,0.12700521099417594,,43836.70464233124,0.0,544890.2387041773,13.128528660467968,13.192031265965056,12.065495044446715,12.43,542794.7598253273,0.0,0.0,0.0,0.0,1.0588314751658634,8.266092043792657,4.700749150180752
1996-12-09,418.0,35408.0,98.75,99.5,95.62,96.75,21174700.0,12.29,-0.011263073209975882,21174.7,417.0,0.4928702842377266,0.2093281653746768,0.2835421188630498,0.4928702842377266,5.416878524172551,13.24,0.1270284237726098,,43836.70464233124,0.0,538753.1000542509,12.54405684754522,12.639328165374677,12.14645788113695,12.29,536681.2227074234,0.0,0.0,0.0,0.0,1.0590874142867381,8.330818049649007,4.700749150180752
1996-12-16,419.0,35415.0,97.25,104.87,94.75,102.25,25548600.0,12.99,0.05695687550854367,25548.6,418.0,1.2856606356968232,1.0328488997555034,0.2528117359413198,1.2856606356968232,6.546240729427689,13.24,0.12704156479217604,,43836.70464233124,0.0,569438.7933038828,12.35479217603912,13.322848899755503,12.03718826405868,12.99,567248.9082969431,0.0,0.0,0.0,0.0,1.0732691750857295,8.382924623261285,4.700749150180752
1996-12-23,420.0,35422.0,102.37,104.12,100.12,102.5,8860800.0,13.09,0.007698229407236301,8860.8,419.0,0.5108292682926834,0.30688585365853704,0.20394341463414634,0.5108292682926834,6.742569113364498,13.24,0.12770731707317073,,43836.70464233124,0.0,573822.463768116,13.073398048780488,13.296885853658537,12.786056585365854,13.09,571615.7205240172,0.0,0.0,0.0,0.0,1.0890036597049406,8.430661582444962,4.700749150180752
1996-12-30,421.0,35429.0,102.75,103.12,95.87,99.12,17917200.0,12.66,-0.032849503437738736,17917.2,420.0,0.9259987893462469,0.08089588377723977,0.8451029055690071,0.9259987893462469,7.41841265883052,13.24,0.12772397094430993,,43836.70464233124,0.0,554972.6807719135,13.123638014527845,13.17089588377724,12.244897094430993,12.66,552838.427947598,0.0,0.0,0.0,0.0,1.0932473498688557,8.48858894240103,4.700749150180752
1997-01-06,422.0,35436.0,99.87,101.87,98.12,101.37,16637000.0,12.94,0.02211690363349117,16637.0,421.0,0.47869192068659316,0.3438255894248776,0.13486633126171554,0.47869192068659316,7.033016599080712,13.24,0.1276511788497583,,43836.70464233124,0.0,567246.9580717663,12.748523231725361,13.003825589424878,12.525133668738285,12.94,565065.5021834058,0.0,0.0,0.0,0.0,1.100593101691445,8.54705383113724,4.700749150180752
1997-01-13,423.0,35443.0,101.5,105.0,100.87,103.62,18305400.0,13.23,0.022411128284389514,18305.4,422.0,0.5273103647944399,0.4661957151129119,0.06111464968152802,0.5273103647944399,6.931692917011119,13.24,0.12767805442964678,,43836.70464233124,0.0,579959.6024180423,12.959322524609147,13.406195715112911,12.878885350318471,13.229999999999999,577729.257641921,0.0,0.0,0.0,0.0,1.1234096565345086,8.566110005005193,4.700749150180752
1997-01-20,424.0,35450.0,104.0,107.87,101.37,101.87,19453600.0,13.01,-0.016628873771730945,19453.6,423.0,0.8301266319819369,0.5462707372140958,0.2838558947678411,0.8301266319819369,7.3784001758689355,13.24,0.1277117895356827,,43836.70464233124,0.0,570315.5273967293,13.282026111711001,13.776270737214094,12.946144105232158,13.009999999999998,568122.2707423577,0.0,0.0,0.0,0.0,1.1179311860858472,8.661269595760992,4.700749150180752
1997-01-27,425.0,35457.0,101.87,106.87,99.75,103.5,20386000.0,13.22,0.016141429669485063,20386.0,424.0,0.909433816425123,0.6404483091787494,0.2689855072463736,0.909433816425123,7.894918518905398,13.24,0.12772946859903384,,43836.70464233124,0.0,579521.2353716191,13.011800966183577,13.650448309178747,12.741014492753624,13.220000000000002,577292.5764192138,0.0,0.0,0.0,0.0,1.1242644763268475,8.725192467719468,4.700749150180752
1997-02-03,426.0,35464.0,103.87,105.5,102.0,105.0,16139700.0,13.41,0.01437216338880476,16139.7,425.0,0.4469999999999992,0.2538571428571412,0.19314285714285795,0.4469999999999992,7.119913012735081,13.410000000000002,0.12771428571428572,,43836.70464233124,0.0,587850.209253662,13.265682857142858,13.473857142857144,13.026857142857144,13.410000000000002,585589.5196506549,0.0,0.0,0.0,0.0,1.1258340552885975,8.809561203241921,4.700749150180752
1997-02-10,427.0,35471.0,105.25,107.87,103.12,106.37,15153300.0,13.58,0.012677106636838076,15153.3,426.0,0.6064209833599694,0.3615013631663029,0.24491962019366653,0.6064209833599694,7.246080456204239,13.579999999999998,0.12766757544420418,BUY,43836.70464233124,0.0,595302.4490428582,13.43701231550249,13.771501363166305,13.165080379806335,13.579999999999998,593013.100436681,0.0,0.0,0.0,0.0,1.1223046633099507,8.913506634408051,7.246080456204239
1997-02-18,428.0,35479.0,106.62,108.37,104.87,105.12,15591400.0,13.42,-0.01178203240058906,15591.4,427.0,0.44682267884322613,0.25490677321156774,0.1919159056316584,0.44682267884322613,6.314038281922465,13.579999999999998,0.1276636225266362,BUY,43836.70464233124,0.0,588288.5763000853,13.611495433789953,13.834906773211566,13.38808409436834,13.42,586026.2008733622,0.0,0.0,0.0,0.0,1.1092828259124663,9.03484171570664,7.246080456204239
1997-02-24,429.0,35485.0,104.5,107.12,102.75,102.87,14232800.0,13.14,-0.020864381520119157,14232.8,428.0,0.5581977252843409,0.2628696412948379,0.29532808398950294,0.5581977252843409,6.366669900802084,13.579999999999998,0.12773403324584426,,43836.70464233124,0.0,576014.2990002325,13.348206474190725,13.682869641294838,13.124671916010497,13.139999999999999,573799.1266375544,0.0,0.0,0.0,0.0,1.0987251820086639,9.132455337661268,7.246080456204239
1997-03-03,430.0,35492.0,102.0,105.87,101.25,105.37,15020700.0,13.52,0.028919330289193246,15020.7,429.0,0.5927911170162279,0.4441548827939652,0.1486362342222627,0.5927911170162279,5.996439153768729,13.579999999999998,0.12830976558792825,,43836.70464233124,0.0,592672.2467643184,13.087596089968683,13.584154882793964,12.991363765777736,13.520000000000001,590393.0131004367,0.0,0.0,0.0,0.0,1.1106730599253607,9.171610033113428,7.246080456204239
1997-03-10,431.0,35499.0,105.37,107.25,102.75,103.0,13390000.0,13.22,-0.022189349112425982,13390.0,430.0,0.5775728155339817,0.24548543689320468,0.332087378640777,0.5775728155339817,6.106306814710272,13.579999999999998,0.1283495145631068,,43836.70464233124,0.0,579521.235371619,13.524188349514565,13.765485436893206,13.187912621359224,13.22,577292.5764192139,0.0,0.0,0.0,0.0,1.1002847503379418,9.266117392447832,7.246080456204239
1997-03-17,432.0,35506.0,102.5,104.37,102.0,102.75,14464900.0,13.19,-0.0022692889561272134,14464.9,431.0,0.30423649635036476,0.17795912408758952,0.12627737226277524,0.30423649635036476,5.858446960883522,13.579999999999998,0.12836982968369828,,43836.70464233124,0.0,578206.134232349,13.157907542579075,13.39795912408759,13.093722627737225,13.189999999999998,575982.5327510915,0.0,0.0,0.0,0.0,1.0975807586292678,9.331170054646346,7.246080456204239
1997-03-24,433.0,35513.0,102.75,106.87,99.37,101.25,16116000.0,12.99,-0.015163002274450332,16116.0,432.0,0.9622222222222216,0.5210251851851879,0.4411970370370337,0.9622222222222216,6.005219838928283,13.579999999999998,0.1282962962962963,,43836.70464233124,0.0,569438.7933038828,13.182444444444444,13.711025185185186,12.748802962962964,12.99,567248.9082969432,0.0,0.0,0.0,0.0,1.086867965768977,9.411854475821464,7.246080456204239
1997-03-31,434.0,35520.0,100.37,101.12,97.12,100.87,24579300.0,12.95,-0.003079291762894565,24579.3,433.0,0.5135322692574587,0.007904233171409203,0.5214365024288679,0.5214365024288679,5.574111712265777,13.579999999999998,0.12838306731436502,,43836.70464233124,0.0,567685.3251181897,12.885808466342818,12.982095766828591,12.468563497571132,12.950000000000001,565502.1834061135,0.0,0.0,0.0,0.0,1.077420631477128,9.484497201794987,7.246080456204239
1997-04-07,435.0,35527.0,101.87,102.62,97.5,97.87,13436700.0,12.56,-0.030115830115830078,13436.7,434.0,0.6570675385715763,0.21958414222948797,0.4374833963420883,0.6570675385715763,5.807520088456418,13.579999999999998,0.12833350362726065,,43836.70464233124,0.0,550589.0103076805,13.073334014509042,13.169584142229489,12.512516603657913,12.56,548471.615720524,0.0,0.0,0.0,0.0,1.0599790666110733,9.56834501639915,7.246080456204239
1997-04-14,436.0,35534.0,97.87,105.87,97.12,104.75,16800700.0,13.44,0.07006369426751591,16800.7,435.0,1.1226730310262525,1.023702147971358,0.09897088305489454,1.1226730310262525,6.381133474752288,13.579999999999998,0.12830548926014318,,43836.70464233124,0.0,589165.3103929318,12.557258233890213,13.583702147971358,12.461029116945106,13.439999999999998,586899.5633187771,0.0,0.0,0.0,0.0,1.0527050224855925,9.65043256573724,7.246080456204239
1997-04-21,437.0,35541.0,105.12,108.5,103.62,106.5,15526200.0,13.67,0.017113095238095344,15526.2,436.0,0.6263812206572759,0.48671361502347565,0.1396676056338002,0.6263812206572759,6.5806429656567875,13.67,0.1283568075117371,,43836.70464233124,0.0,599247.7524606681,13.492867605633803,13.926713615023473,13.300332394366198,13.67,596943.231441048,0.0,0.0,0.0,0.0,1.040308607486338,9.755813847137818,7.246080456204239
1997-04-28,438.0,35548.0,106.5,113.5,106.12,113.12,15485500.0,14.52,0.06217995610826632,15485.5,437.0,0.947291371994341,0.8987765205091929,0.048514851485148114,0.947291371994341,7.01296923977901,14.52,0.12835926449787835,BUY,43836.70464233124,0.0,636508.9514066497,13.670261669024045,14.568776520509193,13.621485148514852,14.52,634061.135371179,0.0,0.0,0.0,0.0,1.0444669091602272,9.846393702709191,7.246080456204239
1997-05-05,439.0,35555.0,113.62,118.0,113.12,116.5,20175600.0,14.95,0.029614325068870517,20175.6,438.0,0.6262317596566529,0.6224892703862661,0.003742489270386784,0.6262317596566529,7.050125509379482,14.95,0.12832618025751072,BUY,43836.70464233124,0.0,655358.734402852,14.580420600858368,15.142489270386266,14.516257510729613,14.95,652838.4279475982,0.0,0.0,0.0,0.0,1.0558967870890812,9.931477544472424,7.246080456204239
1997-05-12,440.0,35562.0,58.38,62.38,58.13,60.5,21199200.0,15.53,0.03879598662207351,21199.2,439.0,1.0909504132231405,1.0625851239669437,0.028365289256196746,1.0909504132231405,7.6205450623674365,15.53,0.25669421487603306,BUY,43836.70464233124,0.0,680784.0230954041,14.985808264462811,16.012585123966943,14.921634710743803,15.53,678165.9388646287,0.0,0.0,0.0,0.0,1.116554038495398,9.893005147663946,7.6205450623674365
1997-05-19,441.0,35569.0,60.38,63.25,60.0,61.38,15899800.0,15.75,0.014166130070830674,15899.8,440.0,0.8339442815249285,0.6998387096774206,0.13410557184750793,0.8339442815249285,8.209109268116952,15.75,0.2565982404692082,BUY,43836.70464233124,0.0,690428.0981167171,15.493401759530792,16.22983870967742,15.395894428152491,15.75,687772.925764192,0.0,0.0,0.0,0.0,1.1632219506032728,9.902189025930843,8.209109268116952
1997-05-27,442.0,35577.0,60.88,61.88,60.13,60.38,13011300.0,15.5,-0.015873015873015928,13011.3,441.0,0.4492381583305729,0.13506127856906147,0.31417687976151143,0.4492381583305729,7.639126974904009,15.75,0.2567075190460417,BUY,43836.70464233124,0.0,679468.9219561343,15.628353759523021,15.885061278569061,15.435823120238489,15.5,676855.8951965064,0.0,0.0,0.0,0.0,1.1876285239945057,9.957514055867396,8.209109268116952
1997-06-02,443.0,35583.0,61.0,62.25,59.88,62.25,11585700.0,15.98,0.030967741935483906,11585.7,442.0,0.6083951807228907,0.47999999999999865,0.12839518072289202,0.6083951807228907,7.735747728564034,15.979999999999999,0.25670682730923694,,43836.70464233124,0.0,700510.5401844532,15.659116465863454,15.979999999999999,15.371604819277108,15.979999999999999,697816.5938864626,0.0,0.0,0.0,0.0,1.231240143230926,9.973850861434883,8.209109268116952
1997-06-09,444.0,35590.0,62.88,66.62,62.5,66.12,12649200.0,16.97,0.06195244055068816,12649.2,443.0,1.0574168179068373,1.1183272837265559,0.060910465819718596,1.1183272837265559,8.248258556514012,16.97,0.2566545674531155,BUY,43836.70464233124,0.0,743908.8777803611,16.138439201451902,17.098327283726555,16.040910465819717,16.97,741048.0349344976,0.0,0.0,0.0,0.0,1.3068841201536616,9.942301894737799,8.248258556514012
1997-06-16,445.0,35597.0,66.12,68.25,65.62,67.62,12761000.0,17.36,0.0229817324690631,12761.0,444.0,0.675196687370601,0.5517391304347825,0.1234575569358185,0.675196687370601,7.751062619118843,17.36,0.25672877846790887,BUY,43836.70464233124,0.0,761005.1925908703,16.974906832298135,17.52173913043478,16.84654244306418,17.36,758078.6026200871,0.0,0.0,0.0,0.0,1.396215970503095,9.881167390815433,8.248258556514012
1997-06-23,446.0,35604.0,67.5,67.87,64.0,65.31,13354200.0,16.76,-0.034562211981566726,13354.2,445.0,0.9931281580156188,0.05695299341601867,0.9361751645996002,0.9931281580156188,8.158559216183669,17.36,0.25662226305313124,BUY,43836.70464233124,0.0,734703.1698054717,17.32200275608636,17.416952993416018,16.4238248354004,16.76,731877.7292576418,0.0,0.0,0.0,0.0,1.4465859210184586,9.891583977941657,8.248258556514012
1997-06-30,447.0,35611.0,65.87,69.37,64.81,69.37,11770600.0,17.88,0.06682577565632442,11770.6,446.0,1.1753322762000877,1.1199999999999974,0.05533227620009029,1.1753322762000877,8.4119379986345,17.88,0.25774830618422945,,43836.70464233124,0.0,783800.2790048826,16.977880928355194,17.88,16.70466772379991,17.88,780786.0262008731,0.0,0.0,0.0,0.0,1.5526254558224573,9.787704653126783,8.248258556514012
1997-07-07,448.0,35618.0,69.87,70.87,67.75,70.62,15705500.0,18.2,0.017897091722595126,15705.5,447.0,0.8040781648258317,0.3844293401302785,0.4196488246955532,0.8040781648258317,8.609545115489142,18.2,0.25771736052109884,BUY,43836.70464233124,0.0,797828.0244904286,18.006711979609175,18.264429340130278,17.460351175304446,18.2,794759.8253275107,0.0,0.0,0.0,0.0,1.6685950731510621,9.658024512244296,8.609545115489142
1997-07-14,449.0,35625.0,71.0,74.62,70.25,71.12,14137800.0,18.33,0.0071428571428571175,14137.8,448.0,1.126294994375705,1.0320669291338582,0.09422806524184679,1.126294994375705,8.648816872325325,18.33,0.25773340832395947,BUY,43836.70464233124,0.0,803526.7960939315,18.29907199100112,19.232066929133858,18.105771934758152,18.33,800436.6812227071,0.0,0.0,0.0,0.0,1.7778562577693748,9.542188623869247,8.648816872325325
1997-07-21,450.0,35632.0,70.62,73.0,69.44,72.31,12967900.0,18.63,0.01636661211129309,12967.9,449.0,0.9172009403955208,0.4777720923800288,0.439428848015492,0.9172009403955208,8.741324271070427,18.63,0.25764071359424695,BUY,43836.70464233124,0.0,816677.807486631,18.194587194025722,18.807772092380027,17.890571151984506,18.63,813537.1179039299,0.0,0.0,0.0,0.0,1.8876236126500137,9.429721456179845,8.741324271070427
1997-07-28,451.0,35639.0,72.75,72.94,68.12,69.12,12923400.0,17.81,-0.04401502952227587,12923.4,450.0,1.2419589120370347,0.16429108796295822,1.0776678240740765,1.2419589120370347,9.622125108522052,18.63,0.257667824074074,BUY,43836.70464233124,0.0,780731.7096799194,18.745334201388886,18.794291087962957,17.552332175925923,17.81,777729.2576419212,0.0,0.0,0.0,0.0,1.9406556108390152,9.436897558268317,9.622125108522052
1997-08-04,452.0,35646.0,69.0,70.56,66.5,67.06,16185400.0,17.28,-0.02975856260527776,16185.4,451.0,1.0461795407098116,0.37187891440501275,0.6743006263047988,1.0461795407098116,10.108552175174186,18.63,0.257679689830003,,43836.70464233124,0.0,757498.2562194839,17.779898598270208,18.18187891440501,17.1356993736952,17.28,754585.1528384278,0.0,0.0,0.0,0.0,1.9648151950612631,9.500888841615133,9.622125108522052
1997-08-11,453.0,35653.0,67.06,68.75,62.75,63.38,17990500.0,16.33,-0.05497685185185197,17990.5,452.0,1.5459135373934991,0.4335926159671786,1.1123209214263206,1.5459135373934991,10.5836480125819,18.63,0.2576522562322499,,43836.70464233124,0.0,715853.3868092691,17.27816030293468,17.71359261596718,16.16767907857368,16.33,713100.4366812224,0.0,0.0,0.0,0.0,1.956890144154262,9.61948195668751,9.622125108522052
1997-08-18,454.0,35660.0,63.31,68.0,62.75,64.87,19034800.0,16.72,0.02388242498469073,19034.8,453.0,1.3531678742099587,1.1967457992908876,0.156422074919071,1.3531678742099587,11.336949331292299,18.63,0.25774626175427773,,43836.70464233124,0.0,732949.7016197783,16.317915831663324,17.526745799290886,16.173577925080927,16.72,730131.004366812,0.0,0.0,0.0,0.0,1.970284663133114,9.67745907387453,9.622125108522052
1997-08-25,455.0,35667.0,64.94,65.69,61.31,62.56,16119100.0,16.12,-0.03588516746411474,16119.1,454.0,1.1286061381074166,0.20651534526854576,0.9220907928388709,1.1286061381074166,11.487480420283184,18.63,0.25767263427109977,,43836.70464233124,0.0,706647.6788343797,16.733260869565218,16.926515345268545,15.797909207161128,16.12,703930.1310043667,0.0,0.0,0.0,0.0,1.971771037215158,9.743987041108443,9.622125108522052
1997-09-02,456.0,35675.0,64.0,67.69,63.5,66.25,15911200.0,17.07,0.05893300248138944,15911.2,455.0,1.0795969811320738,1.3210309433962237,0.24143396226414993,1.3210309433962237,11.64936782827889,18.63,0.25766037735849057,,43836.70464233124,0.0,748292.5482445944,16.490264150943396,17.441030943396225,16.36143396226415,17.07,745414.8471615718,0.0,0.0,0.0,0.0,1.983530283480662,9.818003559591025,9.622125108522052
1997-09-08,457.0,35681.0,67.0,67.81,63.5,66.25,13729600.0,17.07,0.0,13729.6,456.0,1.1105162264150934,0.40195018867924404,0.7085660377358494,1.1105162264150934,11.98985456337807,18.63,0.25766037735849057,,43836.70464233124,0.0,748292.5482445944,17.26324528301887,17.471950188679244,16.36143396226415,17.07,745414.8471615718,0.0,0.0,0.0,0.0,1.9984772311205898,9.874782531954626,9.622125108522052
1997-09-15,458.0,35688.0,66.44,71.87,66.25,70.19,17384200.0,18.09,0.05975395430579966,17384.2,457.0,1.448437099301895,1.4529847556631985,0.004547656361303609,1.4529847556631985,12.352843187030842,18.63,0.25772902122809516,,43836.70464233124,0.0,793005.9869797722,17.12351617039464,18.5229847556632,17.074547656361304,18.09,789956.331877729,0.0,0.0,0.0,0.0,2.020460953054933,9.957872007606571,9.622125108522052
1997-09-22,459.0,35695.0,70.37,70.94,66.75,68.31,11598000.0,17.67,-0.023217247097844007,11598.0,458.0,1.083842775581907,0.26031181379007506,0.8235309617918318,1.083842775581907,12.538000781682381,18.63,0.25867369345630215,,43836.70464233124,0.0,774594.5710299931,18.202867808519983,18.350311813790075,17.266469038208168,17.67,771615.7205240173,0.0,0.0,0.0,0.0,2.014305530394986,10.104480076451562,9.622125108522052
1997-09-29,460.0,35702.0,68.06,70.87,67.69,69.06,11121900.0,17.87,0.011318619128466212,11121.9,459.0,0.8228583840139017,0.6683565015928146,0.1545018824210871,0.8228583840139017,12.072333528323345,18.63,0.2587604981175789,,43836.70464233124,0.0,783361.9119584592,17.61123950188242,18.338356501592816,17.515498117578915,17.869999999999997,780349.3449781657,0.0,0.0,0.0,0.0,2.027864899338789,10.189606044335955,9.622125108522052
1997-10-06,461.0,35709.0,69.62,72.0,69.44,69.87,12567100.0,18.07,0.011191941801902638,12567.1,460.0,0.6620752826678142,0.7508673250322069,0.08879204236439264,0.7508673250322069,11.744208844237116,18.63,0.25862315729211394,,43836.70464233124,0.0,792129.2528869256,18.005344210676974,18.620867325032204,17.95879204236439,18.07,789082.9694323143,0.0,0.0,0.0,0.0,2.04337882576381,10.272284642907552,9.622125108522052
1997-10-13,462.0,35716.0,70.81,70.94,67.0,69.37,11457700.0,17.95,-0.006640841173215284,11457.7,461.0,1.0195041084042096,0.28624909903416196,0.7332550093700476,1.0195041084042096,11.159309478693462,18.63,0.25875738791985003,,43836.70464233124,0.0,786868.8483298458,18.32261063860458,18.356249099034162,17.336744990629953,17.95,783842.7947598251,0.0,0.0,0.0,0.0,2.034504179790423,10.42349564808492,9.622125108522052
1997-10-20,463.0,35723.0,68.81,70.81,64.75,65.94,16386800.0,17.06,-0.04958217270194987,16386.8,462.0,1.5678434940855333,0.3699666363360663,1.197876857749467,1.5678434940855333,11.397837945221879,18.63,0.25872004852896574,,43836.70464233124,0.0,747854.181198171,17.802526539278134,18.319966636336066,16.752123142250532,17.06,744978.1659388645,0.0,0.0,0.0,0.0,2.0066541595704304,10.59360850351295,9.622125108522052
1997-10-27,464.0,35730.0,65.0,67.5,59.0,64.62,25099800.0,16.72,-0.01992966002344665,25099.8,463.0,2.199319096255028,0.4051810584958204,1.7941380377592075,2.199319096255028,12.587519009830334,18.63,0.258743423088827,,43836.70464233124,0.0,732949.7016197783,16.818322500773753,17.46518105849582,15.265861962240791,16.72,730131.0043668121,0.0,0.0,0.0,0.0,1.9776927892345033,10.75113388057228,9.622125108522052
1997-11-03,465.0,35737.0,66.12,70.0,66.0,67.75,15555500.0,17.53,0.04844497607655507,15555.5,464.0,1.0349815498154982,1.392177121771219,0.35719557195572094,1.392177121771219,12.666570319135886,18.63,0.25874538745387454,,43836.70464233124,0.0,768457.4323800667,17.108245018450187,18.112177121771218,17.07719557195572,17.53,765502.1834061135,0.0,0.0,0.0,0.0,1.9507247543469208,10.928797870230259,9.622125108522052
1997-11-10,466.0,35744.0,68.62,70.06,65.69,69.31,13445800.0,17.93,0.02281802624073004,13445.8,465.0,1.1304876641177337,0.594019621988167,0.5364680421295667,1.1304876641177337,12.688760805472153,18.63,0.25869282931755877,,43836.70464233124,0.0,785992.1142369992,17.751501947770883,18.124019621988168,16.993531957870434,17.93,782969.4323144105,0.0,0.0,0.0,0.0,1.9336871782969038,11.086269859135786,9.622125108522052
1997-11-17,467.0,35751.0,70.25,73.5,69.37,72.75,15063700.0,18.82,0.04963747908533178,15063.7,466.0,1.0684068728522327,1.0840206185566998,0.015613745704467163,1.0840206185566998,12.278800653131599,18.82,0.25869415807560137,,43836.70464233124,0.0,825006.781368674,18.173264604810996,19.0140206185567,17.945613745704467,18.82,821834.0611353712,0.0,0.0,0.0,0.0,1.9424384731290223,11.196342841567683,9.622125108522052
1997-11-24,468.0,35758.0,72.06,74.75,71.37,73.87,9888200.0,19.11,0.01540913921360243,9888.2,467.0,0.874398267226205,0.5176539867334462,0.35674428049275875,0.874398267226205,12.046084532736375,19.109999999999996,0.25869771219710297,BUY,43836.70464233124,0.0,837719.4257149498,18.64175714092324,19.337653986733446,18.46325571950724,19.109999999999996,834497.8165938864,0.0,0.0,0.0,0.0,1.9580079777488242,11.292297128798673,12.046084532736375
1997-12-01,469.0,35765.0,74.44,75.12,72.0,73.44,12933900.0,19.0,-0.005756148613291434,12933.9,468.0,0.807189542483659,0.32464052287582135,0.4825490196078377,0.807189542483659,12.028674708813883,19.109999999999996,0.2587145969498911,BUY,43836.70464233124,0.0,832897.3882042936,19.25871459694989,19.434640522875817,18.627450980392158,19.0,829694.3231441049,0.0,0.0,0.0,0.0,1.954852136827478,11.436284292077648,12.046084532736375
1997-12-08,470.0,35772.0,73.5,74.75,71.75,72.25,11805900.0,18.69,-0.016315789473684172,11805.9,469.0,0.7760553633217988,0.3367128027681652,0.43934256055363363,0.7760553633217988,12.056661418024541,19.109999999999996,0.25868512110726644,,43836.70464233124,0.0,819308.009765171,19.013356401384083,19.336712802768165,18.560657439446366,18.69,816157.2052401748,0.0,0.0,0.0,0.0,1.9216014600657174,11.65477683764058,12.046084532736375
1997-12-15,471.0,35779.0,72.94,76.56,70.31,73.0,14783500.0,18.88,0.01016586409844833,14783.5,470.0,1.6164383561643803,1.1107232876712274,0.5057150684931528,1.6164383561643803,12.71992169331362,19.109999999999996,0.25863013698630133,,43836.70464233124,0.0,827636.9836472137,18.86448219178082,19.80072328767123,18.18428493150685,18.879999999999995,824454.1484716156,0.0,0.0,0.0,0.0,1.8994209017609964,11.840959940719458,12.046084532736375
1997-12-22,472.0,35786.0,73.56,74.31,70.81,70.81,8573400.0,18.32,-0.029661016949152463,8573.4,471.0,0.9055218189521277,0.3455218189521325,0.5599999999999952,0.9055218189521277,11.98400872094317,19.109999999999996,0.2587205197006073,,43836.70464233124,0.0,803088.4290475084,19.031481429176672,19.225521818952128,18.32,18.32,800000.0000000001,0.0,0.0,0.0,0.0,1.8407738007707073,12.111967937097623,12.046084532736375
1997-12-29,473.0,35793.0,71.87,74.37,71.69,74.0,9159300.0,19.22,0.04912663755458513,9159.3,472.0,0.6960756756756794,0.996100000000002,0.3000243243243226,0.996100000000002,10.64709861399314,19.220000000000002,0.25972972972972974,,43836.70464233124,0.0,842541.4632256066,18.666775675675677,19.316100000000002,18.620024324324323,19.220000000000002,839301.3100436683,0.0,0.0,0.0,0.0,1.793634822770219,12.376888552830549,12.046084532736375
1998-01-05,474.0,35800.0,74.44,75.37,71.0,72.44,13279500.0,18.82,-0.020811654526534773,13279.5,473.0,1.1353313086692438,0.36121755935947064,0.7741137493097732,1.1353313086692438,10.361714377213167,19.220000000000002,0.2598012147984539,BUY,43836.70464233124,0.0,825006.781368674,19.33960242959691,19.581217559359473,18.44588625069023,18.82,821834.0611353712,0.0,0.0,0.0,0.0,1.7102737464873394,12.72748636548897,12.046084532736375
1998-01-12,475.0,35807.0,70.5,74.87,70.25,73.37,14981500.0,19.06,0.012752391073326264,14981.5,474.0,1.2001799100449801,0.6296688019626551,0.5705111080823251,1.2001799100449801,10.43915020602122,19.220000000000002,0.2597792013084367,,43836.70464233124,0.0,835527.5904828334,18.314433692244787,19.449668801962655,18.249488891917675,19.06,832314.4104803493,0.0,0.0,0.0,0.0,1.614101747019791,13.116940754401742,12.046084532736375
1998-01-20,476.0,35815.0,73.37,76.0,73.31,74.06,14969400.0,19.24,0.009443861490031402,14969.4,475.0,0.698833378341881,0.6839913583580852,0.014842019983795751,0.698833378341881,10.01116438356031,19.24,0.25978935997839586,,43836.70464233124,0.0,843418.197318453,19.060745341614904,19.743991358358084,19.045157980016203,19.24,840174.6724890829,0.0,0.0,0.0,0.0,1.4733454911688035,13.631758223297501,12.046084532736375
1998-01-26,477.0,35821.0,74.94,77.87,74.0,77.5,14461600.0,20.13,0.04625779625779636,14461.6,476.0,1.0052012903225815,0.9861045161290356,0.01909677419354594,1.0052012903225815,10.156501075889617,20.130000000000003,0.259741935483871,BUY,43836.70464233124,0.0,882432.864450128,19.46506064516129,20.226104516129034,19.220903225806452,20.130000000000003,879039.3013100439,0.0,0.0,0.0,0.0,1.403966336958367,13.968376840530913,12.046084532736375
1998-02-02,478.0,35828.0,78.25,78.62,76.31,77.69,14708500.0,20.18,0.0024838549428713996,14708.5,477.0,0.60002316900502,0.2915677693396823,0.30845539966533764,0.60002316900502,9.926316216468905,20.18,0.25975028961256275,BUY,43836.70464233124,0.0,884624.6996822444,20.325460162183035,20.421567769339685,19.821544600334665,20.18,881222.7074235809,0.0,0.0,0.0,0.0,1.3304909123390494,14.310845889884083,12.046084532736375
1998-02-09,479.0,35835.0,77.81,78.94,76.44,77.81,10944200.0,20.21,0.0014866204162538033,10944.2,478.0,0.649338131345587,0.32350083536820406,0.325837295977383,0.649338131345587,9.785519292050893,20.21,0.25973525253823415,BUY,43836.70464233124,0.0,885939.8008215145,20.21,20.503500835368204,19.854162704022617,20.21,882532.7510917033,0.0,0.0,0.0,0.0,1.2943836947813676,14.539894421583167,12.046084532736375
1998-02-17,480.0,35843.0,78.44,78.94,77.12,78.19,10295100.0,20.31,0.004948045522018774,10295.1,479.0,0.47274843330349015,0.2948139148228641,0.17793451848062602,0.47274843330349015,8.514752711094348,20.309999999999995,0.2597518864304898,BUY,43836.70464233124,0.0,890323.4712857474,20.37493797160762,20.504813914822865,20.032065481519375,20.309999999999995,886899.5633187772,0.0,0.0,0.0,0.0,1.2728719395210677,14.72440551705099,12.046084532736375
1998-02-23,481.0,35849.0,78.12,78.25,76.06,77.75,10770900.0,20.2,-0.005416051206302286,10770.9,480.0,0.5689774919614159,0.01990353697749825,0.5490739549839176,0.5689774919614159,8.140814569993557,20.309999999999995,0.2598070739549839,BUY,43836.70464233124,0.0,885501.4337750911,20.296128617363344,20.329903536977493,19.760926045016078,20.2,882096.0698689958,0.0,0.0,0.0,0.0,1.264023678420366,14.860428608827133,12.046084532736375
1998-03-02,482.0,35856.0,77.75,78.44,75.25,78.25,13246900.0,20.41,0.010396039603960405,13246.9,481.0,0.8320498402555891,0.25955782747603706,0.5724920127795521,0.8320498402555891,7.958536614721988,20.41,0.26083067092651757,,43836.70464233124,0.0,894707.1417499806,20.279584664536742,20.459557827476036,19.627507987220447,20.41,891266.3755458518,0.0,0.0,0.0,0.0,1.2642648989360312,14.97348409412334,12.046084532736375
1998-03-09,483.0,35863.0,78.0,79.37,77.5,78.31,10811800.0,20.42,0.0004899559039686086,10811.8,482.0,0.4876184395351828,0.2864040352445443,0.20121440429063853,0.4876184395351828,7.238855649017475,20.42,0.26075852381560466,BUY,43836.70464233124,0.0,895145.508796404,20.339164857617163,20.696404035244544,20.20878559570936,20.42,891703.0567685592,0.0,0.0,0.0,0.0,1.241841621436018,15.149542287873366,12.046084532736375
1998-03-16,484.0,35870.0,78.87,81.69,78.69,81.62,11874300.0,21.29,0.042605288932419105,11874.3,483.0,0.7825287919627542,0.8882590051457946,0.10573021318304043,0.8882590051457946,6.892276865796157,21.29,0.2608429306542514,BUY,43836.70464233124,0.0,933283.4418352321,20.57268194070081,21.308259005145796,20.525730213183042,21.29,929694.3231441049,0.0,0.0,0.0,0.0,1.274381257991502,15.197705391606611,12.046084532736375
1998-03-23,485.0,35877.0,81.0,84.44,80.25,83.5,12147200.0,21.78,0.023015500234852215,12147.2,484.0,1.092912574850299,0.735188023952098,0.357724550898201,1.092912574850299,7.3301426396944,21.78,0.26083832335329343,BUY,43836.70464233124,0.0,954763.4271099746,21.127904191616768,22.025188023952097,20.932275449101798,21.78,951091.7030567687,0.0,0.0,0.0,0.0,1.3575296877283418,15.107151390435238,12.046084532736375
1998-03-30,486.0,35884.0,83.69,89.44,83.69,87.37,14808900.0,22.79,0.04637281910009183,14808.9,485.0,1.4998569302964384,1.5499484949067153,0.05009156461027686,1.5499484949067153,7.9354173114545485,22.79,0.2608446835298157,BUY,43836.70464233124,0.0,999038.4987987289,21.830091564610278,23.329948494906716,21.830091564610278,22.79,995196.5065502184,0.0,0.0,0.0,0.0,1.49742153954828,14.889860785275637,12.046084532736375
1998-04-06,487.0,35891.0,88.25,88.62,86.06,86.5,11471200.0,22.56,-0.010092145677928932,11471.2,486.0,0.6676716763005786,0.32291560693641586,0.3447560693641627,0.6676716763005786,8.010582319560726,22.79,0.2608092485549133,BUY,43836.70464233124,0.0,988956.0567309927,23.016416184971096,23.112915606936415,22.445243930635836,22.56,985152.8384279476,0.0,0.0,0.0,0.0,1.5851523308368485,14.811997221688362,12.046084532736375
1998-04-13,488.0,35898.0,85.62,87.72,84.81,87.25,10855500.0,22.76,0.00886524822695045,10855.5,487.0,0.7591014326647567,0.32260401146132267,0.43649742120343404,0.7591014326647567,8.132541543248692,22.79,0.2608595988538682,,43836.70464233124,0.0,997723.3976594592,22.3347988538682,22.88260401146132,22.123502578796565,22.76,993886.4628820962,0.0,0.0,0.0,0.0,1.6930314535404234,14.661323805173325,12.046084532736375
1998-04-20,489.0,35905.0,87.12,87.19,83.0,83.87,11365200.0,21.87,-0.03910369068541297,11365.2,488.0,1.0925873375462025,0.02427447239776015,1.1168618099439627,1.1168618099439627,8.848223072849215,22.79,0.26076070108501254,,43836.70464233124,0.0,958708.7305277843,22.717472278526294,22.73572552760224,21.64313819005604,21.87,955021.8340611354,0.0,0.0,0.0,0.0,1.750036389525703,14.608323660332077,12.046084532736375
1998-04-27,490.0,35912.0,83.0,85.87,80.69,85.0,12023600.0,22.17,0.013717421124828544,12023.6,489.0,1.3510658823529411,0.5269164705882368,0.8241494117647044,1.3510658823529411,9.717210173284244,22.79,0.26082352941176473,,43836.70464233124,0.0,971859.7419204838,21.648352941176473,22.396916470588238,21.045850588235297,22.17,968122.2707423582,0.0,0.0,0.0,0.0,1.814141258789234,14.541720023758616,12.046084532736375
1998-05-04,491.0,35919.0,85.44,86.0,81.75,83.19,9919800.0,21.7,-0.021199819576003698,9919.8,490.0,1.1086068037023686,0.26298473374203724,0.8456220699603314,1.1086068037023686,10.02449568822511,22.79,0.26084865969467486,,43836.70464233124,0.0,951256.4907385879,22.286909484313018,22.43298473374204,21.32437793003967,21.7,947598.2532751092,0.0,0.0,0.0,0.0,1.8569936620880765,14.509467064291997,12.046084532736375
1998-05-11,492.0,35926.0,83.81,85.31,81.94,82.62,11382100.0,21.55,-0.006912442396313279,11382.1,491.0,0.8790062938755767,0.5516400387315414,0.3273662551440353,0.8790062938755767,10.45937108193666,22.79,0.2608327281529896,,43836.70464233124,0.0,944680.9850422383,21.860390946502058,22.25164003873154,21.372633744855964,21.55,941048.0349344979,0.0,0.0,0.0,0.0,1.8805427849354508,14.541813769368686,12.046084532736375
1998-05-18,493.0,35933.0,82.62,86.25,81.0,85.0,12946000.0,22.17,0.02877030162413008,12946.0,492.0,1.3693235294117656,0.9460294117647088,0.4232941176470568,1.3693235294117656,10.993887220009961,22.79,0.26082352941176473,,43836.70464233124,0.0,971859.7419204838,21.549240000000005,22.49602941176471,21.126705882352944,22.17,968122.2707423582,0.0,0.0,0.0,0.0,1.9071313926212206,14.594610542837186,12.046084532736375
1998-05-26,494.0,35941.0,85.56,85.87,81.69,83.37,12139500.0,21.74,-0.019395579612088598,12139.5,493.0,1.0899988005277699,0.22191315821038415,0.8680856423173857,1.0899988005277699,10.990649692984928,22.79,0.26076526328415495,,43836.70464233124,0.0,953009.9589242812,22.3110759265923,22.391913158210386,21.301914357682616,21.74,949344.9781659389,0.0,0.0,0.0,0.0,1.8797146238783484,14.795103684206563,12.046084532736375
1998-06-01,495.0,35947.0,83.37,84.81,80.87,84.75,11195400.0,22.1,0.016559337626494974,11195.4,494.0,1.0274218289085546,0.3756460176991183,0.6517758112094363,1.0274218289085546,10.410064508542527,22.79,0.26076696165191743,,43836.70464233124,0.0,968791.1725955205,21.740141592920356,22.115646017699117,21.088224188790562,22.1,965065.5021834061,0.0,0.0,0.0,0.0,1.8692140630659864,14.952574598432587,12.046084532736375
1998-06-08,496.0,35954.0,84.75,86.81,83.62,85.25,12548100.0,22.23,0.00588235294117645,12548.1,495.0,0.8318322580645159,0.5367894428152482,0.2950428152492677,0.8318322580645159,10.592465154946902,22.79,0.2607624633431085,,43836.70464233124,0.0,974489.9441990234,22.099618768328444,22.63678944281525,21.804957184750734,22.229999999999997,970742.3580786024,0.0,0.0,0.0,0.0,1.8268687025605326,15.207462389940128,12.046084532736375
1998-06-15,497.0,35961.0,84.75,88.69,83.75,87.0,16154700.0,22.69,0.02069275753486277,16154.7,496.0,1.2883747126436766,0.900759770114945,0.38761494252873163,1.2883747126436766,11.180546577145702,22.79,0.26080459770114944,,43836.70464233124,0.0,994654.8283344959,22.103189655172415,23.130759770114942,21.842385057471265,22.69,990829.694323144,0.0,0.0,0.0,0.0,1.829629980503233,15.337632365815086,12.046084532736375
1998-06-22,498.0,35968.0,86.87,90.44,86.06,90.06,10872900.0,23.49,0.03525782282944023,10872.9,497.0,1.142418387741504,0.8991139240506278,0.2433044636908761,1.142418387741504,11.208942774698524,23.49,0.26082611592271815,,43836.70464233124,0.0,1029724.1920483608,22.657964690206526,23.58911392405063,22.446695536309125,23.49,1025764.1921397379,0.0,0.0,0.0,0.0,1.854282982112315,15.43258522764604,12.046084532736375
1998-06-29,499.0,35975.0,90.56,92.0,90.06,90.94,10779000.0,23.72,0.009791400595998256,10779.0,498.0,0.5060127556630718,0.5064811963932279,0.00046844073015606114,0.5064811963932279,10.2705153458544,23.720000000000002,0.2608313173521003,BUY,43836.70464233124,0.0,1039806.6341160971,23.620884099406204,23.996481196393226,23.490468440730154,23.720000000000002,1035807.8602620088,0.0,0.0,0.0,0.0,1.9103135341951543,15.429825920609673,12.046084532736375
1998-07-06,500.0,35982.0,90.62,96.19,90.44,93.81,13049400.0,24.55,0.03499156829679606,13049.4,499.0,1.5047702803539096,1.4528440464769226,0.05192623387698703,1.5047702803539096,10.710696986578334,24.550000000000004,0.2616991791919838,BUY,43836.70464233124,0.0,1076191.0989692323,23.715179618377576,25.172844046476925,23.668073766123015,24.550000000000004,1072052.401746725,0.0,0.0,0.0,0.0,1.9810758468582927,15.420725017000606,12.046084532736375
1998-07-13,501.0,35989.0,95.0,96.87,93.56,96.69,14163900.0,25.3,0.03054989816700604,14163.9,500.0,0.866097838452788,0.7970989761092149,0.06899886234357311,0.866097838452788,10.696354258330791,25.3,0.2616609783845279,BUY,43836.70464233124,0.0,1109068.6274509805,24.85779294653015,25.34709897610922,24.48100113765643,25.3,1104803.4934497816,0.0,0.0,0.0,0.0,2.081092697928316,15.351902401520674,12.046084532736375
1998-07-20,502.0,35996.0,96.56,96.62,89.81,91.69,17376600.0,23.99,-0.05177865612648225,17376.6,501.0,1.7817853637256,0.020102519358708548,1.8018878830843086,1.8018878830843086,11.17698131796695,25.3,0.2616424910022903,BUY,43836.70464233124,0.0,1051642.5443695264,25.264198931181152,25.279897480641292,23.498112116915692,23.99,1047598.253275109,0.0,0.0,0.0,0.0,2.108879953421176,15.426824506690963,12.046084532736375
1998-07-27,503.0,36003.0,91.0,92.75,88.06,89.44,14133900.0,23.4,-0.024593580658607728,14133.9,502.0,1.227034883720929,0.2759883720930212,0.9510465116279079,1.227034883720929,11.329243632626016,25.3,0.26162790697674415,,43836.70464233124,0.0,1025778.8886305508,23.80813953488372,24.26598837209302,23.03895348837209,23.399999999999995,1021834.0611353709,0.0,0.0,0.0,0.0,2.103168596180991,15.574029729059717,12.046084532736375
1998-08-03,504.0,36010.0,88.69,91.06,85.44,88.12,18424300.0,23.06,-0.014529914529914478,18424.3,503.0,1.4706899682251482,0.42936450295052353,1.0413254652746247,1.4706899682251482,11.821763787422231,25.3,0.26168860644575576,,43836.70464233124,0.0,1010874.4090521584,23.209162505674076,23.82936450295052,22.35867453472537,23.06,1006986.8995633187,0.0,0.0,0.0,0.0,2.043517892691743,15.869497951197474,12.046084532736375
1998-08-10,505.0,36017.0,88.06,89.87,85.69,87.44,13479200.0,22.88,-0.0078057241977450564,13479.2,504.0,1.0937602927721883,0.455846294602015,0.6379139981701734,1.0937602927721883,12.112794937097423,25.3,0.2616651418115279,,43836.70464233124,0.0,1002983.8022165388,23.042232387923146,23.515846294602014,22.422086001829825,22.88,999126.6375545851,0.0,0.0,0.0,0.0,1.949186898615623,16.255569338826792,12.046084532736375
1998-08-17,506.0,36024.0,87.06,91.94,86.5,89.62,13296100.0,23.45,0.024912587412587506,13296.1,505.0,1.4234322695826798,1.177051997322021,0.24638027226065873,1.4234322695826798,12.26285888925187,25.3,0.26166034367328717,,43836.70464233124,0.0,1027970.7238626675,22.78014952019638,24.05705199732202,22.63361972773934,23.449999999999996,1024017.4672489081,0.0,0.0,0.0,0.0,1.8958069829487447,16.533409371896433,12.046084532736375
1998-08-24,507.0,36031.0,89.5,91.69,84.75,85.87,17587800.0,22.47,-0.04179104477611939,17587.8,506.0,1.816021893560034,0.5429463141958806,1.2730755793641535,1.816021893560034,13.011307229050237,25.3,0.26167462443228134,,43836.70464233124,0.0,985010.753313183,23.41987888668918,23.992946314195876,22.176924420635842,22.47,981222.7074235808,0.0,0.0,0.0,0.0,1.8287177382880826,16.81186419086516,12.046084532736375
1998-08-31,508.0,36038.0,85.94,86.44,72.62,75.87,29113600.0,19.85,-0.11659991099243427,29113.6,507.0,3.615750626070909,0.1454474759456943,3.470303150125215,3.615750626070909,16.466051039803215,25.3,0.2616317385000659,,43836.70464233124,0.0,870158.587150275,22.48463160669566,22.615447475945693,18.999696849874784,19.849999999999998,866812.2270742358,0.0,0.0,0.0,0.0,1.8001791172695005,16.90833269463113,12.046084532736375
1998-09-08,509.0,36046.0,82.0,83.25,75.12,79.25,27497700.0,20.74,0.04483627204030216,27497.7,508.0,2.127649211356463,1.9368138801261807,0.19083533123028218,2.127649211356463,17.158138740917163,25.3,0.2617034700315457,,43836.70464233124,0.0,909173.25428195,21.459684542586746,21.78681388012618,19.659164668769716,20.74,905676.8558951966,0.0,0.0,0.0,0.0,1.766659464439974,17.031887924265924,12.046084532736375
1998-09-14,510.0,36052.0,79.94,81.5,76.5,77.87,24830400.0,20.38,-0.017357762777241992,24830.4,509.0,1.3085912418132786,0.5900372415564377,0.7185540002568409,1.3085912418132786,17.649798077984375,25.3,0.26171824836265567,,43836.70464233124,0.0,893392.0406107106,20.921756774110694,21.330037241556436,20.021445999743158,20.38,889956.3318777293,0.0,0.0,0.0,0.0,1.7325049004894326,17.150932870727644,12.046084532736375
1998-09-21,511.0,36059.0,75.25,84.25,75.12,83.06,19833300.0,21.74,0.0667320902845927,19833.3,510.0,2.389672525884901,1.671468817722129,0.7182037081627719,2.389672525884901,18.30289212554059,25.3,0.261738502287503,,43836.70464233124,0.0,953009.9589242813,19.6958222971346,22.051468817722128,19.661796291837227,21.740000000000002,949344.978165939,0.0,0.0,0.0,0.0,1.675561223424649,17.367682307292043,12.046084532736375
1998-09-28,512.0,36066.0,83.56,84.94,70.62,75.37,24818700.0,19.79,-0.0896964121435142,24818.7,511.0,3.760021228605545,0.5628074830834535,3.1972137455220917,3.760021228605545,21.11732139763461,25.3,0.262571314846756,,43836.70464233124,0.0,867528.3848717352,21.940459068594933,22.302807483083456,18.54278625447791,19.79,864192.1397379913,0.0,0.0,0.0,0.0,1.6457205333122475,17.464479154524263,12.046084532736375
1998-10-05,513.0,36073.0,74.69,75.94,69.0,72.5,31928700.0,19.04,-0.03789792824658922,31928.7,512.0,1.8225875862068968,0.15341517241379066,1.669172413793106,1.8225875862068968,21.508318750947662,25.3,0.2626206896551724,,43836.70464233124,0.0,834650.8563899868,19.615139310344823,19.94341517241379,18.120827586206893,19.04,831441.0480349346,0.0,0.0,0.0,0.0,1.614396747708715,17.56034959414285,12.046084532736375
1998-10-12,514.0,36080.0,74.5,84.25,73.5,83.81,23723500.0,22.01,0.1559873949579833,23723.5,513.0,2.823141629877103,3.0855518434554376,0.2624102135783346,3.0855518434554376,23.72142047392905,25.3,0.2626178260350794,,43836.70464233124,0.0,964845.8691777108,19.565028039613413,22.125551843455437,19.302410213578334,22.010000000000005,961135.3711790396,0.0,0.0,0.0,0.0,1.5710149721857094,17.736852813438166,12.046084532736375
1998-10-19,515.0,36087.0,82.87,86.81,81.87,86.56,16702300.0,22.73,0.03271240345297577,16702.3,514.0,1.2972065619223656,0.7856481053604369,0.5115584565619287,1.2972065619223656,23.581169687639814,25.3,0.26259242144177447,,43836.70464233124,0.0,996408.2965201891,21.76103396487985,22.795648105360442,21.498441543438076,22.73,992576.4192139738,0.0,0.0,0.0,0.0,1.513062615061663,17.977099559906815,12.046084532736375
1998-10-26,516.0,36094.0,85.87,88.94,84.06,87.5,14474400.0,22.98,0.010998680158381013,14474.4,515.0,1.2816274285714258,0.6281851428571414,0.6534422857142843,1.2816274285714258,22.987398059874693,25.3,0.26262857142857143,,43836.70464233124,0.0,1007367.472680772,22.55191542857143,23.358185142857142,22.076557714285716,22.98,1003493.4497816594,0.0,0.0,0.0,0.0,1.4624504954072237,18.199239615140478,12.046084532736375
1998-11-02,517.0,36101.0,87.62,91.19,87.25,90.37,13442000.0,23.73,0.03263707571801566,13442.0,516.0,1.034593338497288,0.9653214562354755,0.06927188226181258,1.034593338497288,20.119445518126224,25.3,0.26258714175058095,,43836.70464233124,0.0,1040245.0011625204,23.007885360185906,23.945321456235476,22.910728117738188,23.73,1036244.5414847161,0.0,0.0,0.0,0.0,1.4302619953602103,18.389223060379962,12.046084532736375
1998-11-09,518.0,36108.0,90.44,90.5,86.12,88.19,11538400.0,23.16,-0.024020227560050622,11538.4,517.0,1.1502528631364086,0.03664020864043849,1.1136126544959701,1.1502528631364086,19.033449575659496,25.3,0.26261480893525346,,43836.70464233124,0.0,1015258.0795163917,23.75088332010432,23.76664020864044,22.61638734550403,23.160000000000004,1011353.7117903932,0.0,0.0,0.0,0.0,1.4117040302016486,18.509520412300756,12.046084532736375
1998-11-16,519.0,36115.0,88.81,92.87,88.81,92.69,13991800.0,24.34,0.050949913644214195,13991.8,518.0,1.0661387420433712,1.2272672348689149,0.16112849282554365,1.2272672348689149,18.943089567943538,25.3,0.2625957492717661,,43836.70464233124,0.0,1066985.3909943425,23.321128492825547,24.38726723486892,23.321128492825547,24.34,1062882.0960698691,0.0,0.0,0.0,0.0,1.423904778614188,18.580481955903558,12.046084532736375
1998-11-23,520.0,36122.0,92.69,94.62,92.25,92.31,9951000.0,24.24,-0.0041084634346755244,9951.0,519.0,0.6223464413389692,0.5065908352291189,0.11575560610985036,0.6223464413389692,16.979393918448057,25.3,0.26259343516412087,,43836.70464233124,0.0,1062601.7205301092,24.339785505362364,24.84659083522912,24.22424439389015,24.24,1058515.2838427948,0.0,0.0,0.0,0.0,1.4263608153235714,18.67263454705693,12.046084532736375
1998-11-30,521.0,36129.0,91.56,92.12,88.0,90.12,13002100.0,23.67,-0.023514851485148425,13002.1,520.0,1.0821171770972065,0.044700399467373586,1.12681757656458,1.12681757656458,14.053612082846985,25.3,0.2626498002663116,,43836.70464233124,0.0,1037614.7988839806,24.048215712383488,24.195299600532625,23.11318242343542,23.67,1033624.4541484718,0.0,0.0,0.0,0.0,1.4096288236918577,18.796415745648407,12.046084532736375
1998-12-07,522.0,36136.0,90.31,91.56,86.69,89.06,12926700.0,23.39,-0.011829319814110728,12926.7,521.0,1.279017516281158,0.3765798338198927,0.9024376824612652,1.279017516281158,13.449645338485052,25.3,0.26263193352795866,,43836.70464233124,0.0,1025340.5215841278,23.718289916909946,24.046579833819894,22.767562317538736,23.39,1021397.379912664,0.0,0.0,0.0,0.0,1.378125100411895,18.952979931897097,12.046084532736375
1998-12-14,523.0,36143.0,88.25,97.0,86.19,96.87,19679500.0,25.44,0.08764429243266347,19679.5,522.0,2.838922266955713,2.084140600805199,0.7547816661505138,2.838922266955713,13.175612475707581,25.439999999999998,0.26262000619386805,,43836.70464233124,0.0,1115205.7661009068,23.176215546608855,25.4741406008052,22.635218333849487,25.439999999999998,1110917.0305676856,0.0,0.0,0.0,0.0,1.4189480900765148,18.973605384564813,12.046084532736375
1998-12-21,524.0,36150.0,96.87,102.0,96.87,100.94,10364900.0,26.51,0.042059748427673016,10364.9,523.0,1.3472983950861916,1.3483891420645975,0.0010907469784058321,1.3483891420645975,13.23248200919895,26.51,0.2626312660986725,BUY,43836.70464233124,0.0,1162111.0400682013,25.441090746978404,26.788389142064595,25.441090746978404,26.51,1157641.92139738,0.0,0.0,0.0,0.0,1.5072474528084463,18.90139356310084,13.23248200919895
1998-12-28,525.0,36157.0,101.5,103.94,100.56,102.0,8796500.0,26.88,0.013956997359486856,8796.5,524.0,0.8907294117647027,0.8812470588235222,0.009482352941180494,0.8907294117647027,12.7981508794137,26.879999999999995,0.26352941176470585,BUY,43836.70464233124,0.0,1178330.6207858636,26.74823529411764,27.391247058823524,26.50051764705882,26.879999999999995,1173799.1266375545,0.0,0.0,0.0,0.0,1.6245569386379735,18.744461311941656,13.23248200919895
1999-01-04,526.0,36164.0,101.37,104.87,99.5,102.37,14563700.0,26.98,0.0037202380952381375,14563.7,525.0,1.415283774543326,0.7588844388004325,0.6563993357428934,1.415283774543326,13.22114025279819,26.979999999999997,0.2635537755201719,BUY,43836.70464233124,0.0,1182714.2912500969,26.716446224479828,27.638884438800428,26.223600664257102,26.979999999999997,1178165.9388646288,0.0,0.0,0.0,0.0,1.7385037362422142,18.58642358622373,13.23248200919895
1999-01-11,527.0,36171.0,101.0,102.37,94.06,100.75,17661300.0,26.55,-0.015937731653076326,17661.3,526.0,2.1898808933002485,0.003091811414385859,2.1929727047146343,2.1929727047146343,14.379717854551773,26.979999999999997,0.26352357320099257,BUY,43836.70464233124,0.0,1163864.5082538945,26.61588089330025,26.97690818858561,24.787027295285363,26.55,1159388.6462882098,0.0,0.0,0.0,0.0,1.825550433237944,18.460514160807577,14.379717854551773
1999-01-19,528.0,36179.0,101.0,102.19,97.37,97.87,15544400.0,25.79,-0.028625235404896476,15544.4,527.0,1.270131807499741,0.3783753959333751,0.8917564115663659,1.270131807499741,14.427345157474914,26.979999999999997,0.26351282313272706,,43836.70464233124,0.0,1130548.6127257226,26.614795136405434,26.928375395933376,25.658243588433635,25.79,1126200.8733624455,0.0,0.0,0.0,0.0,1.8728906040538715,18.420944221572636,14.379717854551773
1999-01-25,,36185.0,98.0,105.0,98.0,104.87,14324700.0,27.64,0.07173322993408293,14324.7,528.0,1.8449508915800514,1.8842633737007723,0.039312482120720915,1.8842633737007723,15.82947508232136,27.64,0.2635644130828645,,43836.70464233124,0.0,1211646.5163140355,25.82931248212072,27.67426337370077,25.82931248212072,27.64,1206986.8995633188,0.0,0.0,0.0,0.0,1.998174181468796,18.226759668279225,14.379717854551773
1999-02-01,,36192.0,104.94,104.94,96.5,98.0,15314200.0,25.83,-0.06548480463096973,15314.2,529.0,2.224542857142854,0.019185714285711697,2.2053571428571423,2.224542857142854,17.049169838519443,27.64,0.26357142857142857,BUY,43836.70464233124,0.0,1132302.0809114159,27.659185714285712,27.659185714285712,25.434642857142858,25.83,1127947.598253275,0.0,0.0,0.0,0.0,2.025992313473489,18.25379970412115,17.049169838519443
1999-02-08,,36199.0,98.19,100.12,95.75,97.62,13067100.0,25.73,-0.0038714672861013266,13067.1,530.0,1.1518141774226613,0.5589325957795559,0.5928815816431054,1.1518141774226613,16.907832795343335,27.64,0.26357303831182133,,43836.70464233124,0.0,1127918.4104471828,25.880236631837736,26.388932595779554,25.237118418356893,25.73,1123580.786026201,0.0,0.0,0.0,0.0,2.0510295437104533,18.27803589682143,17.049169838519443
1999-02-16,,36207.0,98.56,101.44,97.31,100.37,13180500.0,26.45,0.027982899339292544,13180.5,531.0,1.0883580751220485,1.0019717046926324,0.0863863704294161,1.0883580751220485,14.962761471083708,27.64,0.2635249576566703,,43836.70464233124,0.0,1159480.8377896613,25.973019826641423,26.731971704692633,25.643613629570584,26.449999999999996,1155021.8340611353,0.0,0.0,0.0,0.0,2.085282411681068,18.308257385431475,17.049169838519443
1999-02-22,,36213.0,100.37,104.5,98.06,100.31,15985200.0,26.44,-0.0003780718336483524,15985.2,532.0,1.6974738311235136,1.094412321802416,0.6030615093210976,1.6974738311235136,15.350633347815839,27.64,0.26358289303160204,,43836.70464233124,0.0,1159042.470743238,26.455814973581898,27.54441232180241,25.846938490678898,26.44,1154585.152838428,0.0,0.0,0.0,0.0,2.108822802168493,18.368674701895845,17.049169838519443
1999-03-01,,36220.0,100.12,103.87,97.56,103.69,14245700.0,27.42,0.03706505295007556,14245.7,533.0,1.6686295689073205,1.0275995756582113,0.6410299932491093,1.6686295689073205,16.21496685575208,27.64,0.26444208699006655,,43836.70464233124,0.0,1202002.4412927225,26.475941749445465,27.467599575658213,25.798970006750892,27.419999999999998,1197379.9126637555,0.0,0.0,0.0,0.0,2.1740152748379797,18.333742300709932,17.049169838519443
1999-03-08,,36227.0,103.94,108.69,103.62,107.37,19640800.0,28.4,0.03574033552151712,19640.8,534.0,1.3410449846325747,1.3291478066498996,0.011897177982675089,1.3410449846325747,16.1324793114068,28.4,0.26450591412871377,,43836.70464233124,0.0,1244962.4118422072,27.49274471453851,28.749147806649898,27.408102822017323,28.4,1240174.672489083,0.0,0.0,0.0,0.0,2.2633368363416655,18.272877421340965,17.049169838519443
1999-03-15,,36234.0,108.0,112.94,107.81,112.0,17556700.0,29.62,0.04295774647887329,17556.7,535.0,1.3567017857142822,1.468596428571427,0.11189464285714479,1.468596428571427,15.327616782358792,29.619999999999997,0.2644642857142857,BUY,43836.70464233124,0.0,1298443.1915058512,28.562142857142856,29.868596428571426,28.511894642857143,29.619999999999997,1293449.7816593884,0.0,0.0,0.0,0.0,2.4076099853923276,18.09560918286065,17.049169838519443
1999-03-22,,36241.0,111.25,111.81,105.75,107.81,12391600.0,28.51,-0.03747467927076298,12391.6,536.0,1.6025470735553284,0.05221315276875771,1.6547602263240861,1.6547602263240861,15.754981692163621,29.619999999999997,0.26444671180781004,BUY,43836.70464233124,0.0,1249784.4493528637,29.419696688618867,29.56778684723124,27.96523977367591,28.51,1244978.1659388645,0.0,0.0,0.0,0.0,2.48147036682683,18.064128960981705,17.049169838519443
1999-03-29,,36248.0,108.0,114.19,108.0,111.62,14717500.0,29.52,0.03542616625745354,14717.5,537.0,1.6370614585199803,1.689684644328974,0.05262318580899361,1.689684644328974,15.538783103972733,29.619999999999997,0.26446873320193515,,43836.70464233124,0.0,1294059.5210416184,28.562623185808995,30.199684644328975,28.562623185808995,29.520000000000003,1289082.9694323144,0.0,0.0,0.0,0.0,2.5965446540340484,17.94302860881732,17.049169838519443
1999-04-05,,36255.0,112.5,114.81,111.62,112.19,13361900.0,29.67,0.005081300813008172,13361.9,538.0,0.8436340137267102,0.842890631963634,0.0007433817630762007,0.8436340137267102,14.004439944621463,29.670000000000005,0.2644620732685623,,43836.70464233124,0.0,1300635.0267379682,29.75198324271326,30.362890631963637,29.519256618236927,29.670000000000005,1295633.187772926,0.0,0.0,0.0,0.0,2.7140646522048124,17.799960320707477,17.049169838519443
1999-04-12,,36262.0,110.62,117.44,109.94,111.25,17350800.0,29.42,-0.008426019548365304,17350.8,539.0,1.9833707865168542,1.3869420224719065,0.5964287640449477,1.9833707865168542,14.928391732503899,29.670000000000005,0.2644494382022472,BUY,43836.70464233124,0.0,1289675.8505773852,29.253396853932585,31.05694202247191,29.073571235955058,29.42,1284716.15720524,0.0,0.0,0.0,0.0,2.8104647438004293,17.697984481962344,17.049169838519443
1999-04-19,,36269.0,111.25,114.87,100.5,112.87,19354900.0,29.85,0.014615907545887152,19354.9,540.0,3.8003411003809724,0.9589270842562279,2.8414140161247445,3.8003411003809724,17.941706205013816,29.850000000000005,0.264463542128112,,43836.70464233124,0.0,1308525.6335735878,29.42156906175246,30.37892708425623,26.578585983875257,29.850000000000005,1303493.4497816595,0.0,0.0,0.0,0.0,2.919263697475028,17.555255390458775,17.049169838519443
1999-04-26,,36276.0,113.12,114.94,103.69,105.37,16573000.0,27.87,-0.06633165829145726,16573.0,541.0,2.975586030179368,0.5512318496725754,2.4243541805067927,2.975586030179368,19.36183087063143,29.850000000000005,0.2644965360159438,BUY,43836.70464233124,0.0,1221728.9583817718,29.919848154123564,30.40123184967258,27.425645819493212,27.87,1217030.5676855894,0.0,0.0,0.0,0.0,2.955546153192781,17.527232177993653,19.36183087063143
1999-05-03,,36283.0,105.44,110.87,103.25,109.94,18686200.0,29.08,0.04341585934696801,18686.2,542.0,2.0155503001637243,1.455992359468798,0.5595579406949263,2.0155503001637243,19.747298349805213,29.850000000000005,0.26450791340731306,,43836.70464233124,0.0,1274771.3709989924,27.889714389667088,29.3259923594688,27.310442059305075,29.08,1269868.9956331875,0.0,0.0,0.0,0.0,3.0202321731178308,17.489663469644448,19.36183087063143
1999-05-10,,36290.0,109.69,111.75,104.87,105.94,14043700.0,28.02,-0.0364511691884456,14043.7,543.0,1.8196866150651303,0.4766830281291341,1.3430035869359962,1.8196866150651303,20.27912238361916,29.850000000000005,0.26448933358504817,,43836.70464233124,0.0,1228304.4640781216,29.011835000943933,29.556683028129132,27.736996413064002,28.020000000000003,1223580.7860262007,0.0,0.0,0.0,0.0,3.0430322200409,17.545346279166044,19.36183087063143
1999-05-17,,36297.0,105.44,109.31,102.56,104.12,14350200.0,27.54,-0.017130620985010725,14350.2,544.0,1.785391855551289,0.8927679600460969,0.8926238955051922,1.785391855551289,20.631117302485677,29.850000000000005,0.26450249711870916,,43836.70464233124,0.0,1207262.8458498025,27.889143296196693,28.9127679600461,27.12737610449481,27.54,1202620.0873362443,0.0,0.0,0.0,0.0,3.0463496846146723,17.646320910414538,19.36183087063143
1999-05-24,,36304.0,105.12,105.44,100.25,101.69,16168200.0,26.89,-0.023602033405954903,16168.2,545.0,1.3723974825449865,0.34161667813944163,1.0307808044055449,1.3723974825449865,20.3173809205089,29.850000000000005,0.26443111417051823,,43836.70464233124,0.0,1178768.9878322869,27.79699872160488,27.88161667813944,26.509219195594454,26.889999999999997,1174235.8078602618,0.0,0.0,0.0,0.0,3.032638712569589,17.778403218576027,19.36183087063143
1999-06-01,,36312.0,102.12,105.0,100.25,104.87,13258200.0,27.74,0.03161026403867595,13258.2,546.0,1.256460379517499,0.8843873367025843,0.3720730428149146,1.256460379517499,19.83602062627393,29.850000000000005,0.26451797463526266,,43836.70464233124,0.0,1216030.1867782685,27.012575569753025,27.77438733670258,26.517926957185082,27.74,1211353.7117903929,0.0,0.0,0.0,0.0,3.038935225564321,17.867296082430663,19.36183087063143
1999-06-07,,36318.0,104.0,105.25,99.81,101.34,12103300.0,26.8,-0.0338860850757029,12103.3,547.0,1.438642194592461,0.09402407736333274,1.3446181172291283,1.438642194592461,20.497140827235874,29.850000000000005,0.264456285770673,,43836.70464233124,0.0,1174823.6844144773,27.50345372014999,27.83402407736333,26.39538188277087,26.8,1170305.6768558952,0.0,0.0,0.0,0.0,3.008112192871426,18.04996342026046,19.36183087063143
1999-06-14,,36325.0,101.06,108.69,101.0,107.56,14279700.0,28.45,0.06156716417910446,14279.7,548.0,2.0340321680922244,1.9488889921904011,0.0851431759018233,2.0340321680922244,20.553431251208508,29.850000000000005,0.2645035329118631,,43836.70464233124,0.0,1247154.2470743237,26.73072703607289,28.748888992190402,26.714856824098177,28.45,1242358.0786026202,0.0,0.0,0.0,0.0,2.8998158057568197,18.530460485607954,19.36183087063143
1999-06-21,,36332.0,107.69,107.69,103.19,104.44,12352500.0,27.62,-0.029173989455184457,12352.5,549.0,1.1900612792033698,0.029488701646883442,1.1605725775564864,1.1900612792033698,17.65312033878895,29.850000000000005,0.26445806204519345,,43836.70464233124,0.0,1210769.782221189,28.479488701646883,28.479488701646883,27.289427422443513,27.620000000000005,1206113.5371179043,0.0,0.0,0.0,0.0,2.8006780644094778,18.946109717025077,19.36183087063143
1999-06-28,,36339.0,105.19,113.0,105.19,112.69,14185300.0,29.8,0.07892831281679946,14185.3,550.0,2.0652941698464815,2.2619771053332123,0.19668293548673077,2.2619771053332123,16.860221533404328,29.850000000000005,0.26444227526843556,,43836.70464233124,0.0,1306333.798341471,27.816682935486735,29.881977105333217,27.816682935486735,29.8,1301310.0436681225,0.0,0.0,0.0,0.0,2.719712843959662,19.378278865710598,19.36183087063143
1999-07-06,,36347.0,111.87,118.75,111.87,117.12,19539000.0,31.07,0.042617449664429596,19539.0,551.0,1.8251502732240432,1.7024120560109282,0.12273821721311506,1.8251502732240432,16.648665947915795,31.07,0.2652834699453552,,43836.70464233124,0.0,1362006.4132372318,29.677261782786886,31.50241205601093,29.677261782786886,31.07,1356768.5589519653,0.0,0.0,0.0,0.0,2.7292061938488215,19.582106466597455,19.36183087063143
1999-07-12,,36353.0,117.25,119.0,114.19,118.87,12664600.0,31.54,0.015127132281943956,12664.6,552.0,1.276246319508708,0.5044931437705031,0.7717531757382048,1.276246319508708,16.044843397297548,31.54,0.2653318751577353,BUY,43836.70464233124,0.0,1382609.6644191274,31.110162362244466,31.574493143770503,30.298246824261795,31.54,1377292.5764192143,0.0,0.0,0.0,0.0,2.6348091081306184,20.104684546746622,19.36183087063143
1999-07-19,,36360.0,119.0,120.0,113.94,115.19,12084000.0,30.56,-0.03107165504121756,12084.0,553.0,1.6077228926122054,0.2960968834100193,1.311626009202186,1.6077228926122054,15.847433438476344,31.54,0.26530080736175016,BUY,43836.70464233124,0.0,1339649.6938696427,31.570796076048268,31.83609688341002,30.228373990797813,30.56,1334497.8165938868,0.0,0.0,0.0,0.0,2.408365526497395,20.951769110585772,19.36183087063143
1999-07-26,,36367.0,114.56,116.87,108.69,109.0,11334200.0,28.92,-0.05366492146596846,11334.2,554.0,2.1703266055045916,0.44807706422018967,1.7222495412844019,2.1703266055045916,16.734021352875907,31.54,0.2653211009174312,,43836.70464233124,0.0,1267757.4982562196,30.39518532110092,31.00807706422019,28.837750458715597,28.92,1262882.0960698694,0.0,0.0,0.0,0.0,2.2942581511263347,21.405574134379286,19.36183087063143
1999-08-02,,36374.0,108.06,109.94,105.0,107.0,12874600.0,28.39,-0.01832641770401111,12874.6,555.0,1.310715887850467,0.25006168224298975,1.0606542056074773,1.310715887850467,16.794305251023648,31.54,0.26532710280373834,,43836.70464233124,0.0,1244524.044795784,28.671246728971965,29.17006168224299,27.859345794392524,28.39,1239737.9912663759,0.0,0.0,0.0,0.0,2.1927134212046995,21.79748473967118,19.36183087063143
1999-08-09,,36381.0,106.44,108.44,102.56,107.75,12123300.0,28.59,0.007044734061289137,12123.3,556.0,1.5601781902552183,0.3830821345707669,1.1770960556844514,1.5601781902552183,16.929345246204488,31.54,0.26533642691415316,,43836.70464233124,0.0,1253291.3857242505,28.24240928074246,28.773082134570767,27.21290394431555,28.590000000000003,1248471.6157205245,0.0,0.0,0.0,0.0,2.092928719433205,22.183775762392596,19.36183087063143
1999-08-16,,36388.0,108.37,112.94,108.19,112.81,11045100.0,29.93,0.04686953480237843,11045.1,557.0,1.260238454037765,1.3744907366368189,0.11425228259905396,1.3744907366368189,16.19652143347626,31.54,0.2653133587447921,,43836.70464233124,0.0,1312032.569944974,28.752008687173124,29.964490736636822,28.704252282599057,29.93,1306986.899563319,0.0,0.0,0.0,0.0,2.0445597348135403,22.455917736136882,19.36183087063143
1999-08-23,,36395.0,113.0,119.69,113.0,116.56,13895500.0,30.92,0.03307718008686944,13895.5,558.0,1.7746636925188746,1.8202985586822287,0.045634866163354104,1.8202985586822287,16.896785077341658,31.54,0.26527110501029516,,43836.70464233124,0.0,1355430.9075408822,29.975634866163354,31.75029855868223,29.975634866163354,30.920000000000005,1350218.3406113542,0.0,0.0,0.0,0.0,1.9861503513889363,22.79120948738132,19.36183087063143
1999-08-30,,36402.0,116.06,116.87,111.37,116.41,11915500.0,30.88,-0.0012936610608021981,11915.5,559.0,1.4589811871832303,0.08202388110986547,1.3769573060733649,1.4589811871832303,16.004567390508345,31.54,0.2652693067605876,,43836.70464233124,0.0,1353677.4393551887,30.787155742633793,31.00202388110987,29.54304269392664,30.88,1348471.6157205242,0.0,0.0,0.0,0.0,1.9678884040945779,22.996376550739164,19.36183087063143
1999-09-07,,36410.0,117.56,121.0,117.56,119.19,15258600.0,31.62,0.02396373056994827,15258.6,560.0,0.912600050339794,1.2201761892776268,0.30757613893783287,1.2201761892776268,15.332373963901215,31.62,0.26529071230807955,,43836.70464233124,0.0,1386116.600790514,31.187576138937832,32.100176189277626,31.187576138937832,31.62,1380786.0262008735,0.0,0.0,0.0,0.0,1.960915512973082,23.193808778542905,19.36183087063143
1999-09-13,,36416.0,118.5,120.0,115.12,120.0,11706000.0,31.84,0.006957621758380661,11706.0,561.0,1.2948266666666655,0.2199999999999953,1.0748266666666701,1.2948266666666655,15.353018794076725,31.839999999999996,0.2653333333333333,BUY,43836.70464233124,0.0,1395760.6758118265,31.441999999999997,31.839999999999996,30.54517333333333,31.839999999999996,1390393.0131004367,0.0,0.0,0.0,0.0,1.9156048494724187,23.506353729977487,19.36183087063143
1999-09-20,,36423.0,121.12,122.5,115.62,118.0,15132100.0,31.31,-0.016645728643216118,15132.1,562.0,1.8255322033898267,0.6640254237288161,1.1615067796610106,1.8255322033898267,15.595029139385193,31.839999999999996,0.26533898305084747,BUY,43836.70464233124,0.0,1372527.2223513913,32.13785762711865,32.50402542372881,30.678493220338986,31.310000000000002,1367248.9082969434,0.0,0.0,0.0,0.0,1.8074824979427284,23.969830340509027,19.36183087063143
1999-09-27,,36430.0,119.0,121.06,115.25,117.37,16477800.0,31.23,-0.0025550942190992743,16477.8,563.0,1.5459342251001118,0.901841185993014,0.6440930391070978,1.5459342251001118,14.90125982782466,31.839999999999996,0.2660816222203289,,43836.70464233124,0.0,1369020.2859800048,31.663713044219136,32.211841185993016,30.665906960892904,31.230000000000004,1363755.4585152841,0.0,0.0,0.0,0.0,1.7898841600410027,24.155045697458462,19.36183087063143
1999-10-04,,36437.0,118.19,125.19,118.19,124.75,18407000.0,33.19,0.06276016650656402,18407.0,564.0,1.862364729458914,2.077062925851692,0.21469819639277787,2.077062925851692,15.752756536714909,33.19,0.2660521042084168,,43836.70464233124,0.0,1454940.2270789738,31.444698196392782,33.307062925851696,31.444698196392782,33.19,1449344.978165939,0.0,0.0,0.0,0.0,1.8907038622130201,24.065923271296707,19.36183087063143
1999-10-11,,36444.0,123.69,124.44,115.5,115.75,17493900.0,30.8,-0.07200964145827049,17493.9,565.0,2.3788509719222475,0.0776717062634944,2.456522678185742,2.456522678185742,16.748694856637712,33.19,0.2660907127429806,BUY,43836.70464233124,0.0,1350170.5029838022,32.912760259179265,33.1123282937365,30.733477321814256,30.8,1344978.165938865,0.0,0.0,0.0,0.0,1.890679194569012,24.16159469650429,19.36183087063143
1999-10-18,,36451.0,115.5,126.19,114.62,125.62,16590700.0,33.42,0.08506493506493507,16590.7,566.0,3.0780878840948844,2.7716430504696667,0.3064448336252177,3.0780878840948844,18.641580576035565,33.42,0.26604043942047445,,43836.70464233124,0.0,1465022.66914671,30.7276707530648,33.57164305046967,30.493555166374783,33.42,1459388.64628821,0.0,0.0,0.0,0.0,1.9904933786731875,24.06913240697556,19.36183087063143
1999-10-25,,36458.0,124.62,136.31,123.62,135.5,18538300.0,36.05,0.07869539198084974,18538.3,567.0,3.3761955719557193,2.845501845018447,0.5306937269372725,3.3761955719557193,20.370355035228332,36.05,0.26605166051660517,BUY,43836.70464233124,0.0,1580313.2023560412,33.15535793357934,36.26550184501845,32.88930627306273,36.05,1574235.8078602622,0.0,0.0,0.0,0.0,2.2255799396599394,23.713123321581854,20.370355035228332
1999-11-01,,36465.0,133.63,134.81,128.19,133.75,16060500.0,35.59,-0.012760055478501897,16060.5,568.0,1.7615386915887896,0.17794093457943205,1.9394796261682217,1.9394796261682217,20.904242189656102,36.05,0.26609345794392525,BUY,43836.70464233124,0.0,1560148.318220569,35.55806878504673,35.872059065420565,34.110520373831775,35.59,1554148.471615721,0.0,0.0,0.0,0.0,2.36040703191963,23.61507998117653,20.904242189656102
1999-11-08,,36472.0,133.81,135.81,131.81,135.38,9855200.0,36.02,0.012082045518404083,9855.2,569.0,1.064263554439357,0.544408332102229,0.519855222337128,1.064263554439357,20.73100592872469,36.05,0.266065888609839,,43836.70464233124,0.0,1578998.1012167714,35.60227655488256,36.13440833210223,35.070144777662875,36.02,1572925.7641921402,0.0,0.0,0.0,0.0,2.5447247694575226,23.358675881234237,20.904242189656102
1999-11-15,,36479.0,135.25,141.31,134.19,137.69,15494700.0,36.64,0.01721265963353691,15494.7,570.0,1.894667731861432,1.5833001670419051,0.3113675648195269,1.894667731861432,21.39749600116332,36.64,0.26610501851986346,,43836.70464233124,0.0,1606176.8580950168,35.990703754811534,37.60330016704191,35.708632435180476,36.64,1600000.0000000002,0.0,0.0,0.0,0.0,2.6841640162980096,23.273736300718387,20.904242189656102
1999-11-22,,36486.0,137.81,140.38,135.63,135.63,10624900.0,36.09,-0.015010917030567561,10624.9,571.0,1.2639349701393527,0.7139349701393556,0.5499999999999972,1.2639349701393527,20.77349907532946,36.64,0.26609157266091576,BUY,43836.70464233124,0.0,1582066.6705417347,36.6700796284008,37.353934970139356,36.09,36.09,1575982.532751092,0.0,0.0,0.0,0.0,2.7584021877506495,23.340823798916055,20.904242189656102
1999-11-29,,36493.0,135.0,138.88,129.88,136.25,14628400.0,36.25,0.004433361041839667,14628.4,572.0,2.394495412844037,0.8597247706422024,1.5347706422018348,2.394495412844037,21.716344839489373,36.64,0.26605504587155965,,43836.70464233124,0.0,1589080.5432845075,35.91743119266055,36.949724770642206,34.55522935779817,36.25,1582969.4323144106,0.0,0.0,0.0,0.0,2.843202398884683,23.367847661324873,20.904242189656102
1999-12-06,,36500.0,136.31,147.88,136.0,147.44,16621700.0,39.23,0.08220689655172397,16621.7,573.0,3.1609631036353747,3.097072707542047,0.0638903960933277,3.1609631036353747,22.920678370360132,39.23,0.2660743353228432,,43836.70464233124,0.0,1719713.9231186544,36.26859264785676,39.34707270754205,36.18610960390667,39.23,1713100.4366812226,0.0,0.0,0.0,0.0,3.075445248110102,23.099191757773518,20.904242189656102
1999-12-13,,36507.0,147.13,154.75,143.75,151.88,28494000.0,40.41,0.030079021157277674,28494.0,574.0,2.9267184619436364,1.943607453252568,0.9831110086910684,2.9267184619436364,23.44311813009113,40.41,0.26606531472214906,BUY,43836.70464233124,0.0,1771441.2345966054,39.14618975506979,41.173607453252565,38.24688899130893,40.41,1764628.8209606986,0.0,0.0,0.0,0.0,3.3674258081609247,22.686069625939155,23.44311813009113
1999-12-20,,36514.0,153.25,159.25,151.81,157.5,18246300.0,42.02,0.03984162336055452,18246.3,575.0,1.9849447619047638,2.0768888888888952,0.09194412698413146,2.0768888888888952,22.330674802084474,42.02,0.2667936507936508,BUY,43836.70464233124,0.0,1842018.329070759,40.88612698412699,42.48688888888889,40.50194412698413,42.02,1834934.4978165943,0.0,0.0,0.0,0.0,3.7358758002964922,22.09713976755145,23.44311813009113
1999-12-27,,36521.0,157.75,159.5,153.81,154.75,9422400.0,41.28,-0.017610661589719245,9422.4,576.0,1.5178235864297278,0.5270759289176041,0.9907476575121237,1.5178235864297278,20.265817040388928,42.02,0.26675282714054926,BUY,43836.70464233124,0.0,1809579.1676354338,42.080258481421644,42.54707592891761,41.02925234248788,41.28,1802620.0873362448,0.0,0.0,0.0,0.0,4.019764096416456,21.671809271153982,23.44311813009113
2000-01-03,,36528.0,153.0,153.69,142.56,151.31,22299700.0,40.36,-0.022286821705426396,22299.7,577.0,2.9687846143678556,0.2851655541603364,3.253950168528192,3.253950168528192,21.72633986523334,42.02,0.2667371621175071,,43836.70464233124,0.0,1769249.399364489,40.81078580397858,40.994834445839665,38.02604983147181,40.36,1762445.4148471619,0.0,0.0,0.0,0.0,4.200436381397836,21.509152948944433,23.44311813009113
2000-01-10,,36535.0,152.69,154.94,149.56,151.0,16425100.0,40.28,-0.001982160555004886,16425.1,578.0,1.4351417218543077,0.971014569536429,0.4641271523178787,1.4351417218543077,22.13842671791662,42.02,0.26675496688741723,,43836.70464233124,0.0,1765742.4629931024,40.730815894039736,41.33101456953643,39.89587284768212,40.28,1758951.9650655026,0.0,0.0,0.0,0.0,4.3693890985567805,21.34921018043731,23.44311813009113
2000-01-18,,36543.0,149.63,150.94,142.63,144.13,21977700.0,38.45,-0.045431976166832144,21977.7,579.0,2.2168840629986803,0.013275515159918427,2.2301595781585988,2.2301595781585988,22.511195436024583,42.02,0.26677305210573793,,43836.70464233124,0.0,1685521.2934976367,39.917251786581566,40.26672448484008,38.0498404218414,38.45000000000001,1679039.3013100445,0.0,0.0,0.0,0.0,4.4509771133464415,21.359386484926578,23.44311813009113
2000-01-24,,36549.0,145.31,145.94,133.63,134.0,23490100.0,35.75,-0.070221066319896,23490.1,580.0,3.2841977611940294,0.4854850746268582,2.798712686567171,3.2841977611940294,24.755931870529775,42.02,0.2667910447761194,,43836.70464233124,0.0,1567162.1909633419,38.767406716417916,38.93548507462687,35.65128731343284,35.75,1561135.3711790396,0.0,0.0,0.0,0.0,4.451704631098764,21.511957934448212,23.44311813009113
2000-01-31,,36556.0,134.0,143.13,133.06,141.56,21868200.0,37.76,0.05622377622377628,21868.2,581.0,2.686092116417065,2.4287849675049387,0.25730714891212614,2.686092116417065,25.07992820783314,42.02,0.26674201751907317,,43836.70464233124,0.0,1655273.9672944276,35.74343034755581,38.17878496750494,35.492692851087874,37.76,1648908.2969432317,0.0,0.0,0.0,0.0,4.497721903369264,21.589841583040254,23.44311813009113
2000-02-07,,36563.0,141.69,141.75,133.13,133.75,18544800.0,35.68,-0.05508474576271183,18544.8,582.0,2.2995259813084132,0.05413084112149846,2.2453951401869148,2.2995259813084132,24.122775849692072,42.02,0.26676635514018693,,43836.70464233124,0.0,1564093.6216383786,37.798124859813086,37.8141308411215,35.51460485981308,35.68,1558078.6026200876,0.0,0.0,0.0,0.0,4.448562441169063,21.903228043418814,23.44311813009113
2000-02-14,,36570.0,133.75,139.0,124.94,125.12,22428500.0,33.38,-0.06446188340807169,22428.5,583.0,3.7509814578005134,1.4029603580562693,2.348021099744244,3.7509814578005134,25.03862362286638,42.02,0.2667838874680307,,43836.70464233124,0.0,1463269.200961017,35.68234494884911,37.08296035805627,33.331978900255756,33.38,1457641.9213973803,0.0,0.0,0.0,0.0,4.404801122954131,22.117509387736625,23.44311813009113
2000-02-22,,36578.0,126.25,132.94,125.06,126.12,25868700.0,33.64,0.007789095266626633,25868.7,584.0,2.101833174754198,2.079099270535991,0.022733904218206646,2.101833174754198,25.066339496050052,42.02,0.2667300983190612,,43836.70464233124,0.0,1474666.744168023,33.67467491278148,35.459099270535994,33.357266095781796,33.64,1468995.6331877732,0.0,0.0,0.0,0.0,4.330482770223216,22.440378440295625,23.44311813009113
2000-02-28,,36584.0,126.0,140.5,126.0,139.38,23991100.0,37.18,0.10523186682520813,23991.1,585.0,3.867915052374805,3.8387630937006776,0.029151958674127343,3.867915052374805,27.677552235989022,42.02,0.266752762232745,,43836.70464233124,0.0,1629848.6786018757,33.61084804132587,37.47876309370068,33.61084804132587,37.18,1623580.7860262012,0.0,0.0,0.0,0.0,4.274515463876818,22.81541865738113,23.44311813009113
2000-03-06,,36591.0,139.5,139.5,127.19,131.69,22329600.0,35.23,-0.0524475524475525,22329.6,586.0,3.2931984205330735,0.13934846989140937,3.153849950641664,3.2931984205330735,27.72116140488334,42.02,0.26752221125370185,,43836.70464233124,0.0,1544367.1045493295,37.31934846989141,37.31934846989141,34.026150049358336,35.23,1538427.9475982536,0.0,0.0,0.0,0.0,4.151716143517919,23.32583159242472,23.44311813009113
2000-03-13,,36598.0,129.0,141.44,126.25,139.88,25222000.0,37.43,0.06244677831393708,25222.0,587.0,4.064638976265371,2.617434944237928,1.447204032027443,4.064638976265371,30.642825020895632,42.02,0.26758650271661427,,43836.70464233124,0.0,1640807.8547624585,34.51865885044324,37.847434944237925,33.782795967972554,37.43,1634497.816593887,0.0,0.0,0.0,0.0,4.080616022944323,23.739923357273348,23.44311813009113
2000-03-20,,36605.0,139.88,160.0,137.63,159.06,25770000.0,42.56,0.13705583756345185,25770.0,588.0,5.985585313718097,5.381517666289454,0.6040676474286428,5.985585313718097,34.815520282628405,42.56000000000001,0.2675719854143091,,43836.70464233124,0.0,1865690.149577618,37.42796931975356,42.811517666289454,36.82593235257136,42.56000000000001,1858515.2838427958,0.0,0.0,0.0,0.0,4.131760373431935,23.99645272495675,23.44311813009113
2000-03-27,,36612.0,157.75,164.88,154.75,155.63,25149700.0,41.64,-0.021616541353383534,25149.7,589.0,2.710359185247057,1.554908436676719,1.1554507485703382,2.710359185247057,34.17792186490955,42.56000000000001,0.2675576688299171,BUY,43836.70464233124,0.0,1825360.381306673,42.207222257919426,44.11490843667673,41.40454925142967,41.64,1818340.6113537122,0.0,0.0,0.0,0.0,4.175003888117281,24.21005125531656,34.17792186490955
2000-04-03,,36619.0,155.25,161.0,147.13,158.81,20149800.0,42.49,0.02041306436119128,20149.8,590.0,3.7109520811032084,1.4359398022794565,2.275012278823752,3.7109520811032084,35.316655159005265,42.56000000000001,0.26755242113217054,,43836.70464233124,0.0,1862621.5802526546,41.537513380769475,43.07593980227946,39.36498772117625,42.49,1855458.5152838433,0.0,0.0,0.0,0.0,4.194599017322301,24.523746359133277,34.17792186490955
2000-04-10,,36626.0,159.38,163.88,143.06,145.75,22364400.0,39.0,-0.08213697340550719,22364.4,591.0,5.571046312178382,1.3612521440823286,4.209794168096053,5.571046312178382,38.95167774886078,42.56000000000001,0.26758147512864494,,43836.70464233124,0.0,1709631.4810509183,42.64713550600343,43.85125214408233,38.28020583190395,39.0,1703056.7685589523,0.0,0.0,0.0,0.0,4.15577241657259,24.845203104910006,34.17792186490955
2000-04-17,,36633.0,144.38,158.5,143.88,158.5,22149100.0,42.41,0.0874358974358973,22149.1,592.0,3.9118876971608785,3.4099999999999966,0.5018876971608819,3.9118876971608785,39.13046245926119,42.56000000000001,0.26757097791798107,,43836.70464233124,0.0,1859114.6438812679,38.6318977917981,42.41,38.49811230283912,42.41,1851965.0655021835,0.0,0.0,0.0,0.0,4.2457825243995195,24.896763201196343,34.17792186490955
2000-04-24,,36640.0,157.0,167.94,156.31,157.25,20512700.0,42.07,-0.00801697712803573,20512.7,593.0,3.111441017488069,2.5199573926868055,0.5914836248012634,3.111441017488069,40.25224895118772,42.56000000000001,0.26753577106518284,,43836.70464233124,0.0,1844210.1643028753,42.003116057233704,44.9299573926868,41.81851637519873,42.07,1837117.9039301313,0.0,0.0,0.0,0.0,4.31570033290932,24.978797948214517,34.17792186490955
2000-05-01,,36647.0,159.0,162.0,152.75,158.0,15580600.0,42.27,0.004753981459472367,15580.6,594.0,2.4746677215189905,1.2701265822784862,1.2045411392405043,2.4746677215189905,38.70419636134792,42.56000000000001,0.2675316455696203,,43836.70464233124,0.0,1852977.5052313418,42.53753164556962,43.34012658227849,40.865458860759496,42.27,1845851.52838428,0.0,0.0,0.0,0.0,4.348936374646042,25.181317599970267,34.17792186490955
2000-05-08,,36654.0,52.13,52.88,50.06,52.25,12865200.0,41.94,-0.007806955287438022,12865.2,595.0,2.2635559808612413,0.17568803827750656,2.0878679425837348,2.2635559808612413,37.56014920615699,42.56000000000001,0.8026794258373205,,43836.70464233124,0.0,1838511.3926993723,41.84367846889952,42.44568803827751,40.18213205741627,41.94,1831441.0480349348,0.0,0.0,0.0,0.0,4.291422070926889,25.642664334877903,34.17792186490955
2000-05-15,,36661.0,52.31,55.19,51.0,51.88,13508600.0,41.64,-0.007153075822603605,13508.6,596.0,3.362983808789515,2.356676946800306,1.0063068619892093,3.362983808789515,36.780532353406045,42.56000000000001,0.802621434078643,,43836.70464233124,0.0,1825360.381306673,41.985127216653815,44.296676946800304,40.93369313801079,41.64,1818340.6113537122,0.0,0.0,0.0,0.0,4.1755578267798406,26.255495676952847,34.17792186490955
2000-05-22,,36668.0,51.88,51.88,48.75,49.56,12818800.0,39.78,-0.04466858789625361,12818.8,597.0,2.5123365617433464,0.0021791767554475427,2.510157384987899,2.5123365617433464,32.9213670734341,42.56000000000001,0.8026634382566585,,43836.70464233124,0.0,1743824.1106719368,41.64217917675545,41.64217917675545,39.1298426150121,39.78,1737117.9039301313,0.0,0.0,0.0,0.0,3.998879126119948,26.97011925787087,34.17792186490955
2000-05-30,,36676.0,49.81,54.0,49.38,52.75,13060600.0,42.34,0.06435394670688788,13060.6,598.0,3.708261611374411,3.563317535545032,0.14494407582937896,3.708261611374411,34.030147546908935,42.56000000000001,0.8026540284360191,,43836.70464233124,0.0,1856046.0745563048,39.98019715639811,43.34331753554503,39.63505592417062,42.34,1848908.296943232,0.0,0.0,0.0,0.0,3.9237177492284125,27.460705626928963,34.17792186490955
2000-06-05,,36682.0,52.0,52.44,49.25,49.88,9437600.0,40.04,-0.054322153991497535,9437.6,599.0,2.5606976744185985,0.24502004811548517,2.8057177225340837,2.8057177225340837,33.02433159294324,42.56000000000001,0.8027265437048917,,43836.70464233124,0.0,1755221.6538789428,41.74178027265437,42.09497995188452,39.53428227746592,40.04,1748471.6157205242,0.0,0.0,0.0,0.0,3.8144134737493958,27.956405340016754,34.17792186490955
2000-06-12,,36689.0,50.0,52.19,48.44,51.13,13386400.0,41.04,0.024975024975024906,13386.4,600.0,3.0099745746137287,1.850819479757476,1.1591550948562528,3.0099745746137287,30.178696328982518,42.56000000000001,0.8026598865636612,,43836.70464233124,0.0,1799058.358521274,40.13299432818306,41.890819479757475,38.880844905143746,41.04,1792139.7379912667,0.0,0.0,0.0,0.0,3.7052464371515543,28.477127809560134,34.17792186490955
2000-06-19,,36696.0,50.81,51.94,47.94,49.88,12140800.0,40.04,-0.024366471734892814,12140.8,601.0,3.210906174819563,0.6536166800320728,2.55728949478749,3.210906174819563,29.3998279708255,42.56000000000001,0.8027265437048917,,43836.70464233124,0.0,1755221.6538789428,40.786535685645546,41.69361668003207,38.48271050521251,40.04,1748471.6157205245,0.0,0.0,0.0,0.0,3.5919463089993986,28.965743983599065,34.17792186490955
2000-06-26,,36703.0,49.38,53.11,49.06,53.0,12826500.0,42.54,0.06243756243756238,12826.5,602.0,3.250698113207541,2.5882905660377347,0.6624075471698063,3.250698113207541,29.554558077180467,42.56000000000001,0.8026415094339623,,43836.70464233124,0.0,1864813.415484771,39.63443773584906,42.628290566037734,39.37759245283019,42.54,1857641.9213973805,0.0,0.0,0.0,0.0,3.526978676456208,29.389138674713134,34.17792186490955
2000-07-03,,36710.0,52.5,52.5,49.5,51.31,9929200.0,41.29,-0.029384109073812836,9929.2,603.0,2.414149288637688,0.2923874488403868,2.706536737478075,2.706536737478075,29.812190317135006,42.56000000000001,0.8047164295458974,,43836.70464233124,0.0,1810017.5346818569,42.24761255115961,42.24761255115961,39.833463262521924,41.29,1803056.7685589525,0.0,0.0,0.0,0.0,3.38410199927017,29.989745001824563,34.17792186490955
2000-07-10,,36717.0,51.31,54.0,51.13,51.5,12633300.0,41.45,0.003875030273674085,12633.3,604.0,2.309932038834951,2.1721359223300993,0.1377961165048518,2.309932038834951,29.863719270439127,42.56000000000001,0.8048543689320389,,43836.70464233124,0.0,1817031.4074246301,41.29707766990292,43.4621359223301,41.15220388349515,41.45,1810043.6681222713,0.0,0.0,0.0,0.0,3.2152915053856552,30.661039529218776,34.17792186490955
2000-07-17,,36724.0,51.56,54.75,51.56,54.13,12825700.0,43.56,0.050904704463208716,12825.7,605.0,2.567086643266208,2.6089322002586357,0.041845556992427646,2.6089322002586357,29.02588414984926,43.56,0.8047293552558655,,43836.70464233124,0.0,1909526.854219949,41.49184555699243,44.05893220025864,41.49184555699243,43.56,1902183.4061135377,0.0,0.0,0.0,0.0,3.179637586493164,31.003101155718305,34.17792186490955
2000-07-24,,36731.0,54.19,54.63,50.38,50.94,12373200.0,41.0,-0.058769513314967936,12373.2,606.0,3.420691009030236,0.40996466431095513,3.0107263447192807,3.420691009030236,30.035166869056916,43.56,0.8048684727129957,BUY,43836.70464233124,0.0,1797304.890335581,43.61582253631723,43.96996466431096,40.54927365528072,41.0,1790393.0131004371,0.0,0.0,0.0,0.0,2.9205393795835293,31.89962716079727,34.17792186490955
2000-07-31,,36738.0,51.63,53.88,51.19,53.38,13533300.0,42.96,0.04780487804878053,13533.3,607.0,2.1649007118771095,2.362397901835891,0.1974971899587814,2.362397901835891,28.53976274734745,43.56,0.8047958036717872,,43836.70464233124,0.0,1883224.8314345502,41.551607343574375,43.36239790183589,41.19749718995878,42.96,1875982.532751092,0.0,0.0,0.0,0.0,2.8292994531507074,32.360409903708586,34.17792186490955
2000-08-07,,36745.0,52.13,57.38,52.0,56.56,13665600.0,45.52,0.059590316573556956,13665.6,608.0,4.329872701555871,3.2199434229137225,1.1099292786421486,4.329872701555871,30.23326827959388,45.52,0.8048090523338048,,43836.70464233124,0.0,1995446.7953189183,41.95469589816125,46.17994342291372,41.85007072135785,45.52,1987772.9257641926,0.0,0.0,0.0,0.0,2.9284534314716044,32.343500567662446,34.17792186490955
2000-08-14,,36752.0,56.38,57.38,55.75,56.19,8937700.0,45.22,-0.00659050966608099,8937.7,609.0,1.3117743370706592,0.6576757430147708,0.6540985940558883,1.3117743370706592,28.346379126768248,45.52,0.804769531945186,BUY,43836.70464233124,0.0,1982295.7839262187,45.37290621106958,46.177675743014774,44.865901405944115,45.22,1974672.4890829695,0.0,0.0,0.0,0.0,2.977996503806089,32.45452093560672,34.17792186490955
2000-08-21,,36759.0,56.69,59.56,56.06,59.25,9458800.0,47.68,0.05440070765148164,9458.8,610.0,2.81654008438818,2.7094649789029503,0.10707510548522947,2.81654008438818,27.90819458184449,47.68,0.8047257383966244,,43836.70464233124,0.0,2090134.0773463536,45.61990210970464,47.92946497890295,45.11292489451477,47.68,2082096.0698689958,0.0,0.0,0.0,0.0,3.1459473566748817,32.31903404733718,34.17792186490955
2000-08-28,,36766.0,59.5,60.5,57.13,58.5,10182100.0,47.08,-0.012583892617449743,10182.1,611.0,2.7121299145299105,1.0095726495726467,1.7025572649572638,2.7121299145299105,27.309785472202677,47.68,0.8047863247863247,BUY,43836.70464233124,0.0,2063832.054560955,47.88478632478632,48.689572649572646,45.977442735042736,47.08,2055895.1965065505,0.0,0.0,0.0,0.0,3.268903419456578,32.2662780367244,34.17792186490955
2000-09-05,,36774.0,58.44,60.0,57.81,59.88,10707100.0,48.19,0.023576890399320316,10707.1,612.0,1.762459919839678,1.206573146292584,0.555886773547094,1.762459919839678,26.260811230382238,48.19,0.8047762191048764,,43836.70464233124,0.0,2112490.7967139427,47.03112224448898,48.28657314629258,46.524113226452904,48.19,2104366.8122270745,0.0,0.0,0.0,0.0,3.406304596678713,32.21789704488859,34.17792186490955
2000-09-11,,36780.0,59.5,60.06,56.38,56.75,11546200.0,45.67,-0.05229300684789362,11546.2,613.0,2.9615083700440508,0.14374801762114942,2.8177603524229013,2.9615083700440508,26.984784931725677,48.19,0.8047577092511013,BUY,43836.70464233124,0.0,2002022.3010152678,47.88308370044053,48.33374801762115,45.372239647577096,45.67,1994323.144104804,0.0,0.0,0.0,0.0,3.413814553207122,32.42887825112854,34.17792186490955
2000-09-18,,36787.0,56.69,58.38,55.0,57.31,12778600.0,46.12,0.009853295379899096,12778.6,614.0,2.7200418775082937,1.3110783458384176,1.408963531669876,2.7200418775082937,27.108240128669742,48.19,0.8047461176060023,,43836.70464233124,0.0,2021748.8181043167,45.62105740708427,46.98107834583842,44.261036468330126,46.12,2013973.7991266379,0.0,0.0,0.0,0.0,3.4930143254688115,32.39892760096211,34.17792186490955
2000-09-25,,36794.0,57.0,59.75,56.88,57.81,12320800.0,46.63,0.01105810928013895,12320.8,615.0,2.314964539007086,2.0748192354263963,0.24014530358068953,2.314964539007086,25.879655161977357,48.19,0.8066078533125757,,43836.70464233124,0.0,2044105.537471906,45.976647638816814,48.194819235426394,45.87985469641931,46.63,2036244.5414847166,0.0,0.0,0.0,0.0,3.592053858458967,32.3030360855599,34.17792186490955
2000-10-02,,36801.0,58.0,59.94,57.75,59.44,12265500.0,47.95,0.028307956251340416,12265.5,616.0,1.7666638627187083,1.7233479138627175,0.04331594885599088,1.7666638627187083,25.217728451847155,48.19,0.8066958277254375,,43836.70464233124,0.0,2101969.987599783,46.78835800807537,48.35334791386272,46.58668405114401,47.95,2093886.4628820964,0.0,0.0,0.0,0.0,3.7353385011301463,32.089458625223415,34.17792186490955
2000-10-09,,36808.0,59.13,59.81,54.0,57.0,14433700.0,45.98,-0.041084462982273307,14433.7,617.0,4.686733333333329,0.29673333333332863,4.390000000000001,4.686733333333329,25.61424026493322,48.19,0.8066666666666666,,43836.70464233124,0.0,2015611.6794543904,47.6982,48.24673333333333,43.56,45.98,2007860.2620087338,0.0,0.0,0.0,0.0,3.80059288089137,32.04095682216182,34.17792186490955
2000-10-16,,36815.0,57.0,57.88,51.63,52.13,15890800.0,42.05,-0.08547194432361893,15890.8,618.0,5.041482831383085,0.708164204872439,4.333318626510646,5.041482831383085,29.758360814169244,48.19,0.8066372530212929,,43836.70464233124,0.0,1843333.4302100285,45.97832342221369,46.688164204872436,41.64668137348935,42.05,1836244.541484716,0.0,0.0,0.0,0.0,3.7967076598197624,32.09188938703596,34.17792186490955
2000-10-23,,36822.0,51.63,53.88,49.0,52.25,36136200.0,42.15,0.0023781212841855748,36136.2,619.0,3.936688995215313,1.4149186602870856,2.5217703349282274,3.936688995215313,31.002970715088285,48.19,0.8066985645933014,,43836.70464233124,0.0,1847717.1006742618,41.64984688995215,43.46491866028708,39.52822966507177,42.15,1840611.3537117904,0.0,0.0,0.0,0.0,3.7920021034288407,32.14926303411083,34.17792186490955
2000-10-30,,36829.0,52.44,55.0,52.25,53.31,15541500.0,43.0,0.02016607354685651,15541.5,620.0,2.218157944100547,2.2131588820108803,0.004999062089666495,2.218157944100547,30.45411297016677,48.19,0.8066028887638341,,43836.70464233124,0.0,1884978.2996202435,42.29825548677546,44.36315888201088,42.14500093791033,43.0,1877729.2576419215,0.0,0.0,0.0,0.0,3.7638093623510116,32.3307204965615,34.17792186490955
2000-11-06,,36836.0,53.56,55.25,53.13,53.88,11131000.0,43.46,0.010697674418604697,11131.0,621.0,1.710007423904976,1.565051967334817,0.14495545657015896,1.710007423904976,30.395832419128208,48.19,0.8066072754268745,,43836.70464233124,0.0,1905143.1837557158,43.2018856718634,44.56505196733482,42.85504454342984,43.46,1897816.5938864632,0.0,0.0,0.0,0.0,3.650731234764123,32.80146459601652,34.17792186490955
2000-11-13,,36843.0,52.0,53.56,50.5,51.88,13520600.0,41.85,-0.03704555913483665,13520.6,622.0,2.468407864302243,0.2547956823438682,2.7232035466461113,2.7232035466461113,30.131049282019386,48.19,0.8066692367000771,,43836.70464233124,0.0,1834566.0892815625,41.94680030840401,43.20520431765613,40.73679645335389,41.85,1827510.917030568,0.0,0.0,0.0,0.0,3.5908584607897756,33.05090262851337,34.17792186490955
2000-11-20,,36850.0,51.25,51.94,48.38,49.38,13878800.0,39.83,-0.04826762246117089,13878.8,623.0,2.871502632644791,0.044900769542316255,2.826601863102475,2.871502632644791,30.29933900994883,48.19,0.8066018631024705,,43836.70464233124,0.0,1746015.9459040533,41.338345484001614,41.89490076954232,39.02339813689753,39.83,1739301.3100436681,0.0,0.0,0.0,0.0,3.4668411081967534,33.46216552219104,34.17792186490955
2000-11-27,,36857.0,50.13,51.44,47.94,51.0,16398000.0,41.14,0.032889781571679766,16398.0,624.0,2.8233333333333306,1.6649333333333303,1.1584000000000003,2.8233333333333306,30.864193225866877,48.19,0.8066666666666666,,43836.70464233124,0.0,1803442.0289855073,40.4382,41.49493333333333,38.6716,41.14,1796506.550218341,0.0,0.0,0.0,0.0,3.1843317336805113,34.35770725116458,34.17792186490955
2000-12-04,,36864.0,51.0,55.56,50.81,55.19,15016100.0,44.52,0.08215848322800201,15016.1,625.0,3.8316724044210915,3.678467113607546,0.1532052908135455,3.8316724044210915,33.15864716109175,48.19,0.8066678746149666,,43836.70464233124,0.0,1951610.090676587,41.14006160536329,44.81846711360755,40.986794709186455,44.52,1944104.8034934502,0.0,0.0,0.0,0.0,2.889767378644303,35.35948399241364,34.17792186490955
2000-12-11,,36871.0,55.19,56.19,49.25,49.81,22195600.0,40.18,-0.09748427672955984,22195.6,626.0,5.598257378036536,0.8065247942180207,4.791732583818515,5.598257378036536,34.171451655206425,48.19,0.8066653282473398,,43836.70464233124,0.0,1761358.7925288694,44.51985946597068,45.326524794218024,39.72826741618149,40.18,1754585.1528384283,0.0,0.0,0.0,0.0,2.78820708534064,35.68655545738011,34.17792186490955
2000-12-18,,36878.0,50.56,51.44,47.19,48.88,16191800.0,39.43,-0.018666002986560515,16191.8,627.0,3.428344926350249,1.3150736497544955,2.1132712765957535,3.428344926350249,32.37907620516994,48.19,0.8066693944353518,,43836.70464233124,0.0,1728481.264047121,40.78520458265139,41.495073649754495,38.066728723404246,39.43,1721834.0611353712,0.0,0.0,0.0,0.0,2.583061098792435,36.30185944814087,34.17792186490955
2000-12-26,,36886.0,48.63,49.75,47.63,47.94,11222700.0,38.8,-0.01597768196804472,11222.7,628.0,1.7158114309553554,0.8349144764288638,0.8808969545264915,1.7158114309553554,29.91143446710332,48.19,0.8093450146015853,,43836.70464233124,0.0,1700864.140122452,39.35844806007509,40.264914476428864,38.54910304547351,38.8,1694323.1441048034,0.0,0.0,0.0,0.0,2.5220425751250577,36.48782039145565,34.17792186490955
2001-01-02,,36893.0,46.75,48.75,42.63,47.31,31440000.0,38.29,-0.01314432989690717,31440.0,629.0,4.953176918199105,0.6554533925174368,4.297723525681668,4.953176918199105,32.95034443832394,48.19,0.8093426336926653,,43836.70464233124,0.0,1678507.4207548632,37.8367681251321,39.455453392517434,34.50227647431833,38.29,1672052.401746725,0.0,0.0,0.0,0.0,2.6159270101716783,36.14896296237569,34.17792186490955
2001-01-08,,36899.0,47.25,47.25,43.19,45.69,21696800.0,36.98,-0.03421258814311834,21696.8,630.0,3.286031954475817,0.047386736703870724,3.3334186911796877,3.3334186911796877,34.75413473529584,48.19,0.8093674764718757,,43836.70464233124,0.0,1621081.3376734091,38.24261326329613,38.24261326329613,34.95658130882031,36.98,1614847.1615720524,0.0,0.0,0.0,0.0,2.756485144342462,35.683909090363365,34.17792186490955
2001-01-16,,36907.0,45.69,48.5,45.63,47.0,20705200.0,38.04,0.028664142779881052,20705.2,631.0,2.3228680851063785,2.2740425531914923,0.048825531914886255,2.3228680851063785,34.30931755580725,48.19,0.8093617021276596,,43836.70464233124,0.0,1667548.2445942804,36.97973617021276,39.25404255319149,36.93117446808511,38.04,1661135.3711790394,0.0,0.0,0.0,0.0,2.843922582867918,35.35677890868387,34.17792186490955
2001-01-22,,36913.0,46.88,47.38,44.56,44.63,21725800.0,36.12,-0.050473186119873836,21725.8,632.0,2.282285458211966,0.3056329822989028,1.9766524759130633,2.282285458211966,33.65463180643744,48.19,0.809321084472328,,43836.70464233124,0.0,1583381.7716810044,37.94097244006274,38.3456329822989,36.063347524086936,36.12,1577292.5764192138,0.0,0.0,0.0,0.0,2.961802974374208,34.99183402747912,34.17792186490955
2001-01-29,,36920.0,44.87,46.95,44.0,46.28,19568700.0,37.45,0.036821705426356655,19568.7,633.0,2.387154278305964,1.8721672428694944,0.5149870354364694,2.387154278305964,33.16998841196259,48.19,0.8092048401037165,,43836.70464233124,0.0,1641684.5888553052,36.30902117545376,37.99216724286949,35.60501296456353,37.45,1635371.1790393014,0.0,0.0,0.0,0.0,3.05849245309895,34.62913472091116,34.17792186490955
2001-02-05,,36927.0,46.38,48.15,45.39,45.66,17405500.0,36.95,-0.013351134846461998,17405.5,634.0,2.233508541392901,1.5150131406044665,0.7184954007884343,2.233508541392901,31.394250786375714,48.19,0.8092422251423567,,43836.70464233124,0.0,1619766.2365341396,37.5326544021025,38.96501314060447,36.73150459921157,36.95,1613537.1179039301,0.0,0.0,0.0,0.0,3.166930460640748,34.233161653276184,34.17792186490955
2001-02-12,,36934.0,45.66,48.1,45.66,47.0,17288700.0,38.04,0.02949932341001338,17288.7,635.0,1.9748425531914933,1.9802978723404223,0.00545531914892905,1.9802978723404223,27.3742957800467,48.19,0.8093617021276596,,43836.70464233124,0.0,1667548.2445942804,36.95545531914893,38.930297872340425,36.95545531914893,38.04,1661135.3711790391,0.0,0.0,0.0,0.0,3.2296371648433784,33.973224161062284,34.17792186490955
2001-02-20,,36942.0,47.2,48.45,45.02,46.18,21199900.0,37.37,-0.017613038906414302,21199.9,636.0,2.775640970116932,1.1669402338674786,1.6087007362494532,2.775640970116932,26.649069162009678,48.19,0.8092247726288436,,43836.70464233124,0.0,1638177.6524839185,38.19540926808142,39.20694023386748,36.431299263750546,37.37,1631877.7292576416,0.0,0.0,0.0,0.0,3.309296569282205,33.66261223533107,34.17792186490955
2001-02-26,,36948.0,47.0,48.24,44.52,44.57,23228900.0,36.07,-0.03478726251003472,23228.9,637.0,3.0105541844289903,1.670089746466239,1.3404644379627513,3.0105541844289903,28.08767222142483,48.19,0.8092887592551044,,43836.70464233124,0.0,1581189.936448888,38.0365716849899,39.040089746466236,36.029535562037246,36.07,1575109.1703056765,0.0,0.0,0.0,0.0,3.430754734570942,33.223113163572634,34.17792186490955
2001-03-05,,36955.0,44.75,46.6,43.45,43.81,16543200.0,35.58,-0.013584696423620812,16543.2,638.0,2.5582515407441235,1.775879936087648,0.7823716046564755,2.5582515407441235,25.426644024252628,48.19,0.8121433462679752,,43836.70464233124,0.0,1559709.9511741456,36.34341474549189,37.84587993608765,35.287628395343525,35.58,1553711.7903930126,0.0,0.0,0.0,0.0,3.55016645469465,32.822144838873115,34.17792186490955
2001-03-12,,36962.0,43.0,43.3,38.6,40.6,38756700.0,32.98,-0.0730747611017426,38756.7,639.0,3.8178817733990087,0.40674876847291586,4.2246305418719245,4.2246305418719245,26.41687941391067,48.19,0.8123152709359605,,43836.70464233124,0.0,1445734.5191040842,34.9295566502463,35.17325123152708,31.355369458128074,32.98,1440174.6724890822,0.0,0.0,0.0,0.0,3.7940816493805656,31.984064169231505,34.17792186490955
2001-03-19,,36969.0,40.7,42.1,36.42,39.99,34335000.0,32.48,-0.015160703456640334,34335.0,640.0,4.6133133283320795,1.213748437109274,3.3995648912228056,4.6133133283320795,28.961818573050337,48.19,0.8122030507626905,SELL,0.0,1449095.2235074965,1449095.2235074965,33.05666416604151,34.19374843710927,29.58043510877719,32.48,1418340.611353711,0.0,1418340.611353711,0.0,1.0,4.035112427454928,31.197096980143165,34.17792186490955
2001-03-26,,36976.0,40.5,42.24,40.05,41.86,30190500.0,34.0,0.046798029556650356,30190.5,641.0,1.778786430960352,1.8286478738652718,0.049861442904919784,1.8286478738652718,28.45777681266512,48.19,0.8122312470138557,SELL,0.0,1449095.2235074965,1449095.2235074965,32.89536550406116,34.30864787386527,32.52986144290492,34.0,1484716.1572052394,0.0,0.0,0.0,0.0,4.188742426694721,30.641314664970512,34.17792186490955
2001-04-02,,36983.0,41.52,42.65,39.04,41.17,24625300.0,33.44,-0.016470588235294237,24625.3,642.0,2.9321933446684447,0.6421180471216843,2.2900752975467604,2.9321933446684447,29.0633757752901,48.19,0.8122419237308719,SELL,0.0,1449095.2235074965,1449095.2235074965,33.7242846733058,34.642118047121684,31.70992470245324,33.44,1460262.0087336237,0.0,0.0,0.0,0.0,4.35058589393019,30.075730387125745,34.17792186490955
2001-04-09,,36990.0,41.44,45.53,41.22,44.7,20326400.0,36.31,0.08582535885167486,20326.4,643.0,3.501031319910517,3.5442125279642127,0.04318120805369574,3.5442125279642127,30.519713538147112,48.19,0.8123042505592841,SELL,0.0,1449095.2235074965,1449095.2235074965,33.66188814317673,36.98421252796421,33.48318120805369,36.31,1585589.5196506544,0.0,0.0,0.0,0.0,4.400980205565671,29.797793388524838,34.17792186490955
2001-04-16,,36997.0,44.53,48.55,43.91,48.1,23282000.0,39.07,0.07601211787386397,23282.0,644.0,3.768914760914761,3.125519750519743,0.6433950103950181,3.768914760914761,32.50706563656304,48.19,0.8122661122661122,,0.0,1449095.2235074965,1449095.2235074965,36.17020997920998,39.435519750519745,35.666604989604984,39.07,1706113.5371179031,0.0,0.0,0.0,0.0,4.4082720900315495,29.725417335896726,34.17792186490955
2001-04-23,,37004.0,47.75,49.95,45.89,49.95,17881900.0,40.57,0.03839262861530579,17881.9,645.0,3.297581581581582,1.5,1.797581581581582,3.297581581581582,33.086999649301546,48.19,0.8122122122122122,,0.0,1449095.2235074965,1449095.2235074965,38.783133133133134,40.57,37.27241841841842,40.57,1771615.7205240165,0.0,0.0,0.0,0.0,4.406934722302995,29.707297340583963,34.17792186490955
2001-04-30,,37011.0,49.99,50.01,47.51,49.93,17243200.0,40.55,-0.0004929751047573205,17243.2,646.0,2.0303424794712583,0.04497095934307538,1.985371520128183,2.0303424794712583,31.997875532681842,48.19,0.8121369917885038,,0.0,1449095.2235074965,1449095.2235074965,40.59872821950731,40.614970959343076,38.58462847987182,40.55,1770742.3580786018,0.0,0.0,0.0,0.0,4.38410165179589,29.69096538270538,34.17792186490955
2001-05-07,,37018.0,49.93,50.4,48.51,49.01,15681200.0,39.81,-0.018249075215782895,15681.2,647.0,1.535215262191386,0.38907365843705577,1.1461416037543302,1.535215262191386,30.861168556512133,48.19,0.8122832075086718,,0.0,1449095.2235074965,1449095.2235074965,40.55730055090798,40.93907365843705,39.40385839624567,39.81,1738427.9475982527,0.0,0.0,0.0,0.0,4.385635372493461,29.65810669071755,34.17792186490955
2001-05-14,,37025.0,49.01,52.99,48.79,52.99,18008700.0,43.04,0.08113539311730711,18008.7,648.0,3.411360634081902,3.229999999999997,0.18136063408190495,3.411360634081902,29.957535325634332,48.19,0.8122287224004529,,0.0,1449095.2235074965,1449095.2235074965,39.807329684846195,43.04,39.6286393659181,43.04,1879475.9825327503,0.0,0.0,0.0,0.0,4.386692723653667,29.657414532329234,34.17792186490955
2001-05-21,,37032.0,52.99,53.55,49.55,49.95,16066700.0,40.57,-0.05738847583643125,16066.7,649.0,3.2488488488488443,0.45396396396395744,2.794884884884887,3.2488488488488443,28.44146368176407,48.19,0.8122122122122122,,0.0,1449095.2235074965,1449095.2235074965,43.039125125125125,43.49396396396396,40.24511511511511,40.57,1771615.7205240168,0.0,0.0,0.0,0.0,4.317863976074847,29.708754693959207,34.17792186490955
2001-05-29,,37040.0,50.39,50.55,48.0,49.0,13866000.0,39.8,-0.018979541533152622,13866.0,650.0,2.0712244897959167,0.48897959183673123,1.5822448979591854,2.0712244897959167,28.71099325502034,48.19,0.8122448979591836,,0.0,1449095.2235074965,1449095.2235074965,40.92902040816326,41.05897959183673,38.987755102040815,39.8,1737991.266375545,0.0,0.0,0.0,0.0,4.2539337290709645,29.73638518951769,34.17792186490955
2001-06-04,,37046.0,49.1,49.62,47.79,48.14,14201100.0,39.1,-0.017587939698492372,14201.1,651.0,1.4863523057748225,0.5020772746157007,0.9842750311591217,1.4863523057748225,27.104503211805206,48.19,0.8122143747403406,,0.0,1449095.2235074965,1449095.2235074965,39.87972579975072,40.3020772746157,38.815724968840875,39.1,1707423.5807860254,0.0,0.0,0.0,0.0,4.097400258172347,29.91845057408131,34.17792186490955
2001-06-11,,37053.0,47.85,50.21,46.26,48.81,38488500.0,39.64,0.013810741687979577,38488.5,652.0,3.2079082155296064,1.6769801270231497,1.5309280885064567,3.2079082155296064,26.730831753544532,48.19,0.8121286621593935,,0.0,1449095.2235074965,1449095.2235074965,38.86035648432698,40.77698012702315,37.569071911493545,39.64,1731004.3668122261,0.0,0.0,0.0,0.0,3.949063458729373,30.1078291580546,34.17792186490955
2001-06-18,,37060.0,49.0,52.43,48.54,51.86,25855500.0,42.12,0.0625630676084763,25855.5,653.0,3.1594060933281938,2.942946394138062,0.21645969919013197,3.1594060933281938,26.05359990067057,48.19,0.8121866563825684,,0.0,1449095.2235074965,1449095.2235074965,39.79714616274585,42.58294639413806,39.42354030080987,42.12,1839301.310043667,0.0,0.0,0.0,0.0,3.7471353484300334,30.46460065331514,34.17792186490955
2001-06-25,,37067.0,51.7,52.61,47.39,49.0,32234800.0,39.8,-0.05508072174738843,32234.8,654.0,4.239918367346938,0.6122040816326546,3.6277142857142834,4.239918367346938,27.100640773743187,48.19,0.8122448979591836,,0.0,1449095.2235074965,1449095.2235074965,41.9930612244898,42.73220408163265,38.492285714285714,39.8,1737991.2663755445,0.0,0.0,0.0,0.0,3.631721617033703,30.609964250098653,34.17792186490955
2001-07-02,,37074.0,48.92,50.2,46.6,46.89,20914300.0,38.21,-0.03994974874371848,20914.3,655.0,2.9335892514395354,1.1072723395180262,1.8263169119215092,2.9335892514395354,28.10424829815238,48.19,0.8148859031776499,,0.0,1449095.2235074965,1449095.2235074965,39.864218383450634,40.90727233951802,37.97368308807849,38.21,1668558.9519650643,0.0,0.0,0.0,0.0,3.492407623023806,30.76532240585511,34.17792186490955
2001-07-09,,37081.0,46.9,47.75,44.3,47.45,20272300.0,38.66,0.011777021722062075,20272.3,656.0,2.8108956796627993,0.6944257112750165,2.116469968387783,2.8108956796627993,29.52167098423173,48.19,0.8147523709167543,,0.0,1449095.2235074965,1449095.2235074965,38.211886195995774,38.90442571127502,36.09353003161222,38.66,1688209.6069868982,0.0,0.0,0.0,0.0,3.3068091019357473,31.034928464672817,34.17792186490955
2001-07-16,,37088.0,47.15,47.5,45.4,46.63,14768100.0,38.0,-0.017071908949818804,14768.1,657.0,1.7113446279219389,0.04898563156766045,1.6623589963542784,1.7113446279219389,27.632764310720663,48.19,0.8149260132961612,,0.0,1449095.2235074965,1449095.2235074965,38.423761526914,38.70898563156766,36.99764100364572,38.0,1659388.6462882084,0.0,0.0,0.0,0.0,3.0155130536610386,31.52048565853032,34.17792186490955
2001-07-23,,37095.0,46.5,46.62,43.15,44.65,21334100.0,36.38,-0.042631578947368354,21334.1,658.0,2.8272922732362815,0.014880179171328223,2.8421724524076097,2.8421724524076097,27.18090164800818,48.19,0.8147816349384099,,0.0,1449095.2235074965,1449095.2235074965,37.88734602463606,37.98511982082867,35.15782754759239,36.38,1588646.288209606,0.0,0.0,0.0,0.0,2.83643637802641,31.734031006153483,34.17792186490955
2001-07-30,,37102.0,44.55,44.9,41.9,42.75,20905500.0,34.83,-0.04260582737768015,20905.5,659.0,2.4442105263157927,0.20168421052630947,2.2425263157894832,2.4442105263157927,27.595330577474705,48.19,0.8147368421052631,,0.0,1449095.2235074965,1449095.2235074965,36.29652631578947,36.58168421052631,34.13747368421052,34.83,1520960.6986899553,0.0,0.0,0.0,0.0,2.854820318020948,31.511973595191538,34.17792186490955
2001-08-06,,37109.0,42.4,42.85,41.26,42.57,17483300.0,34.69,-0.0040195233993683965,17483.3,660.0,1.2956800563777335,0.08817007282123512,1.2075099835564984,1.2956800563777335,27.383472522589052,48.19,0.8148931172186985,,0.0,1449095.2235074965,1449095.2235074965,34.551468170072816,34.91817007282123,33.6224900164435,34.69,1514847.1615720515,0.0,0.0,0.0,0.0,2.863605303827546,31.308059911162843,34.17792186490955
2001-08-13,,37116.0,42.5,43.11,40.35,40.8,14891900.0,33.24,-0.04179878927644842,14891.9,661.0,2.2485882352941147,0.431970588235302,1.8166176470588127,2.2485882352941147,26.317561433438506,48.19,0.8147058823529413,,0.0,1449095.2235074965,1449095.2235074965,34.62500000000001,35.1219705882353,32.873382352941185,33.24,1451528.3842794753,0.0,0.0,0.0,0.0,2.882500443067224,31.022773282575848,34.17792186490955
2001-08-20,,37123.0,41.0,42.26,40.29,41.99,13327300.0,34.21,0.029181708784596916,13327.3,662.0,1.604994046201476,1.1899738032864917,0.4150202429149843,1.604994046201476,24.590436936631043,48.19,0.8147177899499881,SELL,0.0,1449095.2235074965,1449095.2235074965,33.403429387949515,34.429973803286494,32.82497975708502,34.21,1493886.4628820955,0.0,0.0,0.0,0.0,2.825682399563007,30.939208635238828,34.17792186490955
2001-08-27,,37130.0,42.0,42.56,39.84,40.9,15655000.0,33.33,-0.025723472668810365,15655.0,663.0,2.216567237163815,0.47275794621027245,1.7438092909535428,2.216567237163815,22.34226901420535,48.19,0.8149144254278728,,0.0,1449095.2235074965,1449095.2235074965,34.22640586797066,34.68275794621027,32.46619070904646,33.33,1455458.515283842,0.0,0.0,0.0,0.0,2.8483534385893536,30.67472615962418,34.17792186490955
2001-09-04,,37138.0,40.9,42.17,39.34,39.66,20313400.0,32.32,-0.030303030303030276,20313.4,664.0,2.3062430660615263,1.0354664649521013,1.270776601109425,2.3062430660615263,21.645217697118674,48.19,0.8149268784669693,SELL,0.0,1449095.2235074965,1449095.2235074965,33.33050932929904,34.3654664649521,32.05922339889057,32.32,1411353.7117903924,0.0,0.0,0.0,0.0,2.951253376141048,30.234305584037628,34.17792186490955
2001-09-10,,37144.0,39.01,40.16,28.5,31.3,55146000.0,25.5,-0.21101485148514854,55146.0,665.0,9.499361022364212,0.39821086261980554,9.101150159744407,9.499361022364212,29.0768458556758,48.19,0.8146964856230032,SELL,0.0,1449095.2235074965,1449095.2235074965,31.781309904153353,32.718210862619806,23.218849840255594,25.5,1113537.1179039297,0.0,0.0,0.0,0.0,3.440813718902152,28.62894131250072,34.17792186490955
2001-09-24,,37158.0,33.75,37.3,32.75,37.2,38996200.0,30.45,0.1941176470588235,38996.2,666.0,3.724395161290321,5.031854838709673,1.3074596774193523,5.031854838709673,32.766301645439945,48.19,0.8185483870967741,SELL,0.0,1449095.2235074965,1449095.2235074965,27.626008064516128,30.531854838709673,26.807459677419352,30.45,1329694.3231441043,0.0,0.0,0.0,0.0,3.3981002671112277,28.392554210270713,34.17792186490955
2001-10-01,,37165.0,37.3,38.7,36.21,37.45,24443900.0,30.65,0.006568144499178974,24443.9,667.0,2.037877169559412,1.223030707610146,0.8148464619492657,2.037877169559412,31.872640220053064,48.19,0.8184245660881174,SELL,0.0,1449095.2235074965,1449095.2235074965,30.52723631508678,31.673030707610145,29.635153538050734,30.65,1338427.9475982527,0.0,0.0,0.0,0.0,3.4896607547473346,27.931213966790203,34.17792186490955
2001-10-08,,37172.0,36.75,39.49,36.25,39.0,18945200.0,31.92,0.041435562805872905,18945.2,668.0,2.651815384615386,1.6710461538461558,0.98076923076923,2.651815384615386,32.10331228483039,48.19,0.8184615384615385,SELL,0.0,1449095.2235074965,1449095.2235074965,30.07846153846154,32.321046153846154,29.66923076923077,31.92,1393886.4628820955,0.0,0.0,0.0,0.0,3.5360047126354934,27.632183340362495,34.17792186490955
2001-10-15,,37179.0,38.55,39.25,36.54,37.25,16536900.0,30.49,-0.04479949874686728,16536.9,669.0,2.218198657718119,0.20704697986576548,2.0111516778523537,2.218198657718119,33.12833295298637,48.19,0.8185234899328858,SELL,0.0,1449095.2235074965,1449095.2235074965,31.554080536912746,32.12704697986577,29.908848322147648,30.49,1331441.0480349339,0.0,0.0,0.0,0.0,3.6335838327143164,27.18555261333617,34.17792186490955
2001-10-22,,37186.0,37.15,38.98,36.04,38.88,17724000.0,31.82,0.04362085929813064,17724.0,670.0,2.4061419753086426,1.411841563786009,0.9943004115226337,2.4061419753086426,33.30339266411363,48.19,0.8184156378600823,SELL,0.0,1449095.2235074965,1449095.2235074965,30.404140946502057,31.901841563786007,29.495699588477365,31.820000000000004,1389519.6506550214,0.0,0.0,0.0,0.0,3.6825726045126377,26.905275805791582,34.17792186490955
2001-10-29,,37193.0,38.65,38.75,36.05,37.96,15582400.0,31.07,-0.023570081709616608,15582.4,671.0,2.209931506849319,0.10339041095890877,2.313321917808228,2.313321917808228,34.090423632565575,48.19,0.8184931506849314,SELL,0.0,1449095.2235074965,1449095.2235074965,31.6347602739726,31.716609589041095,29.506678082191776,31.069999999999997,1356768.5589519644,0.0,0.0,0.0,0.0,3.7606043757183887,26.56605003631378,34.17792186490955
2001-11-05,,37200.0,38.6,40.48,38.44,40.41,15818400.0,33.08,0.06469262954618604,15818.4,672.0,1.6699628804751256,2.0673026478594387,0.3973397673843131,2.0673026478594387,33.92457408889405,48.19,0.8186092551348676,SELL,0.0,1449095.2235074965,1449095.2235074965,31.59831724820589,33.137302647859435,31.46733976738431,33.08,1444541.4847161565,0.0,0.0,0.0,0.0,3.7717529144404955,26.41720307975242,34.17792186490955
2001-11-12,,37207.0,39.9,41.6,38.61,40.85,17202800.0,33.44,0.010882708585247869,17202.8,673.0,2.447627906976745,0.9739534883720893,1.4736744186046558,2.447627906976745,34.081668356577616,48.19,0.8186046511627906,SELL,0.0,1449095.2235074965,1449095.2235074965,32.66232558139534,34.05395348837209,31.606325581395343,33.44,1460262.0087336237,0.0,0.0,0.0,0.0,3.7896284618209535,26.30714835764274,34.17792186490955
2001-11-19,,37214.0,41.15,41.77,40.16,41.02,11449100.0,33.58,0.004186602870813516,11449.1,674.0,1.3179863481228722,0.7539687957094117,0.5640175524134605,1.3179863481228722,24.99125205186502,48.19,0.81862506094588,SELL,0.0,1449095.2235074965,1449095.2235074965,33.68642125792296,34.19396879570941,32.87598244758654,33.58,1466375.5458515277,0.0,0.0,0.0,0.0,3.7950798950581874,26.199129530647205,34.17792186490955
2001-11-26,,37221.0,41.45,41.78,38.45,38.5,17880400.0,31.51,-0.06164383561643827,17880.4,675.0,2.7254103896103885,0.6144883116883193,2.110922077922069,2.7254103896103885,22.42853599731026,48.19,0.8184415584415585,SELL,0.0,1449095.2235074965,1449095.2235074965,33.924402597402604,34.19448831168832,31.46907792207793,31.51,1375982.5327510913,0.0,0.0,0.0,0.0,3.843386448591724,25.945680219984098,34.17792186490955
2001-12-03,,37228.0,38.4,38.4,36.61,37.15,26765100.0,30.41,-0.03490955252300865,26765.1,676.0,1.4652462987886956,0.0767833109017495,1.5420296096904451,1.5420296096904451,21.877594264122514,48.19,0.8185733512786003,SELL,0.0,1449095.2235074965,1449095.2235074965,31.433216689098252,31.433216689098252,29.967970390309556,30.41,1327947.5982532746,0.0,0.0,0.0,0.0,3.9027796345257557,25.611099694173415,34.17792186490955
2001-12-10,,37235.0,37.2,38.15,36.21,37.65,23263400.0,30.82,0.013482407102926697,23263.4,677.0,1.5880690571049136,0.8192961487383812,0.7687729083665324,1.5880690571049136,20.69565390022199,48.19,0.8185922974767597,SELL,0.0,1449095.2235074965,1449095.2235074965,30.451633466135462,31.22929614873838,29.641227091633468,30.82,1345851.528384279,0.0,0.0,0.0,0.0,3.9513189538826192,25.329995298220283,34.17792186490955
2001-12-17,,37242.0,37.8,41.39,37.7,41.35,27273800.0,33.85,0.09831278390655429,27273.8,678.0,3.0207134220072547,3.0627448609431696,0.04203143893591488,3.0627448609431696,21.63403857047205,48.19,0.8186215235792019,SELL,0.0,1449095.2235074965,1449095.2235074965,30.94389359129383,33.88274486094317,30.862031438935915,33.85,1478165.9388646283,0.0,0.0,0.0,0.0,3.954349242265175,25.26827323580048,34.17792186490955
2001-12-24,,37249.0,41.35,41.39,40.32,40.73,11757100.0,33.49,-0.010635155096011761,11757.1,679.0,0.8798011293886603,0.18268107046403514,0.6971200589246251,0.8798011293886603,19.938104297227625,48.19,0.8222440461576235,SELL,0.0,1449095.2235074965,1449095.2235074965,33.99979130861773,34.03268107046404,33.152879941075376,33.49,1462445.414847161,0.0,0.0,0.0,0.0,3.96199471751067,25.198183937930644,34.17792186490955
2001-12-31,,37256.0,40.55,41.34,40.03,40.95,17268600.0,33.67,0.005374738727978556,17268.6,680.0,1.0771111111111153,0.5006666666666675,0.5764444444444479,1.0771111111111153,18.56453673423083,48.19,0.8222222222222222,SELL,0.0,1449095.2235074965,1449095.2235074965,33.341111111111104,33.99066666666667,32.913555555555554,33.67,1470305.6768558945,0.0,0.0,0.0,0.0,3.95439860063234,25.23400349841915,34.17792186490955
2002-01-07,,37263.0,40.65,40.85,38.16,38.23,20677500.0,31.43,-0.06652806652806653,20677.5,681.0,2.211527596128697,0.08602144912372722,2.297549045252424,2.297549045252424,18.820366064667482,48.19,0.8221292178917081,SELL,0.0,1449095.2235074965,1449095.2235074965,33.41955270729793,33.583978550876274,31.372450954747578,31.43,1372489.0829694315,0.0,0.0,0.0,0.0,3.9747606455197646,25.157488630103025,34.17792186490955
2002-01-14,,37270.0,38.2,38.99,37.57,38.68,22074400.0,31.8,0.011772192173083118,22074.4,682.0,1.1674250258531593,0.6248603929679462,0.5425646328852132,1.1674250258531593,17.39791841897461,48.19,0.8221302998965874,SELL,0.0,1449095.2235074965,1449095.2235074965,31.40537745604964,32.054860392967946,30.887435367114787,31.8,1388646.2882096062,0.0,0.0,0.0,0.0,4.003915394834685,25.03094322023036,34.17792186490955
2002-01-22,,37278.0,39.45,39.45,37.34,38.26,18703600.0,31.46,-0.010691823899371067,18703.6,683.0,1.734986931521167,0.6384997386304256,1.0964871928907414,1.734986931521167,17.86125240052827,48.19,0.8222686879247256,SELL,0.0,1449095.2235074965,1449095.2235074965,32.438499738630426,32.438499738630426,30.70351280710926,31.46,1373799.1266375538,0.0,0.0,0.0,0.0,4.034753161662978,24.905556120232806,34.17792186490955
2002-01-28,,37284.0,38.6,38.62,34.49,36.85,32839100.0,30.3,-0.03687221869040047,32839.1,684.0,3.3959023066485727,0.29538670284938817,3.1005156037991846,3.3959023066485727,18.606243419459584,48.19,0.8222523744911805,SELL,0.0,1449095.2235074965,1449095.2235074965,31.738941655359568,31.75538670284939,28.359484396200816,30.3,1323144.1048034928,0.0,0.0,0.0,0.0,4.092976122524922,24.613413352224278,34.17792186490955
2002-02-04,,37291.0,35.9,37.84,34.72,37.25,32798700.0,30.63,0.0108910891089109,32798.7,685.0,2.565519463087252,0.815146308724831,1.7503731543624212,2.565519463087252,19.74345436767826,48.19,0.8222818791946308,SELL,0.0,1449095.2235074965,1449095.2235074965,29.519919463087245,31.11514630872483,28.54962684563758,30.63,1337554.5851528377,0.0,0.0,0.0,0.0,4.0875873974395205,24.421031506401206,34.17792186490955
2002-02-11,,37298.0,37.25,38.85,36.95,37.11,18668400.0,30.51,-0.003917727717923536,18668.4,686.0,1.5620856911883578,1.3105416329830248,0.251544058205333,1.5620856911883578,19.71458396110431,48.19,0.8221503637833468,SELL,0.0,1449095.2235074965,1449095.2235074965,30.62510105092967,31.940541632983024,30.378455941794666,30.51,1332314.4104803489,0.0,0.0,0.0,0.0,4.02573071540799,24.3303073578215,34.17792186490955
2002-02-19,,37306.0,36.9,38.46,36.15,38.09,21538100.0,31.32,0.026548672566371723,21538.1,687.0,1.8994276713048066,1.114237332633234,0.7851903386715726,1.8994276713048066,18.422009305950574,48.19,0.822263061170911,SELL,0.0,1449095.2235074965,1449095.2235074965,30.341506957206615,31.624237332633236,29.72480966132843,31.32,1367685.58951965,0.0,0.0,0.0,0.0,3.932211536390655,24.338983354145324,34.17792186490955
2002-02-25,,37312.0,38.05,39.65,38.0,39.45,21964600.0,32.59,0.040549169859514844,21964.6,688.0,1.3630798479087431,1.4352217997465146,0.0721419518377715,1.4352217997465146,19.039143384125968,48.19,0.8261089987325729,SELL,0.0,1449095.2235074965,1449095.2235074965,31.433447401774398,32.755221799746515,31.392141951837772,32.59,1423144.104803493,0.0,0.0,0.0,0.0,3.836163358863015,24.4030062369888,34.17792186490955
2002-03-04,,37319.0,39.8,41.84,39.47,40.6,26649400.0,33.54,0.029150046026388265,26649.4,689.0,1.957876847290649,1.9743743842364552,0.016497536945806246,1.9743743842364552,20.036102576487455,48.19,0.8261083743842365,SELL,0.0,1449095.2235074965,1449095.2235074965,32.879113300492605,34.56437438423646,32.60649753694581,33.54,1464628.8209606982,0.0,0.0,0.0,0.0,3.559685449544929,24.86249369321085,34.17792186490955
2002-03-11,,37326.0,41.0,41.53,39.91,40.19,22929200.0,33.2,-0.010137149672033274,22929.2,690.0,1.3382433441154546,0.766942025379457,0.5713013187359977,1.3382433441154546,18.970207353001932,48.19,0.8260761383428715,SELL,0.0,1449095.2235074965,1449095.2235074965,33.86912167205773,34.306942025379456,32.968698681264,33.2,1449781.659388646,0.0,0.0,0.0,0.0,3.3935507122546515,25.098074438875578,34.17792186490955
2002-03-18,,37333.0,40.25,40.55,36.83,37.87,29254000.0,31.28,-0.05783132530120483,29254.0,691.0,3.0726590969104812,0.2936361235806686,2.7790229733298126,3.0726590969104812,21.087134098621178,48.19,0.8259836282017429,SELL,0.0,1449095.2235074965,1449095.2235074965,33.24584103512015,33.49363612358067,30.42097702667019,31.28,1365938.8646288207,0.0,0.0,0.0,0.0,3.264845998392267,25.21203134548275,34.17792186490955
2002-03-25,,37340.0,38.12,38.23,37.0,37.4,20736500.0,30.89,-0.012468030690537146,20736.5,692.0,1.0159010695187156,0.2955267379679114,0.7203743315508042,1.0159010695187156,20.288149807507345,48.19,0.8259358288770053,SELL,0.0,1449095.2235074965,1449095.2235074965,31.48467379679144,31.575526737967913,30.559625668449197,30.889999999999997,1348908.296943231,0.0,0.0,0.0,0.0,3.1575290416744832,25.280079834838187,34.17792186490955
2002-04-01,,37347.0,37.05,37.8,36.0,37.1,18683500.0,30.64,-0.00809323405632889,18683.5,693.0,1.4865768194070057,0.32811320754717244,1.1584636118598333,1.4865768194070057,18.166677043905604,48.19,0.8258760107816712,SELL,0.0,1449095.2235074965,1449095.2235074965,30.598706199460914,31.21811320754717,29.731536388140164,30.64,1337991.2663755456,0.0,0.0,0.0,0.0,3.0097573427675517,25.429996886983567,34.17792186490955
2002-04-08,,37354.0,36.5,37.36,33.0,33.55,37320500.0,27.71,-0.09562663185378584,37320.5,694.0,3.601061102831597,0.21679880774963323,3.384262295081964,3.601061102831597,19.317278865843765,48.19,0.8259314456035769,SELL,0.0,1449095.2235074965,1449095.2235074965,30.146497764530558,30.856798807749634,27.255737704918037,27.71,1210043.6681222706,0.0,0.0,0.0,0.0,2.7489902748520136,25.730451142138264,34.17792186490955
2002-04-15,,37361.0,33.1,34.15,31.64,33.7,37951400.0,27.84,0.00469144713099956,37951.4,695.0,2.073543026706229,0.5017507418397571,1.571792284866472,2.073543026706229,19.885564794196956,48.19,0.8261127596439168,SELL,0.0,1449095.2235074965,1449095.2235074965,27.344332344213647,28.211750741839758,26.13820771513353,27.84,1215720.5240174672,0.0,0.0,0.0,0.0,2.600345375861733,25.81035607254079,34.17792186490955
2002-04-22,,37368.0,33.55,33.98,31.48,31.5,22378100.0,26.02,-0.06537356321839083,22378.1,696.0,2.065079365079363,0.22855873015872774,1.8365206349206353,2.065079365079363,20.069622231724242,48.19,0.826031746031746,SELL,0.0,1449095.2235074965,1449095.2235074965,27.713365079365076,28.068558730158728,26.003479365079365,26.02,1136244.541484716,0.0,0.0,0.0,0.0,2.6057777061553193,25.499458173636093,34.17792186490955
2002-04-29,,37375.0,31.75,31.9,30.15,31.7,25622600.0,26.18,0.006149116064565696,25622.6,697.0,1.4452681388012607,0.32517350157728586,1.1200946372239748,1.4452681388012607,20.080784830673956,48.19,0.8258675078864354,SELL,0.0,1449095.2235074965,1449095.2235074965,26.221293375394325,26.345173501577285,24.899905362776025,26.18,1143231.441048035,0.0,0.0,0.0,0.0,2.539724347649949,25.36020132599708,34.17792186490955
2002-05-06,,37382.0,31.55,33.02,30.51,30.65,27399800.0,25.32,-0.032849503437738736,27399.8,698.0,2.0735138662316466,1.0978597063621578,0.9756541598694888,2.0735138662316466,20.190939810668613,48.19,0.8261011419249593,SELL,0.0,1449095.2235074965,1449095.2235074965,26.063491027732468,27.277859706362158,25.20434584013051,25.32,1105676.8558951966,0.0,0.0,0.0,0.0,2.5268909729729114,25.083016470006747,34.17792186490955
2002-05-13,,37389.0,30.55,33.45,30.4,33.45,27601400.0,27.63,0.09123222748815163,27601.4,699.0,2.519327354260092,2.3099999999999987,0.2093273542600933,2.519327354260092,21.50325537749599,48.19,0.8260089686098654,SELL,0.0,1449095.2235074965,1449095.2235074965,25.23457399103139,27.63,25.110672645739907,27.63,1206550.2183406113,0.0,0.0,0.0,0.0,2.466070676320252,25.021652577492056,34.17792186490955
2002-05-20,,37396.0,33.0,33.2,31.5,32.6,18265700.0,26.93,-0.02533478103510678,18265.7,700.0,1.4043251533742342,0.20435582822085507,1.6086809815950893,1.6086809815950893,19.876613027145556,48.19,0.8260736196319018,SELL,0.0,1449095.2235074965,1449095.2235074965,27.26042944785276,27.425644171779144,26.02131901840491,26.93,1175982.5327510918,0.0,0.0,0.0,0.0,2.482462364914735,24.78799042917658,34.17792186490955
2002-05-28,,37404.0,32.75,32.84,30.75,31.14,17945800.0,25.72,-0.04493130337913109,17945.8,701.0,1.7262299293513195,0.19411046885035432,1.5321194605009651,1.7262299293513195,20.66586731584845,48.19,0.8259473346178547,SELL,0.0,1449095.2235074965,1449095.2235074965,27.049775208734744,27.124110468850354,25.397880539499035,25.72,1123144.1048034935,0.0,0.0,0.0,0.0,2.5416636548613947,24.421206716505054,34.17792186490955
2002-06-03,,37410.0,31.14,31.15,28.4,30.2,27813300.0,24.95,-0.02993779160186627,27813.3,702.0,2.2719370860927164,0.014850993377482524,2.257086092715234,2.2719370860927164,21.538489834388127,48.19,0.8261589403973509,SELL,0.0,1449095.2235074965,1449095.2235074965,25.72658940397351,25.73485099337748,23.462913907284765,24.95,1089519.650655022,0.0,0.0,0.0,0.0,2.6643375958217708,23.912326742152892,34.17792186490955
2002-06-10,,37417.0,30.15,30.45,28.88,29.7,25251500.0,24.53,-0.01683366733466929,25251.5,703.0,1.2967037037037024,0.19944444444444542,1.097259259259257,1.2967037037037024,18.97809272424602,48.19,0.825925925925926,SELL,0.0,1449095.2235074965,1449095.2235074965,24.901666666666667,25.149444444444445,23.852740740740742,24.53,1071179.0393013102,0.0,0.0,0.0,0.0,2.758819333808791,23.44002483620973,34.17792186490955
2002-06-17,,37424.0,30.0,31.4,28.75,28.95,24796900.0,23.91,-0.02527517325723605,24796.9,704.0,2.188652849740933,1.4034715025906728,0.7851813471502602,2.188652849740933,19.105992527617914,48.19,0.8259067357512954,SELL,0.0,1449095.2235074965,1449095.2235074965,24.77720207253886,25.933471502590674,23.74481865284974,23.91,1044104.8034934499,0.0,0.0,0.0,0.0,2.8891715619011684,22.88438816841782,34.17792186490955
2002-06-24,,37431.0,28.55,30.25,27.42,29.05,35531800.0,24.15,0.010037641154328591,35531.8,705.0,2.3526506024096356,1.237590361445779,1.1150602409638566,2.3526506024096356,19.42551612465155,48.19,0.8313253012048192,SELL,0.0,1449095.2235074965,1449095.2235074965,23.734337349397588,25.14759036144578,22.794939759036144,24.15,1054585.152838428,0.0,0.0,0.0,0.0,3.0089518631399774,22.385669122637868,34.17792186490955
2002-07-01,,37438.0,29.06,29.75,26.9,29.69,27061700.0,24.68,0.02194616977225672,27061.7,706.0,2.3690804984843368,0.5798753789154567,1.78920511956888,2.3690804984843368,20.45197430207719,48.19,0.8312563152576624,SELL,0.0,1449095.2235074965,1449095.2235074965,24.15630852138767,24.729875378915455,22.36079488043112,24.68,1077729.2576419215,0.0,0.0,0.0,0.0,3.0407422228647976,22.286193223325824,34.17792186490955
2002-07-08,,37445.0,29.7,29.93,26.4,28.6,35634700.0,23.77,-0.036871961102107,35634.7,707.0,2.93384965034965,0.19538811188811067,2.7384615384615394,2.93384965034965,21.407902951097192,48.19,0.8311188811188811,SELL,0.0,1449095.2235074965,1449095.2235074965,24.68423076923077,24.87538811188811,21.94153846153846,23.77,1037991.266375546,0.0,0.0,0.0,0.0,3.1819499482129623,21.77024708068712,34.17792186490955
2002-07-15,,37452.0,28.48,28.64,25.25,26.52,35142000.0,22.04,-0.07278081615481702,35142.0,708.0,2.8173303167420833,0.03187028657616864,2.7854600301659147,2.8173303167420833,21.739017353854962,48.19,0.8310708898944192,SELL,0.0,1449095.2235074965,1449095.2235074965,23.66889894419306,23.801870286576168,20.984539969834085,22.04,962445.4148471617,0.0,0.0,0.0,0.0,3.3912175825866964,21.037077994752774,34.17792186490955
2002-07-22,,37459.0,26.5,27.88,23.02,27.8,46220900.0,23.11,0.04854809437386565,46220.9,709.0,4.040093525179856,1.1365035971222994,2.9035899280575563,4.040093525179856,24.440586846726923,48.19,0.8312949640287769,SELL,0.0,1449095.2235074965,1449095.2235074965,22.029316546762587,23.1765035971223,19.136410071942443,23.11,1009170.3056768561,0.0,0.0,0.0,0.0,3.5090951427682238,20.52750604551847,34.17792186490955
2002-07-29,,37466.0,28.89,32.29,28.84,29.5,41059300.0,24.52,0.0610125486802251,41059.3,710.0,2.867593220338982,3.7290101694915236,0.8614169491525416,3.7290101694915236,26.665898224660488,48.19,0.8311864406779661,SELL,0.0,1449095.2235074965,1449095.2235074965,24.012976271186442,26.839010169491523,23.97141694915254,24.52,1070742.358078603,0.0,0.0,0.0,0.0,3.579854267071209,20.20499847866345,34.17792186490955
2002-08-05,,37473.0,29.35,32.55,28.27,32.4,30478000.0,26.93,0.09828711256117462,30478.0,711.0,3.5574197530864176,2.5346759259259244,1.0227438271604932,3.5574197530864176,28.09421229909793,48.19,0.8311728395061728,SELL,0.0,1449095.2235074965,1449095.2235074965,24.394922839506172,27.054675925925924,23.497256172839506,26.93,1175982.532751092,0.0,0.0,0.0,0.0,3.5705134546120654,20.109082217128375,34.17792186490955
2002-08-12,,37480.0,31.76,32.41,29.8,31.55,27024400.0,26.22,-0.02636464909023395,27024.4,712.0,2.1690713153724204,0.004713153724242858,2.1643581616481775,2.1690713153724204,29.063509645396508,48.19,0.8310618066561014,SELL,0.0,1449095.2235074965,1449095.2235074965,26.39452297939778,26.934713153724243,24.765641838351822,26.22,1144978.165938865,0.0,0.0,0.0,0.0,3.581470091880795,19.96339794102972,34.17792186490955
2002-08-19,,37487.0,31.55,32.98,31.5,32.25,20588600.0,26.81,0.022501906941266192,20588.6,713.0,1.2303503875968964,1.196862015503875,0.03348837209302147,1.2303503875968964,27.998729131903133,48.19,0.8313178294573643,SELL,0.0,1449095.2235074965,1449095.2235074965,26.228077519379845,27.416862015503874,26.186511627906977,26.81,1170742.358078603,0.0,0.0,0.0,0.0,3.5339986166504516,19.92914979983728,34.17792186490955
2002-08-26,,37494.0,32.35,32.75,29.98,30.15,20364100.0,25.06,-0.06527415143603132,20364.1,714.0,2.302361525704807,0.41106135986732895,1.8913001658374782,2.302361525704807,27.94285238000888,48.19,0.8311774461028192,SELL,0.0,1449095.2235074965,1449095.2235074965,26.8885903814262,27.221061359867328,24.91869983416252,25.06,1094323.144104804,0.0,0.0,0.0,0.0,3.4998233319906524,19.81019776758434,34.17792186490955
2002-09-03,,37502.0,29.5,29.52,27.94,28.3,24964600.0,23.52,-0.06145251396648044,24964.6,715.0,1.31313074204947,0.5260636042402815,1.8391943462897515,1.8391943462897515,27.35408998868156,48.19,0.831095406360424,SELL,0.0,1449095.2235074965,1449095.2235074965,24.517314487632508,24.533936395759717,23.220805653710247,23.52,1027074.2358078607,0.0,0.0,0.0,0.0,3.4918972750379096,19.584647056307663,34.17792186490955
2002-09-09,,37508.0,28.15,29.7,26.95,27.05,21838300.0,22.48,-0.04421768707482987,21838.3,716.0,2.2853974121996323,1.1622920517560082,1.123105360443624,2.2853974121996323,26.63358750184821,48.19,0.8310536044362292,SELL,0.0,1449095.2235074965,1449095.2235074965,23.39415896487985,24.682292051756008,22.396894639556375,22.48,981659.3886462887,0.0,0.0,0.0,0.0,3.56735399353221,19.175761357632883,34.17792186490955
2002-09-16,,37515.0,27.1,28.94,26.02,26.75,26610600.0,22.23,-0.011120996441281172,26610.6,717.0,2.4266018691588798,1.569951401869158,0.8566504672897217,2.4266018691588798,26.199444782311314,48.19,0.8310280373831775,SELL,0.0,1449095.2235074965,1449095.2235074965,22.520859813084112,24.04995140186916,21.62334953271028,22.23,970742.358078603,0.0,0.0,0.0,0.0,3.659800139525856,18.74513379752682,34.17792186490955
2002-09-23,,37522.0,26.35,28.01,24.34,24.47,38986700.0,20.48,-0.07872244714349974,38986.7,718.0,3.0715815284021275,1.21277891295464,1.8588026154474875,3.0715815284021275,25.123320341447176,48.19,0.8369431957498978,SELL,0.0,1449095.2235074965,1449095.2235074965,22.05345320800981,23.44277891295464,20.371197384552513,20.48,894323.1441048039,0.0,0.0,0.0,0.0,3.8029864904154294,18.13497279835167,34.17792186490955
2002-09-30,,37529.0,24.0,26.2,23.51,24.01,36101800.0,20.1,-0.0185546875,36101.8,719.0,2.251936693044563,1.4533610995418584,0.7985755935027044,2.251936693044563,23.48212758983944,48.19,0.8371511870054145,SELL,0.0,1449095.2235074965,1449095.2235074965,20.09162848812995,21.93336109954186,19.681424406497296,20.1,877729.2576419219,0.0,0.0,0.0,0.0,3.846804973850609,17.690060736105174,34.17792186490955
2002-10-07,,37536.0,24.02,24.91,21.4,24.21,49932200.0,20.26,0.007960199004975133,49932.2,720.0,2.9373234200743497,0.7457909954564208,2.191532424617929,2.9373234200743497,22.793131664270476,48.19,0.8368442792234614,SELL,0.0,1449095.2235074965,1449095.2235074965,20.10099958694754,20.845790995456422,17.908467575382073,20.26,884716.1572052406,0.0,0.0,0.0,0.0,3.8694482172846096,17.3107697006909,34.17792186490955
2002-10-14,,37543.0,24.2,26.95,23.89,26.65,28755100.0,22.31,0.10118460019743325,28755.1,721.0,2.561673545966226,2.301144465290804,0.2605290806754219,2.561673545966226,23.22935636493026,48.19,0.8371482176360225,SELL,0.0,1449095.2235074965,1449095.2235074965,20.258986866791744,22.561144465290806,19.99947091932458,22.31,974235.8078602623,0.0,0.0,0.0,0.0,3.786635049357998,17.24072944977572,34.17792186490955
2002-10-21,,37550.0,26.2,27.21,25.65,26.24,25447400.0,21.96,-0.015688032272523467,25447.4,722.0,1.3055487804878076,0.4617835365853722,0.8437652439024355,1.3055487804878076,23.31291013480905,48.19,0.8368902439024392,SELL,0.0,1449095.2235074965,1449095.2235074965,21.926524390243905,22.77178353658537,21.466234756097563,21.96,958951.9650655026,0.0,0.0,0.0,0.0,3.7803366452864813,17.025499850198422,34.17792186490955
2002-10-28,,37557.0,26.85,26.9,24.9,26.0,25737300.0,21.76,-0.00910746812386154,25737.3,723.0,1.6738461538461529,0.553230769230769,1.120615384615384,1.6738461538461529,22.614559721632766,48.19,0.836923076923077,SELL,0.0,1449095.2235074965,1449095.2235074965,22.47138461538462,22.51323076923077,20.839384615384617,21.76,950218.3406113541,0.0,0.0,0.0,0.0,3.75263391140837,16.849878636113218,34.17792186490955
2002-11-04,,37564.0,26.5,26.99,24.63,25.1,24894000.0,21.01,-0.03446691176470584,24894.0,724.0,1.9754422310756965,0.8320278884462127,1.1434143426294838,1.9754422310756965,22.76594626028382,48.19,0.8370517928286852,SELL,0.0,1449095.2235074965,1449095.2235074965,22.181872509960158,22.592027888446214,20.616585657370518,21.01,917467.2489082973,0.0,0.0,0.0,0.0,3.743727508426213,16.61726659478812,34.17792186490955
2002-11-11,,37571.0,24.75,24.95,23.46,23.86,29527800.0,19.97,-0.0495002379819135,29527.8,725.0,1.2470787929589235,0.12770746018441415,1.3747862531433377,1.3747862531433377,21.754156083554598,48.19,0.8369656328583402,SELL,0.0,1449095.2235074965,1449095.2235074965,20.71489941324392,20.882292539815587,19.635213746856664,19.97,872052.401746725,0.0,0.0,0.0,0.0,3.7915818808030886,16.24567944433374,34.17792186490955
2002-11-18,,37578.0,24.02,26.89,23.2,26.45,36737400.0,22.14,0.10866299449173766,36737.4,726.0,3.088718336483936,2.538302457466923,0.550415879017013,3.088718336483936,22.489841047249108,48.19,0.8370510396975426,SELL,0.0,1449095.2235074965,1449095.2235074965,20.10596597353497,22.50830245746692,19.419584120982986,22.14,966812.227074236,0.0,0.0,0.0,0.0,3.7496300828851767,16.143485768396808,34.17792186490955
2002-11-25,,37585.0,26.2,27.4,26.16,27.12,21501500.0,22.7,0.025293586269195867,21501.5,727.0,1.0379056047197643,0.794365781710912,0.24353982300885235,1.0379056047197643,20.23020113204648,48.19,0.8370206489675516,SELL,0.0,1449095.2235074965,1449095.2235074965,21.92994100294985,22.934365781710913,21.896460176991148,22.7,991266.3755458518,0.0,0.0,0.0,0.0,3.6890584719248065,16.104426990919688,34.17792186490955
2002-12-02,,37592.0,27.98,27.98,25.21,26.05,20447200.0,21.8,-0.03964757709251099,20447.2,728.0,2.3180806142034527,0.7151247600767761,1.6029558541266766,2.3180806142034527,20.303694377778584,48.19,0.836852207293666,SELL,0.0,1449095.2235074965,1449095.2235074965,23.415124760076775,23.415124760076775,21.097044145873323,21.8,951965.0655021837,0.0,0.0,0.0,0.0,3.603148434864223,16.087006961619927,34.17792186490955
2002-12-09,,37599.0,25.65,26.72,25.25,25.5,18195300.0,21.34,-0.02110091743119269,18195.3,729.0,1.230188235294115,0.5609725490196062,0.6692156862745087,1.230188235294115,18.406877505800544,48.19,0.8368627450980393,SELL,0.0,1449095.2235074965,1449095.2235074965,21.465529411764706,22.360972549019607,21.130784313725492,21.34,931877.7292576422,0.0,0.0,0.0,0.0,3.446897474696736,16.203244118136205,34.17792186490955
2002-12-16,,37606.0,25.65,26.64,25.1,25.95,22349500.0,21.72,0.017806935332708385,22349.5,730.0,1.2889710982658968,0.9575260115606952,0.3314450867052017,1.2889710982658968,16.9927636750224,48.19,0.8369942196531792,SELL,0.0,1449095.2235074965,1449095.2235074965,21.468901734104044,22.297526011560695,21.008554913294798,21.72,948471.6157205242,0.0,0.0,0.0,0.0,3.1903081219761216,16.556424817010914,34.17792186490955
2002-12-23,,37613.0,25.65,26.0,24.54,24.7,15390800.0,20.83,-0.04097605893186007,15390.8,731.0,1.2312469635627536,0.20631578947368467,1.024931174089069,1.2312469635627536,16.910206100661227,48.19,0.8433198380566801,SELL,0.0,1449095.2235074965,1449095.2235074965,21.631153846153843,21.926315789473684,20.69506882591093,20.83,909606.9868995636,0.0,0.0,0.0,0.0,2.9306787286952365,16.903790983139956,34.17792186490955
2002-12-30,,37620.0,24.53,25.6,24.1,25.4,20019200.0,21.42,0.0283245319251082,20019.2,732.0,1.2649606299212621,0.7586614173228412,0.5062992125984209,1.2649606299212621,16.455888851855793,48.19,0.8433070866141733,SELL,0.0,1449095.2235074965,1449095.2235074965,20.686322834645672,21.58866141732284,20.323700787401577,21.42,935371.1790393017,0.0,0.0,0.0,0.0,2.7407316096432095,17.138170975891978,34.17792186490955
2003-01-06,,37627.0,25.4,26.26,25.35,25.65,20039300.0,21.63,0.009803921568627416,20039.3,733.0,0.7673801169590639,0.7243976608187133,0.04298245614035068,0.7673801169590639,15.113597613948425,48.19,0.8432748538011696,SELL,0.0,1449095.2235074965,1449095.2235074965,21.41918128654971,22.144397660818715,21.37701754385965,21.63,944541.4847161575,0.0,0.0,0.0,0.0,2.536774383201379,17.42221038345997,34.17792186490955
2003-01-13,,37634.0,25.75,25.98,24.3,24.88,21646900.0,20.98,-0.030050855293573653,21646.9,734.0,1.4166559485530534,0.27757234726688296,1.1390836012861705,1.4166559485530534,15.160119497736996,48.19,0.8432475884244374,SELL,0.0,1449095.2235074965,1449095.2235074965,21.713625401929264,21.907572347266882,20.49091639871383,20.98,916157.2052401751,0.0,0.0,0.0,0.0,2.3271583854779596,17.710640621670958,34.17792186490955
2003-01-21,,37642.0,24.89,25.03,23.01,23.06,23036300.0,19.45,-0.07292659675881796,23036.3,735.0,1.7037727666955753,0.1316001734605372,1.572172593235038,1.7037727666955753,13.62129108686104,48.19,0.8434518647007806,SELL,0.0,1449095.2235074965,1449095.2235074965,20.99351691240243,21.111600173460538,19.407827406764962,19.45,849344.9781659392,0.0,0.0,0.0,0.0,2.313945257170626,17.542210027805144,34.17792186490955
2003-01-27,,37648.0,23.05,23.76,22.45,23.14,24878500.0,19.51,0.0030848329048844825,24878.5,736.0,1.1044987035436513,0.582739844425241,0.5217588591184104,1.1044987035436513,13.695283418887582,48.19,0.8431287813310285,SELL,0.0,1449095.2235074965,1449095.2235074965,19.43411840968021,20.03273984442524,18.92824114088159,19.51,851965.0655021839,0.0,0.0,0.0,0.0,2.274134386968749,17.43856647160252,34.17792186490955
2003-02-03,,37655.0,23.35,23.75,22.46,22.7,21643100.0,19.14,-0.0189646335212712,21643.1,737.0,1.0876916299559483,0.5153303964757718,0.5723612334801764,1.0876916299559483,12.328184547501467,48.19,0.843171806167401,SELL,0.0,1449095.2235074965,1449095.2235074965,19.688061674008814,20.025330396475773,18.937638766519825,19.14,835807.8602620091,0.0,0.0,0.0,0.0,2.3078274844100988,17.186528849950367,34.17792186490955
2003-02-10,,37662.0,22.61,22.82,21.3,22.48,22541900.0,18.96,-0.00940438871473348,22541.9,738.0,1.2819928825622782,0.10676156583630103,1.1752313167259771,1.2819928825622782,12.385745266688314,48.19,0.8434163701067616,SELL,0.0,1449095.2235074965,1449095.2235074965,19.06964412811388,19.2467615658363,17.964768683274023,18.96,827947.5982532755,0.0,0.0,0.0,0.0,2.330458972904276,16.953852567739315,34.17792186490955
2003-02-18,,37670.0,22.54,24.01,22.54,23.8,22215400.0,20.07,0.05854430379746822,22215.4,739.0,1.2396176470588252,1.2870882352941173,0.047470588235292155,1.2870882352941173,12.38365319671967,48.19,0.8432773109243697,SELL,0.0,1449095.2235074965,1449095.2235074965,19.007470588235293,20.247088235294118,19.007470588235293,20.07,876419.2139737995,0.0,0.0,0.0,0.0,2.3316112083467746,16.822923198645267,34.17792186490955
2003-02-24,,37676.0,23.95,24.2,22.9,24.05,22892900.0,20.44,0.01843547583457905,22892.9,740.0,1.1048648648648651,0.49748440748440714,0.607380457380458,1.1048648648648651,12.243228642610905,48.19,0.8498960498960499,SELL,0.0,1449095.2235074965,1449095.2235074965,20.355010395010396,20.567484407484407,19.462619542619542,20.44,892576.4192139741,0.0,0.0,0.0,0.0,2.218237720393317,16.930991064870373,34.17792186490955
2003-03-03,,37683.0,24.2,24.5,23.24,24.3,21621300.0,20.66,0.010763209393346296,21621.3,741.0,1.0712592592592607,0.39004115226337177,0.6812181069958889,1.0712592592592607,12.028004897430904,48.19,0.8502057613168724,SELL,0.0,1449095.2235074965,1449095.2235074965,20.574979423868314,20.830041152263373,19.758781893004112,20.66,902183.4061135374,0.0,0.0,0.0,0.0,2.119893872283209,17.02392385587735,34.17792186490955
2003-03-10,,37690.0,23.9,25.67,23.16,25.65,26610700.0,21.8,0.055179090029041644,26610.7,742.0,2.133255360623785,1.1569980506822652,0.9762573099415199,2.133255360623785,13.545644057058372,48.19,0.8499025341130605,SELL,0.0,1449095.2235074965,1449095.2235074965,20.312670565302145,21.816998050682265,19.68374269005848,21.8,951965.0655021836,0.0,0.0,0.0,0.0,2.051865563408841,17.098384871965706,34.17792186490955
2003-03-17,,37697.0,25.0,28.0,24.75,28.0,29880400.0,23.8,0.09174311926605494,29880.4,743.0,2.762500000000003,2.0,0.7625000000000028,2.762500000000003,15.041026336443872,48.19,0.85,SELL,0.0,1449095.2235074965,1449095.2235074965,21.25,23.8,21.037499999999998,23.8,1039301.3100436684,0.0,0.0,0.0,0.0,2.0221094998214375,17.14472625044641,34.17792186490955
2003-03-24,,37704.0,26.85,27.95,25.94,26.03,21749000.0,22.13,-0.07016806722689084,21749.0,744.0,1.7088474836726846,0.03766807529773786,1.7465155589704224,1.7465155589704224,15.088518327860367,48.19,0.8501728774490971,SELL,0.0,1449095.2235074965,1449095.2235074965,22.827141759508258,23.762331924702263,22.05348444102958,22.13,966375.5458515285,0.0,0.0,0.0,0.0,1.9882674906850084,17.170794687921628,34.17792186490955
2003-03-31,,37711.0,25.45,27.9,25.32,27.63,23781100.0,23.49,0.06145503840939903,23781.1,745.0,2.1934201954397388,1.5895439739413675,0.6038762214983713,2.1934201954397388,16.2984310966338,48.19,0.8501628664495113,SELL,0.0,1449095.2235074965,1449095.2235074965,21.636644951140063,23.719543973941366,21.526123778501628,23.49,1025764.1921397381,0.0,0.0,0.0,0.0,1.98019485998768,17.180732362225925,34.17792186490955
2003-04-07,,37718.0,28.34,28.69,26.9,27.65,21102000.0,23.5,0.00042571306939120923,21102.0,746.0,1.521338155515373,0.893905967450273,0.6274321880651001,1.521338155515373,16.780260569477605,48.19,0.8499095840867993,SELL,0.0,1449095.2235074965,1449095.2235074965,24.086437613019893,24.38390596745027,22.8625678119349,23.5,1026200.8733624456,0.0,0.0,0.0,0.0,1.9665236103473187,17.19905682779024,34.17792186490955
2003-04-14,,37725.0,27.39,28.53,27.27,28.49,17281300.0,24.22,0.030638297872340292,17281.3,747.0,1.0711547911547932,0.7540049140049163,0.31714987714987686,1.0711547911547932,16.545996023469286,48.19,0.8501228501228502,SELL,0.0,1449095.2235074965,1449095.2235074965,23.284864864864865,24.254004914004916,23.182850122850123,24.22,1057641.92139738,0.0,0.0,0.0,0.0,1.9531262939317184,17.22133060663412,34.17792186490955
2003-04-21,,37732.0,28.47,29.5,27.47,29.11,18216400.0,24.75,0.021882741535920847,18216.4,748.0,1.7259532806595672,0.8615870834764685,0.8643661971830987,1.7259532806595672,17.03362385165312,48.19,0.850223290965304,SELL,0.0,1449095.2235074965,1449095.2235074965,24.205857093782203,25.081587083476467,23.3556338028169,24.75,1080786.0262008735,0.0,0.0,0.0,0.0,1.9791895600709126,17.180074880310524,34.17792186490955
2003-04-28,,37739.0,28.75,29.78,28.37,29.08,20770200.0,24.72,-0.00121212121212122,20770.2,749.0,1.1985969738652003,0.565048143053648,0.6335488308115522,1.1985969738652003,17.13777063943127,48.19,0.8500687757909217,SELL,0.0,1449095.2235074965,1449095.2235074965,24.439477303988998,25.315048143053648,24.116451169188448,24.72,1079475.9825327513,0.0,0.0,0.0,0.0,2.019056299431423,17.14577388556778,34.17792186490955
2003-05-05,,37746.0,29.04,29.34,28.08,29.0,16912600.0,24.65,-0.0028317152103559673,16912.6,750.0,1.0710000000000015,0.2190000000000012,0.8520000000000003,1.0710000000000015,17.13748257358765,48.19,0.85,SELL,0.0,1449095.2235074965,1449095.2235074965,24.683999999999997,24.939,23.868,24.65,1076419.2139737993,0.0,0.0,0.0,0.0,2.049848066800618,17.106355442754552,34.17792186490955
2003-05-12,,37753.0,28.88,29.07,27.85,27.85,18674700.0,23.67,-0.039756592292089166,18674.7,751.0,1.0368904847396756,0.056890484739678726,0.9799999999999969,1.0368904847396756,15.919299378160861,48.19,0.8499102333931777,SELL,0.0,1449095.2235074965,1449095.2235074965,24.545407540394972,24.706890484739677,23.67,23.67,1033624.4541484718,0.0,0.0,0.0,0.0,2.030802421974418,17.133237847502976,34.17792186490955
2003-05-19,,37760.0,27.65,27.99,27.35,27.64,16490400.0,23.5,-0.007182087029995898,16490.4,752.0,0.5441389290882732,0.1275759768451472,0.416562952243126,0.5441389290882732,13.454453743814494,48.19,0.8502170767004341,SELL,0.0,1449095.2235074965,1449095.2235074965,23.508502170767002,23.79757597684515,23.253437047756876,23.5,1026200.8733624455,0.0,0.0,0.0,0.0,1.9011608902240758,17.373683140293465,34.17792186490955
2003-05-27,,37768.0,27.5,28.95,27.42,28.7,20967500.0,24.4,0.038297872340425476,20967.5,753.0,1.3007665505226456,1.1125435540069688,0.18822299651567675,1.3007665505226456,12.95917706776141,48.19,0.8501742160278746,SELL,0.0,1449095.2235074965,1449095.2235074965,23.37979094076655,24.61254355400697,23.311777003484323,24.4,1065502.1834061136,0.0,0.0,0.0,0.0,1.8247786530588388,17.520248489304123,34.17792186490955
2003-06-02,,37774.0,29.42,30.52,28.75,30.3,20252700.0,25.76,0.05573770491803298,20252.7,754.0,1.504792079207924,1.5470363036303674,0.042244224422443466,1.5470363036303674,12.240972743528776,48.19,0.8501650165016502,SELL,0.0,1449095.2235074965,1449095.2235074965,25.01185478547855,25.947036303630366,24.442244224422442,25.76,1124890.8296943235,0.0,0.0,0.0,0.0,1.7646233754959992,17.64502692711366,34.17792186490955
2003-06-09,,37781.0,30.05,31.2,30.04,30.65,16477100.0,26.05,0.01125776397515521,16477.1,755.0,0.9859053833605209,0.7574551386623156,0.2284502446982053,0.9859053833605209,11.646047441134495,48.19,0.8499184339314846,SELL,0.0,1449095.2235074965,1449095.2235074965,25.540048939641114,26.517455138662317,25.531549755301796,26.05,1137554.5851528388,0.0,0.0,0.0,0.0,1.811700979801675,17.551479257812883,34.17792186490955
2003-06-16,,37788.0,30.85,31.66,29.61,30.01,25989100.0,25.51,-0.020729366602687094,25989.1,756.0,1.742602465844719,0.862582472509164,0.880019993335555,1.742602465844719,12.39210041301219,48.19,0.850049983338887,SELL,0.0,1449095.2235074965,1449095.2235074965,26.224041986004668,26.912582472509165,25.169980006664446,25.51,1113973.799126638,0.0,0.0,0.0,0.0,1.875155135362924,17.44138045427561,34.17792186490955
2003-06-23,,37795.0,29.96,30.26,28.53,28.62,17371500.0,24.49,-0.03998431987455908,17371.5,757.0,1.4803529000698816,0.38334032145352737,1.0970125786163543,1.4803529000698816,12.119211101245872,48.19,0.8556953179594688,SELL,0.0,1449095.2235074965,1449095.2235074965,25.636631726065687,25.89334032145353,24.412987421383647,24.49,1069432.3144104807,0.0,0.0,0.0,0.0,1.9096416499988091,17.4041885579298,34.17792186490955
2003-06-30,,37802.0,28.72,28.99,28.08,28.55,17626800.0,24.43,-0.002449979583503459,17626.8,758.0,0.778679509632223,0.31650437828371025,0.46217513134851274,0.778679509632223,11.65263614098701,48.19,0.8556917688266199,SELL,0.0,1449095.2235074965,1449095.2235074965,24.575467600700524,24.80650437828371,24.027824868651486,24.43,1066812.2270742361,0.0,0.0,0.0,0.0,1.9409919760986145,17.379471279265655,34.17792186490955
2003-07-07,,37809.0,28.93,29.5,27.99,28.12,24119400.0,24.06,-0.015145313139582561,24119.4,759.0,1.2919843527738308,0.8107539118065432,0.4812304409672876,1.2919843527738308,11.898174310735708,48.19,0.8556187766714082,SELL,0.0,1449095.2235074965,1449095.2235074965,24.753051209103837,25.240753911806543,23.948769559032712,24.06,1050655.0218340615,0.0,0.0,0.0,0.0,1.9407396003358597,17.46741929184327,34.17792186490955
2003-07-14,,37816.0,28.5,28.74,26.9,27.78,22635100.0,23.77,-0.012053200332502012,22635.1,760.0,1.5743988480921516,0.5314254859611189,1.0429733621310326,1.5743988480921516,12.495405825571792,48.19,0.8556515478761698,SELL,0.0,1449095.2235074965,1449095.2235074965,24.38606911447084,24.591425485961118,23.017026637868966,23.77,1037991.2663755462,0.0,0.0,0.0,0.0,1.9208499073193472,17.606655719506506,34.17792186490955
2003-07-21,,37823.0,27.77,28.49,27.0,28.43,19228700.0,24.33,0.023559108119478367,19228.7,761.0,1.2751213506858932,0.6113471684839915,0.6637741822019017,1.2751213506858932,13.307608516235813,48.19,0.8557861413999296,SELL,0.0,1449095.2235074965,1449095.2235074965,23.765181146676046,24.38134716848399,23.106225817798098,24.33,1062445.4148471619,0.0,0.0,0.0,0.0,1.9123860967353206,17.7270835386495,34.17792186490955
2003-07-28,,37830.0,28.55,28.98,27.7,28.46,18979300.0,24.35,0.0008220304151254076,18979.3,762.0,1.0951510892480698,0.4649051300070326,0.6302459592410372,1.0951510892480698,13.079146892597397,48.19,0.8555867884750528,SELL,0.0,1449095.2235074965,1449095.2235074965,24.427002810962758,24.79490513000703,23.69975404075896,24.35,1063318.7772925769,0.0,0.0,0.0,0.0,1.9330129549174708,17.725272490755103,34.17792186490955
2003-08-04,,37837.0,28.46,28.6,27.18,28.08,14445800.0,24.03,-0.013141683778234103,14445.8,763.0,1.215192307692309,0.125,1.090192307692309,1.215192307692309,12.710431341555111,48.19,0.8557692307692308,SELL,0.0,1449095.2235074965,1449095.2235074965,24.35519230769231,24.475,23.259807692307692,24.03,1049344.9781659392,0.0,0.0,0.0,0.0,1.943742809493805,17.748935659192313,34.17792186490955
2003-08-11,,37844.0,28.05,28.98,27.85,28.78,14974400.0,24.62,0.024552642530170532,14974.4,764.0,0.9666643502432244,0.7610910354412788,0.20557331480194563,0.9666643502432244,12.689052415869224,48.19,0.8554551772063933,SELL,0.0,1449095.2235074965,1449095.2235074965,23.995517720639334,24.79109103544128,23.824426685198056,24.62,1075109.1703056772,0.0,0.0,0.0,0.0,1.9632690750468655,17.769876092870636,34.17792186490955
2003-08-18,,37851.0,29.0,30.39,28.97,29.88,21590800.0,25.57,0.03858651502843213,21590.8,765.0,1.2151740294511413,1.3864357429718872,0.17126171352074593,1.3864357429718872,12.29331161267719,48.19,0.8557563587684069,SELL,0.0,1449095.2235074965,1449095.2235074965,24.816934404283803,26.006435742971888,24.791261713520747,25.57,1116593.8864628824,0.0,0.0,0.0,0.0,1.9945369170273846,17.80292600011446,34.17792186490955
2003-08-25,,37858.0,29.78,29.95,29.3,29.57,12918200.0,25.3,-0.010559249120062564,12918.2,766.0,0.5561379776800806,0.0551268177206623,0.5010111599594183,0.5561379776800806,11.266406143355187,48.19,0.8555968887385864,SELL,0.0,1449095.2235074965,1449095.2235074965,25.479675346635105,25.625126817720663,25.068988840040582,25.3,1104803.493449782,0.0,0.0,0.0,0.0,1.9801938686117782,17.968783621153477,34.17792186490955
2003-09-02,,37866.0,29.75,31.35,29.58,31.04,24028200.0,26.56,0.04980237154150191,24028.2,767.0,1.5145360824742298,1.5252577319587637,0.010721649484533913,1.5252577319587637,12.095937501495788,48.19,0.8556701030927835,SELL,0.0,1449095.2235074965,1449095.2235074965,25.45618556701031,26.825257731958764,25.310721649484535,26.56,1159825.3275109173,0.0,0.0,0.0,0.0,2.053783235887437,17.89261508101311,34.17792186490955
2003-09-08,,37872.0,31.03,31.65,30.6,31.53,17244500.0,26.98,0.01581325301204828,17244.5,768.0,0.8984776403425307,0.5226831588962888,0.37579448144624195,0.8984776403425307,11.658707821016566,48.19,0.8556929908024103,SELL,0.0,1449095.2235074965,1449095.2235074965,26.552153504598795,27.082683158896288,26.184205518553757,26.98,1178165.9388646293,0.0,0.0,0.0,0.0,2.141408883132625,17.77794120680258,34.17792186490955
2003-09-15,,37879.0,31.5,32.42,31.23,31.93,19803300.0,27.32,0.012601927353595332,19803.3,769.0,1.0181897901659873,0.7592546194801137,0.2589351706858736,1.0181897901659873,11.040697756654163,48.19,0.8556216724083934,SELL,0.0,1449095.2235074965,1449095.2235074965,26.95208268086439,27.739254619480114,26.721064829314127,27.32,1193013.1004366816,0.0,0.0,0.0,0.0,2.2253460986495073,17.70273231435184,34.17792186490955
2003-09-22,,37886.0,31.6,31.9,29.31,29.87,18448800.0,25.72,-0.05856515373352855,18448.8,770.0,2.230157348510211,0.14796116504853885,2.0821961834616722,2.230157348510211,12.101848865347849,48.19,0.8610646133244056,SELL,0.0,1449095.2235074965,1449095.2235074965,27.20964178105122,27.46796116504854,25.237803816538328,25.72,1123144.104803494,0.0,0.0,0.0,0.0,2.2354278729437715,17.78435714690886,34.17792186490955
2003-09-29,,37893.0,30.0,31.3,29.62,30.82,22439500.0,26.53,0.031493001555209954,22439.5,771.0,1.446151849448409,1.2231862426995477,0.22296560674886123,1.446151849448409,12.491849710014893,48.19,0.8608046722907203,SELL,0.0,1449095.2235074965,1449095.2235074965,25.82414016872161,26.943186242699547,25.497034393251138,26.53,1158515.2838427953,0.0,0.0,0.0,0.0,2.271527355300297,17.81142551418828,34.17792186490955
2003-10-06,,37900.0,31.0,31.05,29.2,29.32,24017700.0,25.24,-0.0486241990199775,24017.7,772.0,1.5925648021828103,0.19926330150067884,1.3933015006821314,1.5925648021828103,12.911152481671005,48.19,0.8608458390177353,SELL,0.0,1449095.2235074965,1449095.2235074965,26.686221009549794,26.72926330150068,25.13669849931787,25.24,1102183.4061135375,0.0,0.0,0.0,0.0,2.247294864015349,17.979567718010408,34.17792186490955
2003-10-13,,37907.0,29.52,29.55,28.42,28.55,22462500.0,24.58,-0.02614896988906501,22462.5,773.0,0.9728686514886142,0.2009457092819602,0.771922942206654,0.9728686514886142,12.918046149721437,48.19,0.8609457092819613,SELL,0.0,1449095.2235074965,1449095.2235074965,25.415117338003498,25.44094570928196,24.468077057793344,24.58,1073362.4454148475,0.0,0.0,0.0,0.0,2.225363902224344,18.111468293219623,34.17792186490955
2003-10-20,,37914.0,28.75,29.0,28.0,28.3,17676500.0,24.36,-0.008950366151342481,17676.5,774.0,0.860777385159011,0.38254416961130744,0.4782332155477036,0.860777385159011,12.33398130770713,48.19,0.8607773851590106,SELL,0.0,1449095.2235074965,1449095.2235074965,24.747349823321553,24.962544169611306,24.101766784452295,24.36,1063755.4585152841,0.0,0.0,0.0,0.0,2.2039217384356506,18.23165906854502,34.17792186490955
2003-10-27,,37921.0,28.5,29.25,28.13,29.01,18854800.0,24.98,0.02545155993431858,18854.8,775.0,0.9644122716304757,0.8266597724922455,0.13775249913823018,0.9644122716304757,12.787619412096458,48.19,0.8610823853843502,SELL,0.0,1449095.2235074965,1449095.2235074965,24.540847983453983,25.186659772492245,24.22224750086177,24.98,1090829.6943231444,0.0,0.0,0.0,0.0,2.167757979558973,18.419629441346473,34.17792186490955
2003-11-03,,37928.0,29.05,29.26,28.05,28.12,17607100.0,24.21,-0.030824659727782255,17607.1,776.0,1.0417532005689907,0.21148648648648916,0.8302667140825015,1.0417532005689907,12.250392154996712,48.19,0.8609530583214794,SELL,0.0,1449095.2235074965,1449095.2235074965,25.010686344238977,25.19148648648649,24.1497332859175,24.21,1057205.2401746728,0.0,0.0,0.0,0.0,2.0540716518615945,18.819942821565526,34.17792186490955
2003-11-10,,37935.0,28.23,28.8,27.85,27.88,21183900.0,24.0,-0.00867410161090465,21183.9,777.0,0.8177905308464837,0.5819655667144907,0.23582496413199294,0.8177905308464837,12.160739811112213,48.19,0.860832137733142,SELL,0.0,1449095.2235074965,1449095.2235074965,24.3012912482066,24.79196556671449,23.974175035868008,24.0,1048034.934497817,0.0,0.0,0.0,0.0,1.9301132249877915,19.239351083871988,34.17792186490955
2003-11-17,,37942.0,27.67,29.95,27.37,28.56,31770900.0,24.59,0.0245833333333334,31770.9,778.0,2.221365546218486,1.7867822128851536,0.43458333333333243,2.221365546218486,13.497601762281658,48.19,0.8609943977591037,SELL,0.0,1449095.2235074965,1449095.2235074965,23.8237149859944,25.786782212885154,23.565416666666668,24.59,1073799.126637555,0.0,0.0,0.0,0.0,1.767169130017427,19.779638150566193,34.17792186490955
2003-11-24,,37949.0,28.81,29.13,28.53,28.67,14524900.0,24.68,0.0036600244001625537,14524.9,779.0,0.5164980816184155,0.4859818625741177,0.0305162190442978,0.5164980816184155,11.593535910179662,48.19,0.860830136030694,SELL,0.0,1449095.2235074965,1449095.2235074965,24.800516219044294,25.075981862574118,24.559483780955702,24.68,1077729.2576419218,0.0,0.0,0.0,0.0,1.562058123122033,20.431927862926628,34.17792186490955
2003-12-01,,37956.0,29.2,29.7,28.78,29.1,20487700.0,25.05,0.014991896272285254,20487.7,780.0,0.7919587628865941,0.8864948453608221,0.09453608247422807,0.8864948453608221,10.971694794526787,48.19,0.8608247422680412,SELL,0.0,1449095.2235074965,1449095.2235074965,25.1360824742268,25.566494845360822,24.774536082474228,25.05,1093886.4628820964,0.0,0.0,0.0,0.0,1.4119396120845695,20.928687555154433,34.17792186490955
2003-12-08,,37963.0,29.15,30.47,29.15,30.11,22385300.0,25.92,0.03473053892215572,22385.3,781.0,1.1363135171039502,1.179903686482895,0.043590169378944665,1.179903686482895,10.513182443749105,48.19,0.8608435735636002,SELL,0.0,1449095.2235074965,1449095.2235074965,25.093590169378945,26.229903686482896,25.093590169378945,25.92,1131877.7292576423,0.0,0.0,0.0,0.0,1.2782543588150563,21.396559224913577,34.17792186490955
2003-12-15,,37970.0,30.59,31.0,30.11,30.89,24808200.0,26.59,0.025848765432098686,24808.2,782.0,0.7661087730657172,0.7646876011654236,0.0014211719002936718,0.7661087730657172,10.28344924550144,48.19,0.8607963742311427,SELL,0.0,1449095.2235074965,1449095.2235074965,26.331761087730655,26.684687601165425,25.918578828099708,26.59,1161135.3711790396,0.0,0.0,0.0,0.0,1.1546585157195515,21.850182978993807,34.17792186490955
2003-12-22,,37977.0,30.8,31.29,30.7,30.72,10653700.0,26.45,-0.005265137269650277,10653.7,783.0,0.5079915364583343,0.3507714843749987,0.15722005208333556,0.5079915364583343,9.891464969167355,48.19,0.8610026041666666,SELL,0.0,1449095.2235074965,1449095.2235074965,26.518880208333332,26.940771484375,26.432779947916664,26.45,1155021.8340611355,0.0,0.0,0.0,0.0,1.0870108662925495,22.132716736707657,34.17792186490955
2003-12-29,,37984.0,30.7,31.58,30.52,31.12,16462800.0,26.97,0.019659735349716323,16462.8,784.0,0.9186439588688913,0.9186568123393286,1.285347043733509e-05,0.9186568123393286,9.84062556995497,48.19,0.8666452442159382,SELL,0.0,1449095.2235074965,1449095.2235074965,26.606008997429303,27.368656812339328,26.450012853470437,26.97,1177729.2576419215,0.0,0.0,0.0,0.0,1.12174250444634,22.123204714493912,34.17792186490955
2004-01-05,,37991.0,31.24,32.25,31.11,31.8,21129500.0,27.56,0.02187615869484616,21129.5,785.0,0.9879999999999995,0.9799999999999969,0.008000000000002672,0.9879999999999995,9.78089979154498,48.19,0.8666666666666666,SELL,0.0,1449095.2235074965,1449095.2235074965,27.074666666666662,27.949999999999996,26.961999999999996,27.56,1203493.4497816595,0.0,0.0,0.0,0.0,1.1040369382295885,22.29990765442603,34.17792186490955
2004-01-12,,37998.0,31.95,33.47,31.36,33.35,26395500.0,28.9,0.04862119013062416,26395.5,786.0,1.8284557721139443,1.4439880059969994,0.3844677661169449,1.8284557721139443,10.903861170731046,48.19,0.8665667166416791,SELL,0.0,1449095.2235074965,1449095.2235074965,27.686806596701647,29.003988005996998,27.175532233883054,28.9,1262008.7336244544,0.0,0.0,0.0,0.0,1.2251594610241947,22.12905256695171,34.17792186490955
2004-01-20,,38006.0,33.75,34.05,33.03,33.21,20506200.0,28.78,-0.0041522491349480495,20506.2,787.0,0.8839385727190567,0.607949412827459,0.2759891598915978,0.8839385727190567,9.417831200176126,48.19,0.8666064438422162,SELL,0.0,1449095.2235074965,1449095.2235074965,29.247967479674795,29.507949412827458,28.6240108401084,28.78,1256768.5589519655,0.0,0.0,0.0,0.0,1.3147667700874044,22.033814782098567,34.17792186490955
2004-01-26,,38012.0,33.48,34.57,33.42,33.63,21340100.0,29.14,0.012508686587908269,21340.1,788.0,0.9964614927148361,1.1744989592625608,0.17803746654772468,1.1744989592625608,10.148943286447398,48.19,0.8664882545346416,SELL,0.0,1449095.2235074965,1449095.2235074965,29.0100267618198,29.954498959262562,28.958037466547726,29.14,1272489.0829694327,0.0,0.0,0.0,0.0,1.4284383255744637,21.869635893380917,34.17792186490955
2004-02-02,,38019.0,33.69,33.99,32.9,33.18,17402400.0,28.75,-0.013383665065202499,17402.4,789.0,0.944469559975893,0.3118535262206166,0.6326160337552764,0.944469559975893,10.2133596360197,48.19,0.8664858348402652,SELL,0.0,1449095.2235074965,1449095.2235074965,29.191907775768534,29.451853526220617,28.507383966244724,28.75,1255458.5152838433,0.0,0.0,0.0,0.0,1.5120796572754192,21.758093539738287,34.17792186490955
2004-02-09,,38026.0,33.35,33.35,32.35,32.72,18613900.0,28.35,-0.013913043478260834,18613.9,790.0,0.8664425427872864,0.14585880195599543,0.720583740831291,0.8664425427872864,9.865069476357911,48.19,0.8664425427872862,SELL,0.0,1449095.2235074965,1449095.2235074965,28.895858801955995,28.895858801955995,28.02941625916871,28.35,1237991.2663755463,0.0,0.0,0.0,0.0,1.5668555414982255,21.709690414547122,34.17792186490955
2004-02-17,,38034.0,33.08,33.24,32.5,32.7,16537900.0,28.34,-0.0003527336860670305,16537.9,791.0,0.6413333333333355,0.4579999999999984,0.18333333333333712,0.6413333333333355,9.726430098877488,48.19,0.8666666666666666,SELL,0.0,1449095.2235074965,1449095.2235074965,28.66933333333333,28.808,28.166666666666664,28.34,1237554.5851528388,0.0,0.0,0.0,0.0,1.6134456977633693,21.68321502388426,34.17792186490955
2004-02-23,,38040.0,32.75,33.66,32.52,32.52,18507700.0,28.35,0.0003528581510232609,18507.7,792.0,0.9938191881918783,1.0038191881918763,0.00999999999999801,1.0038191881918763,10.277349711914756,48.19,0.871771217712177,SELL,0.0,1449095.2235074965,1449095.2235074965,28.550507380073796,29.343819188191876,28.349999999999998,28.349999999999998,1237991.266375546,0.0,0.0,0.0,0.0,1.6300633009974737,21.755817357262412,34.17792186490955
2004-03-01,,38047.0,32.69,33.48,32.41,32.77,16657400.0,28.57,0.007760141093474449,16657.4,793.0,0.9328623741226743,0.8390021361000883,0.09386023802258592,0.9328623741226743,10.293133669451809,48.19,0.8718339945071711,SELL,0.0,1449095.2235074965,1449095.2235074965,28.500253280439424,29.189002136100086,28.256139761977412,28.57,1247598.2532751097,0.0,0.0,0.0,0.0,1.6408149336957774,21.852596812102018,34.17792186490955
2004-03-08,,38054.0,32.5,32.5,30.26,30.6,39296200.0,26.68,-0.0661533076653833,39296.2,794.0,1.9530457516339865,0.23339869281046077,2.1864444444444473,2.1864444444444473,11.624738607723417,48.19,0.8718954248366012,SELL,0.0,1449095.2235074965,1449095.2235074965,28.33660130718954,28.33660130718954,26.383555555555553,26.68,1165065.5021834066,0.0,0.0,0.0,0.0,1.6257508401258651,21.945866802124364,34.17792186490955
2004-03-15,,38061.0,30.85,30.94,30.1,30.14,30242500.0,26.28,-0.014992503748125885,30242.5,795.0,0.7324220305242193,0.2975447909754507,0.43487723954876856,0.7324220305242193,10.406923339290389,48.19,0.87193098871931,SELL,0.0,1449095.2235074965,1449095.2235074965,26.899071001990713,26.97754479097545,26.24512276045123,26.28,1147598.2532751097,0.0,0.0,0.0,0.0,1.6257774784022896,21.95848313326257,34.17792186490955
2004-03-22,,38068.0,29.94,30.9,28.88,30.1,57588200.0,26.24,-0.0015220700152207556,57588.2,796.0,1.760956810631228,0.6574086378737469,1.1035481727574812,1.760956810631228,11.381388048081691,48.19,0.8717607973421926,SELL,0.0,1449095.2235074965,1449095.2235074965,26.100518272425248,26.937408637873748,25.17645182724252,26.24,1145851.52838428,0.0,0.0,0.0,0.0,1.6261187975799993,21.962263981659753,34.17792186490955
2004-03-29,,38075.0,30.58,31.15,30.31,31.06,51801200.0,27.08,0.03201219512195119,51801.2,797.0,0.7323631680618163,0.9184674822923391,0.18610431423052276,0.9184674822923391,11.096908629225888,48.19,0.8718609143593046,SELL,0.0,1449095.2235074965,1449095.2235074965,26.661506761107532,27.158467482292338,26.42610431423052,27.08,1182532.7510917035,0.0,0.0,0.0,0.0,1.6319552474880814,21.985965539816377,34.17792186490955
2004-04-05,,38082.0,30.98,31.85,30.97,31.41,42847900.0,27.39,0.011447562776957243,42847.9,798.0,0.7673734479465146,0.6936867239732578,0.07368672397325682,0.7673734479465146,10.900135171415467,48.19,0.8720152817574021,SELL,0.0,1449095.2235074965,1449095.2235074965,27.015033428844315,27.773686723973256,27.00631327602674,27.39,1196069.868995634,0.0,0.0,0.0,0.0,1.6249526968816599,22.074203623649506,34.17792186490955
2004-04-12,,38089.0,31.55,31.74,30.15,31.23,27279200.0,27.23,-0.005841548010222741,27279.2,799.0,1.3863496637848236,0.2846781940441865,1.1016714697406371,1.3863496637848236,11.47780975030162,48.19,0.871918027537624,SELL,0.0,1449095.2235074965,1449095.2235074965,27.50901376881204,27.674678194044187,26.288328530259363,27.23,1189082.969432315,0.0,0.0,0.0,0.0,1.6105689374258683,22.178455705215818,34.17792186490955
2004-04-19,,38096.0,31.18,31.2,30.04,30.69,24624600.0,26.76,-0.0172603745868527,24624.6,800.0,1.0114565004887588,0.0253079178885649,1.0367644183773237,1.0367644183773237,11.91717762257272,48.19,0.8719452590420332,SELL,0.0,1449095.2235074965,1449095.2235074965,27.187253176930597,27.204692082111436,26.193235581622677,26.76,1168558.9519650661,0.0,0.0,0.0,0.0,1.5763579360834576,22.329836867108426,34.17792186490955
2004-04-26,,38103.0,30.85,31.04,29.8,29.95,23512300.0,26.11,-0.024289985052316942,23512.3,801.0,1.081015025041733,0.30024707846410337,0.7807679465776296,1.081015025041733,12.002950774628115,48.19,0.8717863105175292,SELL,0.0,1449095.2235074965,1449095.2235074965,26.89460767946578,27.060247078464105,25.979232053422372,26.11,1140174.6724890836,0.0,0.0,0.0,0.0,1.5263514798290672,22.51192617847611,34.17792186490955
2004-05-03,,38110.0,30.12,30.71,29.62,30.0,17721700.0,26.16,0.0019149751053235686,17721.7,802.0,0.9504799999999989,0.6691199999999995,0.2813599999999994,0.9504799999999989,12.022525914491808,48.19,0.872,SELL,0.0,1449095.2235074965,1449095.2235074965,26.26464,26.77912,25.82864,26.16,1142358.0786026206,0.0,0.0,0.0,0.0,1.4936855392566695,22.638225176248568,34.17792186490955
2004-05-10,,38117.0,29.75,30.75,29.55,30.16,22058600.0,26.3,0.005351681957186605,22058.6,803.0,1.046419098143236,0.6544893899204247,0.39192970822281126,1.046419098143236,10.75583108526824,48.19,0.8720159151193634,SELL,0.0,1449095.2235074965,1449095.2235074965,25.942473474801062,26.814489389920425,25.76807029177719,26.3,1148471.6157205247,0.0,0.0,0.0,0.0,1.4591778507091273,22.772055373227182,34.17792186490955
2004-05-17,,38124.0,29.7,30.9,29.68,30.65,20523100.0,26.72,0.015969581749049278,20523.1,804.0,1.063569331158238,0.6379445350734088,0.42562479608482917,1.063569331158238,11.12377253041715,48.19,0.8717781402936379,SELL,0.0,1449095.2235074965,1449095.2235074965,25.891810766721044,26.93794453507341,25.87437520391517,26.72,1166812.2270742364,0.0,0.0,0.0,0.0,1.4098833177468617,22.96090146173041,34.17792186490955
2004-05-24,,38131.0,30.94,31.47,30.56,31.12,19001800.0,27.13,0.015344311377245567,19001.8,805.0,0.7933258354755779,0.7151253213367568,0.07820051413882112,0.7933258354755779,10.048627002466429,48.19,0.8717866323907454,SELL,0.0,1449095.2235074965,1449095.2235074965,26.973078406169662,27.435125321336756,26.641799485861178,27.13,1184716.1572052408,0.0,0.0,0.0,0.0,1.3817599929683158,23.092429285871894,34.17792186490955
2004-06-01,,38139.0,31.0,31.36,30.82,31.23,17597900.0,27.23,0.0036859565057132393,17597.9,806.0,0.47083573487031316,0.213349343579889,0.25748639129042417,0.47083573487031316,9.551258394219731,48.19,0.871918027537624,SELL,0.0,1449095.2235074965,1449095.2235074965,27.029458853666345,27.343349343579888,26.872513608709575,27.23,1189082.969432315,0.0,0.0,0.0,0.0,1.3768557754151316,23.1451776346329,34.17792186490955
2004-06-07,,38145.0,31.48,31.7,31.15,31.49,18797100.0,27.45,0.008079324274697042,18797.1,807.0,0.47943791679898595,0.4030581136868854,0.07637980311210057,0.47943791679898595,9.231330026278034,48.19,0.8717053032708797,SELL,0.0,1449095.2235074965,1449095.2235074965,27.44128294696729,27.633058113686886,27.1536201968879,27.45,1198689.9563318784,0.0,0.0,0.0,0.0,1.3677406825336644,23.22040439122682,34.17792186490955
2004-06-14,,38152.0,31.35,32.69,31.3,32.58,30596100.0,28.41,0.0349726775956285,30596.1,808.0,1.2120902394106778,1.0559208103130757,0.15616942909760212,1.2120902394106778,9.037708443640094,48.19,0.8720073664825047,SELL,0.0,1449095.2235074965,1449095.2235074965,27.337430939226522,28.505920810313075,27.293830570902397,28.41,1240611.3537117913,0.0,0.0,0.0,0.0,1.3946170415008818,23.198335445028285,34.17792186490955
2004-06-21,,38159.0,32.58,33.49,32.18,32.18,39114300.0,28.23,-0.006335797254487852,39114.3,809.0,1.1492013673088906,0.9692013673088908,0.17999999999999972,1.1492013673088906,9.16263838689739,48.19,0.877252952144189,SELL,0.0,1449095.2235074965,1449095.2235074965,28.580901180857676,29.37920136730889,28.23,28.23,1232751.0917030578,0.0,0.0,0.0,0.0,1.4142602954280055,23.179715115088527,34.17792186490955
2004-06-28,,38166.0,32.8,32.83,31.64,31.67,27042200.0,27.78,-0.015940488841657774,27042.2,810.0,1.0438332807072896,0.5675181559835778,0.47631512472371185,1.0438332807072896,9.121325337636897,48.19,0.8771708241237764,SELL,0.0,1449095.2235074965,1449095.2235074965,28.771203031259866,28.79751815598358,27.75368487527629,27.78,1213100.4366812238,0.0,0.0,0.0,0.0,1.4208218332137195,23.174530782819364,34.17792186490955
2004-07-06,,38174.0,31.6,32.25,31.5,32.17,21548200.0,28.22,0.015838732901367836,21548.2,811.0,0.6579110972956173,0.5101771837115301,0.14773391358408716,0.6579110972956173,8.796248779076473,48.19,0.877214796394156,SELL,0.0,1449095.2235074965,1449095.2235074965,27.71998756605533,28.29017718371153,27.632266086415914,28.22,1232314.4104803505,0.0,0.0,0.0,0.0,1.4299305466466368,23.212734608993163,34.17792186490955
2004-07-12,,38180.0,32.22,33.62,32.01,33.09,26359900.0,29.02,0.028348688873139682,26359.9,812.0,1.411973405862799,1.2648111211846462,0.14716228467815284,1.411973405862799,9.202420232098211,48.19,0.8770021154427319,SELL,0.0,1449095.2235074965,1449095.2235074965,28.25700815956482,29.484811121184645,28.072837715321846,29.02,1267248.9082969443,0.0,0.0,0.0,0.0,1.4700172596281422,23.17324953385648,34.17792186490955
2004-07-19,,38187.0,33.3,33.45,32.12,32.52,18529300.0,28.52,-0.017229496898690577,18529.3,813.0,1.1664083640836438,0.31560885608855926,0.8507995079950845,1.1664083640836438,9.31668582423755,48.19,0.8769987699876998,SELL,0.0,1449095.2235074965,1449095.2235074965,29.2040590405904,29.33560885608856,28.169200492004915,28.52,1245414.8471615731,0.0,0.0,0.0,0.0,1.469565893159233,23.254377950028744,34.17792186490955
2004-07-26,,38194.0,32.67,33.46,32.02,33.25,18094000.0,29.16,0.02244039270687237,18094.0,814.0,1.2628691729323265,0.824168421052633,0.4387007518796935,1.2628691729323265,9.838400643633937,48.19,0.8769924812030075,SELL,0.0,1449095.2235074965,1449095.2235074965,28.651344360902257,29.344168421052633,28.081299248120306,29.16,1273362.4454148482,0.0,0.0,0.0,0.0,1.4608634266143405,23.387841433464153,34.17792186490955
2004-08-02,,38201.0,32.65,33.35,31.42,31.52,17398500.0,27.65,-0.05178326474622774,17398.5,815.0,1.693036167512691,0.09531408629441529,1.5977220812182757,1.693036167512691,11.196401124347691,48.19,0.8772208121827411,SELL,0.0,1449095.2235074965,1449095.2235074965,28.641259517766496,29.255314086294415,27.562277918781724,27.65,1207423.580786027,0.0,0.0,0.0,0.0,1.4005634542183523,23.618835266893143,34.17792186490955
2004-08-09,,38208.0,31.53,32.24,31.49,31.89,14888000.0,27.97,0.011573236889692584,14888.0,816.0,0.6578080903104464,0.6269771088115412,0.030830981498905174,0.6578080903104464,11.394590206027091,48.19,0.8770774537472561,SELL,0.0,1449095.2235074965,1449095.2235074965,27.654252116650987,28.27697710881154,27.619169018501093,27.97,1221397.3799126646,0.0,0.0,0.0,0.0,1.3646056144708287,23.781656695530256,34.17792186490955
2004-08-16,,38215.0,31.87,32.8,31.82,32.65,15251300.0,28.64,0.023954236682159458,15251.3,817.0,0.8596385911179176,0.8015773353751925,0.05806125574272514,0.8596385911179176,11.00297726347958,48.19,0.8771822358346095,SELL,0.0,1449095.2235074965,1449095.2235074965,27.955797856049006,28.77157733537519,27.911938744257274,28.64,1250655.0218340622,0.0,0.0,0.0,0.0,1.2978729223408445,24.05653720634302,34.17792186490955
2004-08-23,,38222.0,32.68,32.99,32.41,32.77,12400400.0,28.74,0.0034916201117318746,12400.4,818.0,0.5086725663716827,0.292944766554772,0.2157277998169107,0.5086725663716827,10.291278595771571,48.19,0.8770216661580713,SELL,0.0,1449095.2235074965,1449095.2235074965,28.66106805004577,28.932944766554773,28.42427220018309,28.74,1255021.8340611362,0.0,0.0,0.0,0.0,1.206562217825771,24.40042372372826,34.17792186490955
2004-08-30,,38229.0,32.63,33.16,32.31,32.84,12599100.0,28.8,0.0020876826722338038,12599.1,819.0,0.7454323995127865,0.34063337393422444,0.40479902557856207,0.7454323995127865,9.959722061111012,48.19,0.8769792935444579,SELL,0.0,1449095.2235074965,1449095.2235074965,28.615834348355666,29.080633373934223,28.335200974421436,28.8,1257641.9213973808,0.0,0.0,0.0,0.0,1.1388632569996495,24.67235405262283,34.17792186490955
2004-09-07,,38237.0,33.05,34.03,33.03,33.88,22098800.0,29.72,0.03194444444444433,22098.8,820.0,0.8772136953955112,1.0515820543093248,0.17436835891381364,1.0515820543093248,10.397134235570686,48.19,0.8772136953955135,SELL,0.0,1449095.2235074965,1449095.2235074965,28.99191263282172,29.851582054309326,28.974368358913814,29.72,1297816.5938864637,0.0,0.0,0.0,0.0,1.0969709525196503,24.90001164309112,34.17792186490955
2004-09-13,,38243.0,33.88,34.24,33.49,34.22,16472900.0,30.01,0.009757738896366108,16472.9,821.0,0.657729398012858,0.3075394506136817,0.3501899473991763,0.657729398012858,9.559085337959642,48.19,0.8769725306838108,SELL,0.0,1449095.2235074965,1449095.2235074965,29.71182933956751,30.02753945061368,29.369810052600823,30.01,1310480.349344979,0.0,0.0,0.0,0.0,1.0777316054772623,25.06908562045318,34.17792186490955
2004-09-20,,38250.0,34.05,34.53,33.21,33.41,16794300.0,29.48,-0.01766077974008673,16794.3,822.0,1.1647291230170609,0.4582550134690244,0.7064741095480365,1.1647291230170609,9.557219514552328,48.19,0.8823705477401976,SELL,0.0,1449095.2235074965,1449095.2235074965,30.044717150553726,30.468255013469026,29.303525890451965,29.48,1287336.2445414856,0.0,0.0,0.0,0.0,1.0690900799501741,25.177518702563596,34.17792186490955
2004-09-27,,38257.0,33.12,33.99,33.01,33.97,16700900.0,29.97,0.01662143826322926,16700.9,823.0,0.8646040624080094,0.5076449808654715,0.35695908154253786,0.8646040624080094,9.114702725080864,48.19,0.8822490432734766,SELL,0.0,1449095.2235074965,1449095.2235074965,29.220088313217545,29.987644980865472,29.123040918457463,29.97,1308733.6244541493,0.0,0.0,0.0,0.0,1.0986422316309248,25.186077347751958,34.17792186490955
2004-10-04,,38264.0,34.0,34.4,33.5,33.74,14932700.0,29.77,-0.006673340006673301,14932.7,824.0,0.794101956135151,0.38234143449911073,0.41176052163604027,0.794101956135151,8.115886934661376,48.19,0.8823355068168346,SELL,0.0,1449095.2235074965,1449095.2235074965,29.999407231772377,30.35234143449911,29.55823947836396,29.77,1300000.0000000007,0.0,0.0,0.0,0.0,1.1086813879506094,25.24195506670884,34.17792186490955
2004-10-11,,38271.0,33.8,34.28,33.4,33.55,12798100.0,29.6,-0.0057104467584816465,12798.1,825.0,0.776393442622954,0.4740536512667717,0.3023397913561823,0.776393442622954,8.247648437230827,48.19,0.8822652757078988,SELL,0.0,1449095.2235074965,1449095.2235074965,29.82056631892698,30.24405365126677,29.467660208643817,29.6,1292576.4192139746,0.0,0.0,0.0,0.0,1.1224396603807123,25.271705727097,34.17792186490955
2004-10-18,,38278.0,33.4,34.1,32.74,32.95,16218500.0,29.07,-0.017905405405405417,16218.5,826.0,1.1998543247344458,0.48458270106221235,0.7152716236722334,1.1998543247344458,8.62566591902697,48.19,0.882245827010622,SELL,0.0,1449095.2235074965,1449095.2235074965,29.467010622154774,30.084582701062214,28.884728376327768,29.07,1269432.3144104811,0.0,0.0,0.0,0.0,1.1295954327815554,25.29064556438757,34.17792186490955
2004-10-25,,38285.0,33.1,34.15,32.65,34.12,16825800.0,30.1,0.035431716546267644,16825.8,827.0,1.3232708089097294,1.0564654161781952,0.26680539273153414,1.3232708089097294,9.530775077402577,48.19,0.8821805392731537,SELL,0.0,1449095.2235074965,1449095.2235074965,29.200175849941388,30.126465416178196,28.803194607268466,30.1,1314410.4803493458,0.0,0.0,0.0,0.0,1.1645702191625062,25.232476891118115,34.17792186490955
2004-11-01,,38292.0,34.1,35.4,33.81,35.19,18973800.0,31.05,0.03156146179401986,18973.8,828.0,1.4029411764705877,1.1352941176470601,0.2676470588235276,1.4029411764705877,10.261340385133469,48.19,0.8823529411764707,SELL,0.0,1449095.2235074965,1449095.2235074965,30.088235294117652,31.23529411764706,29.832352941176474,31.05,1355895.196506551,0.0,0.0,0.0,0.0,1.2446987886073695,25.0875213211645,34.17792186490955
2004-11-08,,38299.0,35.09,36.25,34.92,36.25,15897500.0,31.98,0.02995169082125604,15897.5,829.0,1.1733351724137933,0.9299999999999997,0.24333517241379354,1.1733351724137933,10.396621627471765,48.19,0.8822068965517241,SELL,0.0,1449095.2235074965,1449095.2235074965,30.956640000000004,31.98,30.806664827586207,31.98,1396506.5502183414,0.0,0.0,0.0,0.0,1.368036800559865,24.848444583966184,34.17792186490955
2004-11-15,,38306.0,36.25,36.86,35.85,36.27,16727600.0,32.0,0.0006253908692932519,16727.6,830.0,0.8910945685139211,0.5405403915081273,0.35055417700579383,0.8910945685139211,10.655916261361835,48.19,0.8822718500137854,SELL,0.0,1449095.2235074965,1449095.2235074965,31.98235456299972,32.52054039150813,31.629445822994207,32.0,1397379.9126637562,0.0,0.0,0.0,0.0,1.4829675459750142,24.640386013111247,34.17792186490955
2004-11-22,,38313.0,36.25,36.27,35.44,35.44,15268800.0,31.27,-0.022812500000000013,15268.8,831.0,0.7323391647855608,0.002339164785560399,0.7300000000000004,0.7323391647855608,10.175482974437946,48.19,0.8823363431151242,SELL,0.0,1449095.2235074965,1449095.2235074965,31.984692437923254,32.00233916478556,31.27,31.27,1365502.183406114,0.0,0.0,0.0,0.0,1.5499658609584603,24.544109737847755,34.17792186490955
2004-11-29,,38320.0,35.57,36.09,35.12,35.83,19510100.0,31.61,0.010873041253597782,19510.1,832.0,0.8557549539492122,0.5693776165224733,0.2863773374267389,0.8557549539492122,10.16565063170595,48.19,0.8822216020094893,SELL,0.0,1449095.2235074965,1449095.2235074965,31.380622383477533,31.839377616522473,30.98362266257326,31.61,1380349.3449781665,0.0,0.0,0.0,0.0,1.626108920123967,24.43350818749496,34.17792186490955
2004-12-06,,38327.0,35.65,36.81,35.27,36.69,18955600.0,32.37,0.024043024359379883,18955.6,833.0,1.358675388389205,0.8658708094848748,0.49280457890433027,1.358675388389205,10.792954445321566,48.19,0.8822567457072772,SELL,0.0,1449095.2235074965,1449095.2235074965,31.45245298446443,32.475870809484874,31.11719542109567,32.37,1413537.1179039306,0.0,0.0,0.0,0.0,1.7319345436631446,24.266992909134814,34.17792186490955
2004-12-13,,38334.0,36.85,37.75,36.26,36.75,26755800.0,32.42,0.0015446400988570197,26755.8,834.0,1.3144435374149666,0.9321768707483002,0.3822666666666663,1.3144435374149666,11.390787883979359,48.19,0.8821768707482993,SELL,0.0,1449095.2235074965,1449095.2235074965,32.50821768707483,33.3021768707483,31.98773333333333,32.42,1415720.5240174679,0.0,0.0,0.0,0.0,1.8295533111289257,24.116848429494755,34.17792186490955
2004-12-20,,38341.0,36.92,37.24,36.66,36.77,15375900.0,32.64,0.006785934608266375,15375.9,835.0,0.5148545009518699,0.637209681805821,0.12235518085395114,0.637209681805821,10.765627169614218,48.19,0.887680174054936,SELL,0.0,1449095.2235074965,1449095.2235074965,32.77315202610824,33.05720968180582,32.54235518085395,32.64,1425327.510917031,0.0,0.0,0.0,0.0,1.89945547787597,24.087458866285687,34.17792186490955
2004-12-27,,38348.0,36.85,36.94,36.4,36.5,11507000.0,32.4,-0.007352941176470673,11507.0,836.0,0.479342465753426,0.15057534246574988,0.3287671232876761,0.479342465753426,9.82792901055166,48.19,0.8876712328767122,SELL,0.0,1449095.2235074965,1449095.2235074965,32.71068493150685,32.79057534246575,32.311232876712324,32.4,1414847.1615720526,0.0,0.0,0.0,0.0,1.9328950832200775,24.153128145608346,34.17792186490955
2005-01-03,,38355.0,36.71,36.89,35.85,36.0,18834400.0,31.95,-0.01388888888888884,18834.4,837.0,0.9229999999999983,0.33987499999999926,0.583124999999999,0.9229999999999983,9.29466103669545,48.19,0.8875,SELL,0.0,1449095.2235074965,1449095.2235074965,32.580125,32.739875,31.816875,31.95,1395196.5065502184,0.0,0.0,0.0,0.0,1.9357750040101573,24.285196636316076,34.17792186490955
2005-01-10,,38362.0,35.88,36.14,35.1,35.52,17470200.0,31.53,-0.013145539906103232,17470.2,838.0,0.9231756756756724,0.13035472972972784,0.7928209459459445,0.9231756756756724,9.01670604031976,48.19,0.8876689189189189,SELL,0.0,1449095.2235074965,1449095.2235074965,31.84956081081081,32.08035472972973,31.157179054054055,31.53,1376855.8951965068,0.0,0.0,0.0,0.0,1.942832278796324,24.376090034716515,34.17792186490955
2005-01-18,,38370.0,35.28,35.98,35.07,35.13,19742400.0,31.18,-0.01110053916904541,19742.4,839.0,0.8076800455451156,0.40442641616851205,0.4032536293766036,0.8076800455451156,8.924023237021087,48.19,0.8875604896100199,SELL,0.0,1449095.2235074965,1449095.2235074965,31.313134073441503,31.934426416168513,31.126746370623398,31.18,1361572.0524017469,0.0,0.0,0.0,0.0,1.9430991699587874,24.4678618312006,34.17792186490955
2005-01-24,,38376.0,35.22,36.1,34.95,35.75,20549600.0,31.73,0.017639512508017985,20549.6,840.0,1.0206853146853128,0.860643356643358,0.16004195804195476,1.0206853146853128,9.244407848020812,48.19,0.8875524475524476,SELL,0.0,1449095.2235074965,1449095.2235074965,31.259597202797202,32.04064335664336,31.019958041958045,31.73,1385589.519650655,0.0,0.0,0.0,0.0,1.948712016868427,24.56358581148747,34.17792186490955
2005-01-31,,38383.0,35.95,36.38,35.89,36.25,16121100.0,32.17,0.013867002836432496,16121.1,841.0,0.4348496551724139,0.5553682758620688,0.12051862068965491,0.5553682758620688,8.91064487236843,48.19,0.887448275862069,SELL,0.0,1449095.2235074965,1449095.2235074965,31.903765517241382,32.28536827586207,31.850518620689655,32.17,1404803.4934497818,0.0,0.0,0.0,0.0,1.9462497074770562,24.7016928044781,34.17792186490955
2005-02-07,,38390.0,36.05,36.53,35.87,36.23,15930200.0,32.16,-0.00031084861672381336,15930.2,842.0,0.5858570245652786,0.25629864752966824,0.3295583770356103,0.5858570245652786,8.051957801452955,48.19,0.8876621584322385,SELL,0.0,1449095.2235074965,1449095.2235074965,32.000220811482194,32.42629864752967,31.84044162296439,32.16,1404366.812227074,0.0,0.0,0.0,0.0,1.907492444061574,24.946146938626555,34.17792186490955
2005-02-14,,38397.0,36.23,36.61,35.69,35.88,15590900.0,31.85,-0.009639303482586903,15590.9,843.0,0.8166666666666664,0.33800724637681157,0.47865942028985486,0.8166666666666664,7.4988723895104,48.19,0.8876811594202898,SELL,0.0,1449095.2235074965,1449095.2235074965,32.160688405797096,32.49800724637681,31.68134057971014,31.85,1390829.6943231442,0.0,0.0,0.0,0.0,1.8499278246930182,25.22883897485282,34.17792186490955
2005-02-22,,38405.0,35.59,35.91,35.05,35.62,17836800.0,31.81,-0.0012558869701727593,17836.8,844.0,0.7680123526108922,0.21898090960134198,0.5490314430095502,0.7680123526108922,7.644208690404923,48.19,0.8930376193149916,SELL,0.0,1449095.2235074965,1449095.2235074965,31.783208871420555,32.06898090960134,31.30096855699045,31.81,1389082.9694323144,0.0,0.0,0.0,0.0,1.7859194796698101,25.523250081313282,34.17792186490955
2005-02-28,,38411.0,35.42,36.23,35.06,36.12,18174100.0,32.26,0.014146494812951937,18174.1,845.0,1.0449667774086357,0.5482447397563668,0.49672203765226897,1.0449667774086357,8.272680147799601,48.19,0.8931339977851606,SELL,0.0,1449095.2235074965,1449095.2235074965,31.63480620155039,32.358244739756366,31.31327796234773,32.26,1408733.6244541483,0.0,0.0,0.0,0.0,1.7426002984388407,25.766669985610214,34.17792186490955
2005-03-07,,38418.0,36.17,36.28,35.7,35.82,13730000.0,31.99,-0.00836949783013019,13730.0,846.0,0.5179843662758223,0.14081518704634277,0.37716917922947957,0.5179843662758223,7.822662776994961,48.19,0.8930764935790061,SELL,0.0,1449095.2235074965,1449095.2235074965,32.30257677275265,32.40081518704634,31.88283082077052,31.99,1396943.231441048,0.0,0.0,0.0,0.0,1.6997329810943589,25.992374864337272,34.17792186490955
2005-03-14,,38425.0,35.8,36.48,35.27,35.88,21978600.0,32.05,0.0018755861206627422,21978.6,847.0,1.0808389074693352,0.5959531772575168,0.48488573021181836,1.0808389074693352,7.997844145654587,48.19,0.8932552954292083,SELL,0.0,1449095.2235074965,1449095.2235074965,31.978539576365655,32.585953177257515,31.50511426978818,32.05,1399563.3187772925,0.0,0.0,0.0,0.0,1.653419797141657,26.225718799828783,34.17792186490955
2005-03-21,,38432.0,35.73,36.19,35.38,35.73,18919600.0,31.91,-0.004368174726989027,18919.6,848.0,0.7234005037783291,0.2708200391827589,0.4525804645955702,0.7234005037783291,7.904200210358157,48.19,0.8930870417016513,SELL,0.0,1449095.2235074965,1449095.2235074965,31.91,32.320820039182756,31.597419535404427,31.91,1393449.781659389,0.0,0.0,0.0,0.0,1.6044256164109778,26.45698473946036,34.17792186490955
2005-03-28,,38439.0,35.9,36.22,35.43,35.47,17864900.0,31.68,-0.0072077718583516415,17864.9,849.0,0.7055878206935482,0.4398618550888109,0.26572596560473727,0.7055878206935482,7.554091883700641,48.19,0.89314914011841,SELL,0.0,1449095.2235074965,1449095.2235074965,32.064054130250916,32.34986185508881,31.644274034395263,31.68,1383406.1135371183,0.0,0.0,0.0,0.0,1.581246054185833,26.594689742584197,34.17792186490955
2005-04-04,,38446.0,35.52,35.96,35.02,35.74,16401300.0,31.92,0.007575757575757569,16401.3,850.0,0.8395299384443184,0.4364857302742067,0.4030442081701118,0.8395299384443184,7.869827064347584,48.19,0.8931169557918299,SELL,0.0,1449095.2235074965,1449095.2235074965,31.7235142697258,32.116485730274206,31.276955791829888,31.92,1393886.4628820964,0.0,0.0,0.0,0.0,1.5514941849165742,26.75906941575734,34.17792186490955
2005-04-11,,38453.0,35.76,36.49,35.4,35.75,23654400.0,31.93,0.00031328320801993215,23654.4,851.0,0.9735300699300744,0.6709286713286744,0.3026013986014,0.9735300699300744,8.30057489253069,48.19,0.8931468531468532,SELL,0.0,1449095.2235074965,1449095.2235074965,31.938931468531468,32.590928671328676,31.6173986013986,31.93,1394323.144104804,0.0,0.0,0.0,0.0,1.4961345395319139,26.99868804141412,34.17792186490955
2005-04-18,,38460.0,35.75,36.38,35.35,36.1,22070300.0,32.24,0.009708737864077666,22070.3,852.0,0.9198670360110803,0.5600609418282545,0.35980609418282583,0.9198670360110803,8.41524196958004,48.19,0.8930747922437673,SELL,0.0,1449095.2235074965,1449095.2235074965,31.92742382271468,32.490060941828254,31.570193905817174,32.24,1407860.2620087343,0.0,0.0,0.0,0.0,1.4591047103006205,27.18931139498016,34.17792186490955
2005-04-25,,38467.0,36.35,36.6,35.61,36.2,19519700.0,32.33,0.0027915632754340614,19519.7,853.0,0.8841629834254157,0.4472375690607677,0.43692541436464793,0.8841629834254157,8.544298226040622,48.19,0.8930939226519335,SELL,0.0,1449095.2235074965,1449095.2235074965,32.46396408839779,32.68723756906077,31.803074585635354,32.33,1411790.393013101,0.0,0.0,0.0,0.0,1.4478605110604905,27.29815360039756,34.17792186490955
2005-05-02,,38474.0,36.08,36.34,35.73,35.85,18195500.0,32.02,-0.009588617383235243,18195.5,854.0,0.5448312412831271,0.12765132496513587,0.41717991631799123,0.5448312412831271,7.9885920747900565,48.19,0.893165969316597,SELL,0.0,1449095.2235074965,1449095.2235074965,32.22542817294282,32.457651324965134,31.912820083682007,32.02,1398253.2751091712,0.0,0.0,0.0,0.0,1.406560307160629,27.48676996380575,34.17792186490955
2005-05-09,,38481.0,35.84,36.31,35.56,35.7,16417300.0,31.88,-0.004372267332917068,16417.3,855.0,0.6697478991596633,0.4047282913165233,0.26501960784313994,0.6697478991596633,8.157218222438768,48.19,0.8929971988795518,SELL,0.0,1449095.2235074965,1449095.2235074965,32.00501960784314,32.42472829131653,31.754980392156863,31.88,1392139.737991267,0.0,0.0,0.0,0.0,1.3819921132448518,27.61453191200982,34.17792186490955
2005-05-16,,38488.0,35.85,37.07,35.8,37.0,16891200.0,33.05,0.03670012547051438,16891.2,856.0,1.1344189189189215,1.2325270270270217,0.09810810810810011,1.2325270270270217,8.325760577502864,48.19,0.8932432432432431,SELL,0.0,1449095.2235074965,1449095.2235074965,32.022770270270264,33.11252702702702,31.9781081081081,33.05,1443231.4410480354,0.0,0.0,0.0,0.0,1.3050001310569328,27.938719184552784,34.17792186490955
2005-05-23,,38495.0,36.83,37.34,36.76,36.88,12044000.0,32.94,-0.003328290468986417,12044.0,857.0,0.518036876355751,0.3008568329718031,0.21718004338394792,0.518036876355751,8.097578769255556,48.19,0.8931670281995661,SELL,0.0,1449095.2235074965,1449095.2235074965,32.89534164859002,33.3508568329718,32.83281995661605,32.94,1438427.9475982538,0.0,0.0,0.0,0.0,1.2277697021036895,28.25301476913102,34.17792186490955
2005-05-31,,38503.0,36.88,37.01,36.46,36.7,16704300.0,32.78,-0.004857316332726014,16704.3,858.0,0.4912534059945486,0.11688828337874924,0.37436512261579935,0.4912534059945486,7.8594294195900005,48.19,0.8931880108991825,SELL,0.0,1449095.2235074965,1449095.2235074965,32.94077384196186,33.05688828337875,32.5656348773842,32.78,1431441.0480349353,0.0,0.0,0.0,0.0,1.171981040710956,28.49346203236895,34.17792186490955
2005-06-06,,38509.0,36.65,37.13,36.36,36.63,13460200.0,32.72,-0.0018303843807200293,13460.2,859.0,0.6878078078078076,0.38662844662844265,0.30117936117936495,0.6878078078078076,7.690849274438322,48.19,0.8932568932568932,SELL,0.0,1449095.2235074965,1449095.2235074965,32.737865137865136,33.166628446628444,32.478820638820636,32.72,1428820.9606986905,0.0,0.0,0.0,0.0,1.1088248035525872,28.74842579599658,34.17792186490955
2005-06-13,,38516.0,36.62,36.86,36.06,36.5,19628100.0,32.6,-0.003667481662591565,19628.1,860.0,0.7145205479451988,0.20153424657534202,0.5129863013698568,0.7145205479451988,7.403060916677349,48.19,0.8931506849315068,SELL,0.0,1449095.2235074965,1449095.2235074965,32.70717808219178,32.92153424657534,32.20701369863014,32.6,1423580.7860262017,0.0,0.0,0.0,0.0,1.0338335928381703,29.028586749611883,34.17792186490955
2005-06-20,,38523.0,36.32,36.41,34.15,34.78,36751700.0,31.26,-0.04110429447852759,36751.7,861.0,2.031270845313397,0.12503162737205287,1.9062392179413443,2.031270845313397,8.637954038124368,48.19,0.8987924094307074,SELL,0.0,1449095.2235074965,1449095.2235074965,32.64414031052329,32.725031627372054,30.693760782058657,31.260000000000005,1365065.502183407,0.0,0.0,0.0,0.0,0.9914768246778599,29.172039645622412,34.17792186490955
2005-06-27,,38530.0,34.72,35.38,34.55,34.74,25221600.0,31.22,-0.001279590531030106,25221.6,862.0,0.7459009786989128,0.5351525618883102,0.21074841681060263,0.7459009786989128,8.484329588428253,48.19,0.8986758779504893,SELL,0.0,1449095.2235074965,1449095.2235074965,31.20202648244099,31.795152561888315,31.049251583189402,31.22,1363318.777292577,0.0,0.0,0.0,0.0,0.9596988547099908,29.28099676566404,34.17792186490955
2005-07-05,,38538.0,34.63,35.12,33.93,34.99,26992300.0,31.44,0.007046764894298674,26992.3,863.0,1.0692655044298363,0.3368105172906546,0.7324549871391817,1.0692655044298363,9.06703432525793,48.19,0.8985424406973421,SELL,0.0,1449095.2235074965,1449095.2235074965,31.11652472134896,31.556810517290653,30.487545012860817,31.44,1372925.7641921407,0.0,0.0,0.0,0.0,0.8955832532347757,29.489090647400857,34.17792186490955
2005-07-11,,38544.0,35.19,35.78,34.95,35.53,25861600.0,31.93,0.015585241730279753,25861.6,864.0,0.7459020546017392,0.7146692935547385,0.03123276104700068,0.7459020546017392,9.151650053526904,48.19,0.8986771742189699,SELL,0.0,1449095.2235074965,1449095.2235074965,31.624449760765547,32.15466929355474,31.408767238953,31.93,1394323.1441048044,0.0,0.0,0.0,0.0,0.8517012404444866,29.646600557425362,34.17792186490955
2005-07-18,,38551.0,35.38,35.49,34.87,35.07,17872400.0,31.52,-0.012840588787973672,17872.4,865.0,0.5572398061020856,0.03251497005987858,0.5897547761619641,0.5897547761619641,8.43745866367684,48.19,0.8987738808098089,SELL,0.0,1449095.2235074965,1449095.2235074965,31.79861990305104,31.89748502994012,31.340245223838036,31.52,1376419.2139738,0.0,0.0,0.0,0.0,0.7918566049534074,29.83889507298233,34.17792186490955
2005-07-25,,38558.0,35.2,35.2,34.49,34.5,17441100.0,31.0,-0.016497461928933976,17441.1,866.0,0.6379710144927557,0.10898550724638056,0.5289855072463752,0.6379710144927557,8.570718817162401,48.19,0.8985507246376812,SELL,0.0,1449095.2235074965,1449095.2235074965,31.62898550724638,31.62898550724638,30.991014492753624,31.0,1353711.790393014,0.0,0.0,0.0,0.0,0.7226105262418875,30.046156611224546,34.17792186490955
2005-08-01,,38565.0,34.57,34.62,33.75,33.81,18777200.0,30.38,-0.020000000000000018,18777.2,867.0,0.7817391304347794,0.10782608695651419,0.6739130434782652,0.7817391304347794,8.8934807332071,48.19,0.898550724637681,SELL,0.0,1449095.2235074965,1449095.2235074965,31.062898550724633,31.107826086956514,30.326086956521735,30.38,1326637.5545851535,0.0,0.0,0.0,0.0,0.6206294898830248,30.333060421633895,34.17792186490955
2005-08-08,,38572.0,33.85,34.56,33.7,34.25,18187100.0,30.78,0.013166556945358954,18187.1,868.0,0.7728700729926992,0.6785927007299328,0.09427737226276633,0.7728700729926992,8.987994361190314,48.19,0.8986861313868614,SELL,0.0,1449095.2235074965,1449095.2235074965,30.42052554744526,31.058592700729932,30.285722627737233,30.78,1344104.8034934506,0.0,0.0,0.0,0.0,0.5805052262196178,30.44995644664607,34.17792186490955
2005-08-15,,38579.0,34.12,34.38,33.86,33.95,14719300.0,30.51,-0.00877192982456143,14719.3,869.0,0.46731075110457,0.11643004418262137,0.3508807069219486,0.46731075110457,8.713316809145171,48.19,0.8986745213549336,SELL,0.0,1449095.2235074965,1449095.2235074965,30.662774668630334,30.896430044182623,30.429119293078053,30.509999999999998,1332314.41048035,0.0,0.0,0.0,0.0,0.6052663977576453,30.374882786093686,34.17792186490955
2005-08-22,,38586.0,34.07,34.24,33.31,33.38,16464600.0,30.0,-0.01671583087512296,16464.6,870.0,0.8358298382264806,0.26291791491911454,0.5729119233073661,0.8358298382264806,7.385049023493041,48.19,0.8987417615338525,SELL,0.0,1449095.2235074965,1449095.2235074965,30.620131815458357,30.772917914919113,29.937088076692632,30.0,1310043.6681222715,0.0,0.0,0.0,0.0,0.6713818578482752,30.161301452940286,34.17792186490955
2005-08-29,,38593.0,33.17,33.68,32.85,33.33,23936700.0,29.95,-0.0016666666666667052,23936.7,871.0,0.7458295829582937,0.26450645064506517,0.48132313231322854,0.7458295829582937,7.384969694892353,48.19,0.8985898589858986,SELL,0.0,1449095.2235074965,1449095.2235074965,29.80622562256226,30.264506450645065,29.51867686768677,29.95,1307860.2620087343,0.0,0.0,0.0,0.0,0.7312518094363961,29.961626573969987,34.17792186490955
2005-09-06,,38601.0,33.45,34.23,33.45,33.98,21681700.0,30.54,0.01969949916527547,21681.7,872.0,0.7010359034726257,0.8146909947027652,0.1136550912301395,0.8146909947027652,7.102109128528942,48.19,0.8987639788110654,SELL,0.0,1449095.2235074965,1449095.2235074965,30.06365509123014,30.764690994702764,30.06365509123014,30.54,1333624.4541484723,0.0,0.0,0.0,0.0,0.7522753112801446,29.891262941311837,34.17792186490955
2005-09-12,,38607.0,34.0,34.58,33.99,34.47,24212900.0,30.98,0.014407334643091074,24212.9,873.0,0.5302639976791355,0.5388627792283138,0.00859878154917837,0.5388627792283138,6.872065489225135,48.19,0.8987525384392225,SELL,0.0,1449095.2235074965,1449095.2235074965,30.557586306933565,31.078862779228313,30.548598781549178,30.98,1352838.427947599,0.0,0.0,0.0,0.0,0.7618002098882315,29.85208484113308,34.17792186490955
2005-09-19,,38614.0,34.3,34.33,33.16,33.4,20426500.0,30.21,-0.024854744996772093,20426.5,874.0,1.0582544910179656,0.07117664670658641,0.9870778443113792,1.0582544910179656,7.392620727954026,48.19,0.9044910179640719,SELL,0.0,1449095.2235074965,1449095.2235074965,31.024041916167665,31.051176646706587,29.99292215568862,30.21,1319213.9737991274,0.0,0.0,0.0,0.0,0.7916604287092306,29.724751367251315,34.17792186490955
2005-09-26,,38621.0,33.58,33.84,33.08,33.67,20289900.0,30.46,0.00827540549486927,20289.9,875.0,0.6875438075438112,0.40379269379269545,0.2837511137511157,0.6875438075438112,7.447701609121865,48.19,0.9046629046629047,SELL,0.0,1449095.2235074965,1449095.2235074965,30.37858033858034,30.613792693792696,29.926248886248885,30.46,1330131.004366813,0.0,0.0,0.0,0.0,0.8060226894122388,29.64104083744502,34.17792186490955
2005-10-03,,38628.0,33.6,34.3,32.67,34.22,27314600.0,30.96,0.01641497045305318,27314.6,876.0,1.4747165400350646,0.5723787258912907,0.9023378141437739,1.4747165400350646,8.217676508677737,48.19,0.9047340736411456,SELL,0.0,1449095.2235074965,1449095.2235074965,30.399064874342493,31.03237872589129,29.557662185856227,30.96,1351965.0655021842,0.0,0.0,0.0,0.0,0.7976218370150289,29.621067358681945,34.17792186490955
2005-10-10,,38635.0,34.23,34.48,33.58,34.34,20435200.0,31.06,0.00322997416020665,20435.2,877.0,0.8140361094933013,0.22662783925450825,0.587408270238793,0.8140361094933013,8.263416549233963,48.19,0.9044845661036691,SELL,0.0,1449095.2235074965,1449095.2235074965,30.96050669772859,31.18662783925451,30.372591729761208,31.060000000000002,1356331.8777292587,0.0,0.0,0.0,0.0,0.7922268106119884,29.601871997860275,34.17792186490955
2005-10-17,,38642.0,34.21,34.5,33.65,33.73,21962100.0,30.51,-0.017707662588538176,21962.1,878.0,0.7688556181440873,0.1464927364364108,0.6223628817076765,0.7688556181440873,8.598466401500092,48.19,0.904536021345983,SELL,0.0,1449095.2235074965,1449095.2235074965,30.944177290246078,31.206492736436413,30.437637118292326,30.510000000000005,1332314.4104803507,0.0,0.0,0.0,0.0,0.8069364661731684,29.52997590773781,34.17792186490955
2005-10-24,,38649.0,33.76,34.2,33.41,34.05,19126400.0,30.8,0.009505080301540403,19126.4,879.0,0.7145961820851738,0.4256828193832618,0.28891336270191204,0.7145961820851738,8.463762339120862,48.19,0.9045521292217329,SELL,0.0,1449095.2235074965,1449095.2235074965,30.5376798825257,30.935682819383267,30.221086637298093,30.8,1344978.1659388659,0.0,0.0,0.0,0.0,0.8151341389524348,29.49167684774086,34.17792186490955
2005-10-31,,38656.0,34.0,34.15,33.51,34.02,20854000.0,30.77,-0.0009740259740259605,20854.0,880.0,0.5788594944150525,0.08758083480305245,0.491278659612,0.5788594944150525,8.27824001851726,48.19,0.9044679600235155,SELL,0.0,1449095.2235074965,1449095.2235074965,30.751910640799526,30.887580834803053,30.308721340388,30.77,1343668.1222707434,0.0,0.0,0.0,0.0,0.8218478620689958,29.464892539949464,34.17792186490955
2005-11-07,,38663.0,34.1,34.78,33.71,34.65,18088400.0,31.34,0.018524536886577847,18088.4,881.0,0.9677864357864365,0.6875815295815322,0.28020490620490435,0.9677864357864365,8.448346064165785,48.19,0.9044733044733045,SELL,0.0,1449095.2235074965,1449095.2235074965,30.842539682539687,31.45758152958153,30.489795093795095,31.34,1368558.9519650664,0.0,0.0,0.0,0.0,0.8216135225809842,29.45596619354754,34.17792186490955
2005-11-14,,38670.0,34.66,35.8,34.29,35.75,24191400.0,32.34,0.0319081046585834,24191.4,882.0,1.365969230769231,1.0452307692307734,0.32073846153845764,1.365969230769231,9.367353232544582,48.19,0.9046153846153847,SELL,0.0,1449095.2235074965,1449095.2235074965,31.35396923076923,32.38523076923077,31.019261538461542,32.34,1412227.074235809,0.0,0.0,0.0,0.0,0.8253542494717806,29.450760717783957,34.17792186490955
2005-11-21,,38677.0,35.76,36.34,35.65,36.2,21620600.0,32.75,0.01267779839208405,21620.6,883.0,0.6242403314917127,0.536657458563532,0.08758287292818068,0.6242403314917127,8.885115277515412,48.19,0.904696132596685,SELL,0.0,1449095.2235074965,1449095.2235074965,32.35193370165745,32.876657458563535,32.25241712707182,32.75,1430131.0043668132,0.0,0.0,0.0,0.0,0.8414753622339712,29.42484817978092,34.17792186490955
2005-11-28,,38684.0,36.2,36.23,35.26,35.5,22627400.0,32.11,-0.019541984732824424,22627.4,884.0,0.8773718309859113,0.020290140845062865,0.8570816901408485,0.8773718309859113,9.09603530356219,48.19,0.9045070422535211,SELL,0.0,1449095.2235074965,1449095.2235074965,32.743154929577464,32.77029014084506,31.89291830985915,32.11,1402183.4061135382,0.0,0.0,0.0,0.0,0.8448469971202528,29.422760555979846,34.17792186490955
2005-12-05,,38691.0,35.42,36.1,35.27,35.53,23626700.0,32.14,0.0009342883836811477,23626.7,885.0,0.750807768083309,0.5456149732620332,0.20519279482127573,0.750807768083309,8.291692223615795,48.19,0.90458767238953,SELL,0.0,1449095.2235074965,1449095.2235074965,32.040495356037155,32.65561497326203,31.904807205178724,32.14,1403493.4497816607,0.0,0.0,0.0,0.0,0.8489914932562324,29.42044809612771,34.17792186490955
2005-12-12,,38698.0,35.66,36.26,35.35,36.06,25957200.0,32.62,0.014934660858742843,25957.2,886.0,0.8231891292290605,0.6609206877426459,0.16226844148641462,0.8231891292290605,8.301862245544417,48.19,0.9046034387132555,SELL,0.0,1449095.2235074965,1449095.2235074965,32.25815862451469,32.80092068774265,31.977731558513586,32.62,1424454.148471617,0.0,0.0,0.0,0.0,0.8581741890357287,29.406271844483843,34.17792186490955
2005-12-19,,38705.0,36.0,36.11,35.17,35.42,18623600.0,32.27,-0.010729613733905352,18623.6,887.0,0.8564031620553294,0.278636363636366,0.5777667984189634,0.8564031620553294,8.399137294334686,48.19,0.9110671936758894,SELL,0.0,1449095.2235074965,1449095.2235074965,32.798418972332016,32.89863636363636,32.042233201581034,32.27,1409170.3056768572,0.0,0.0,0.0,0.0,0.862736884332919,29.40169437453355,34.17792186490955
2005-12-27,,38713.0,35.57,35.6,34.95,35.05,17016900.0,31.93,-0.010536101642392381,17016.9,888.0,0.592139800285306,0.16104136947218706,0.43109843081311894,0.592139800285306,8.263074647890388,48.19,0.9109843081312412,SELL,0.0,1449095.2235074965,1449095.2235074965,32.40371184022825,32.43104136947219,31.838901569186884,31.930000000000003,1394323.1441048048,0.0,0.0,0.0,0.0,0.8612669306078935,29.402442429577818,34.17792186490955
2006-01-03,,38720.0,35.1,35.53,34.8,35.47,24545000.0,32.31,0.01190103351080496,24545.0,889.0,0.664964758951232,0.43465463772202284,0.23031012122920913,0.664964758951232,8.358747164041699,48.19,0.9109106287003103,SELL,0.0,1449095.2235074965,1449095.2235074965,31.972963067380892,32.364654637722026,31.699689878770794,32.31,1410917.0305676868,0.0,0.0,0.0,0.0,0.867469258781947,29.396692706703668,34.17792186490955
2006-01-09,,38726.0,35.4,35.55,34.8,35.1,20705500.0,31.98,-0.010213556174558991,20705.5,890.0,0.68333333333333,0.07999999999999119,0.6033333333333388,0.68333333333333,8.042688161316024,48.19,0.9111111111111111,SELL,0.0,1449095.2235074965,1449095.2235074965,32.25333333333333,32.38999999999999,31.706666666666663,31.98,1396506.5502183416,0.0,0.0,0.0,0.0,0.8696677930084007,29.398513444308268,34.17792186490955
2006-01-17,,38734.0,35.63,35.63,33.22,33.37,38403100.0,30.4,-0.049405878674171455,38403.1,891.0,2.1955049445609838,0.47885525921486405,1.7166496853461197,2.1955049445609838,8.964394509973527,48.19,0.9109979023074618,SELL,0.0,1449095.2235074965,1449095.2235074965,32.458855259214864,32.458855259214864,30.26335031465388,30.4,1327510.9170305687,0.0,0.0,0.0,0.0,0.8863106562695234,29.31983311542375,34.17792186490955
2006-01-23,,38740.0,33.53,33.67,32.65,32.95,45769600.0,30.02,-0.012499999999999956,45769.6,892.0,0.9292989377845267,0.2759757207890736,0.653323216995453,0.9292989377845267,9.303348516965542,48.19,0.9110773899848253,SELL,0.0,1449095.2235074965,1449095.2235074965,30.548424886191196,30.675975720789072,29.746676783004546,30.019999999999996,1310917.0305676865,0.0,0.0,0.0,0.0,0.9141164063089603,29.2037333744715,34.17792186490955
2006-01-30,,38747.0,32.9,33.29,32.63,32.85,33887500.0,29.93,-0.0029980013324449883,33887.5,893.0,0.6013333333333293,0.3108888888888899,0.2904444444444394,0.6013333333333293,8.996639075129341,48.19,0.9111111111111111,SELL,0.0,1449095.2235074965,1449095.2235074965,29.975555555555555,30.330888888888886,29.729555555555557,29.93,1306986.89956332,0.0,0.0,0.0,0.0,0.9369957815201813,29.090193473028815,34.17792186490955
2006-02-06,,38754.0,32.85,33.37,32.21,33.28,27918300.0,30.32,0.01303040427664559,27918.3,894.0,1.0568269230769225,0.47199519230769127,0.5848317307692312,1.0568269230769225,9.336660358455578,48.19,0.9110576923076923,SELL,0.0,1449095.2235074965,1449095.2235074965,29.928245192307692,30.40199519230769,29.34516826923077,30.32,1324017.4672489096,0.0,0.0,0.0,0.0,0.9413372846131148,29.030315325052577,34.17792186490955
2006-02-13,,38761.0,33.2,33.61,33.04,33.61,23468900.0,30.62,0.009894459102902431,23468.9,895.0,0.5192918774174373,0.3000000000000007,0.2192918774174366,0.5192918774174373,8.998996745331553,48.19,0.911038381434097,SELL,0.0,1449095.2235074965,1449095.2235074965,30.246474263612022,30.62,30.100708122582564,30.62,1337117.9039301323,0.0,0.0,0.0,0.0,0.9430256216146985,28.99194814108521,34.17792186490955
2006-02-21,,38769.0,33.61,33.75,33.02,33.14,21512300.0,30.42,-0.006531678641410799,21512.3,896.0,0.6700844900422425,0.35993361496680976,0.3101508750754327,0.6700844900422425,8.791975998650344,48.19,0.9179239589619795,SELL,0.0,1449095.2235074965,1449095.2235074965,30.851424260712133,30.97993361496681,30.30984912492457,30.42,1328384.2794759837,0.0,0.0,0.0,0.0,0.9498623213425593,28.939246635667995,34.17792186490955
2006-02-27,,38775.0,33.22,33.35,32.58,33.06,24444100.0,30.34,-0.002629848783694988,24444.1,897.0,0.7066485178463431,0.18614035087719216,0.5205081669691509,0.7066485178463431,8.919207907051497,48.19,0.9177253478523896,SELL,0.0,1449095.2235074965,1449095.2235074965,30.48683605565638,30.606140350877194,29.89949183303085,30.34,1324890.8296943242,0.0,0.0,0.0,0.0,0.9205923654861364,28.946323964333434,34.17792186490955
2006-03-06,,38782.0,33.06,33.68,32.95,33.65,23644200.0,30.89,0.018127883981542636,23644.2,898.0,0.6701248142644864,0.57753937592868,0.09258543833580646,0.6701248142644864,8.924941301844001,48.19,0.9179791976225855,SELL,0.0,1449095.2235074965,1449095.2235074965,30.34839227340268,30.91753937592868,30.247414561664193,30.89,1348908.2969432324,0.0,0.0,0.0,0.0,0.8821965717433274,28.992313448690467,34.17792186490955
2006-03-13,,38789.0,33.66,34.76,33.43,34.51,29537400.0,31.68,0.02557461961799934,29537.4,899.0,1.22093306288032,1.0194986960301335,0.20143436685018656,1.22093306288032,9.522274334673991,48.19,0.9179947841205448,SELL,0.0,1449095.2235074965,1449095.2235074965,30.899704433497536,31.909498696030134,30.688565633149814,31.68,1383406.113537119,0.0,0.0,0.0,0.0,0.8498028605766363,29.046468458314507,34.17792186490955
2006-03-20,,38796.0,34.54,34.7,33.89,33.95,17469800.0,31.16,-0.016414141414141437,17469.8,900.0,0.7434344624447746,0.1683652430044198,0.5750692194403548,0.7434344624447746,7.908862687878203,48.19,0.917820324005891,SELL,0.0,1449095.2235074965,1449095.2235074965,31.701513991163473,31.84836524300442,31.104930780559645,31.16,1360698.689956333,0.0,0.0,0.0,0.0,0.813754454193165,29.09854069378538,34.17792186490955
2006-03-27,,38803.0,33.87,35.0,33.49,34.78,28821400.0,31.92,0.024390243902439046,28821.4,901.0,1.3858309373202964,0.9619091431857392,0.4239217941345572,1.3858309373202964,8.41612046514017,48.19,0.9177688326624497,SELL,0.0,1449095.2235074965,1449095.2235074965,31.08483036227717,32.12190914318574,30.736078205865443,31.92,1393886.4628820973,0.0,0.0,0.0,0.0,0.7902755187892421,29.14065266644153,34.17792186490955
2006-04-03,,38810.0,34.79,34.99,34.01,34.03,21472800.0,31.24,-0.02130325814536349,21472.8,902.0,0.8996532471348857,0.2012929767851901,0.6983602703496956,0.8996532471348857,8.747587036030787,48.19,0.9180135174845724,SELL,0.0,1449095.2235074965,1449095.2235074965,31.937690273288272,32.12129297678519,31.221639729650306,31.24,1364192.1397379923,0.0,0.0,0.0,0.0,0.790192861947027,29.14037150366902,34.17792186490955
2006-04-10,,38817.0,34.06,34.53,33.61,33.89,27434800.0,31.11,-0.004161331626120313,27434.8,903.0,0.8445323104160529,0.4575007376807356,0.3870315727353173,0.8445323104160529,8.511704133074266,48.19,0.9179699026261434,SELL,0.0,1449095.2235074965,1449095.2235074965,31.266054883446447,31.697500737680734,30.85296842726468,31.11,1358515.2838427958,0.0,0.0,0.0,0.0,0.7900214230632655,29.138117174049157,34.17792186490955
2006-04-17,,38824.0,33.76,34.32,33.07,33.97,29597600.0,31.18,0.0022500803600129515,29597.6,904.0,1.147335884604061,0.39125404768913796,0.7560818369149231,1.147335884604061,9.20953080772607,48.19,0.9178687076832499,SELL,0.0,1449095.2235074965,1449095.2235074965,30.987247571386515,31.501254047689137,30.353918163085076,31.18,1361572.0524017478,0.0,0.0,0.0,0.0,0.7884143983547444,29.13579327240583,34.17792186490955
2006-04-24,,38831.0,33.81,34.78,33.8,34.59,22450300.0,31.75,0.01828094932649127,22450.3,905.0,0.8995374385660639,0.7444001156403566,0.15513732292570737,0.8995374385660639,9.464478528308094,48.19,0.9178953454755708,SELL,0.0,1449095.2235074965,1449095.2235074965,31.034041630529053,31.924400115640356,31.024862677074292,31.75,1386462.882096071,0.0,0.0,0.0,0.0,0.7843088630273706,29.14166686682182,34.17792186490955
2006-05-01,,38838.0,34.64,35.22,34.1,35.16,20870300.0,32.27,0.01637795275590559,20870.3,906.0,1.0279408418657532,0.5750682593856666,0.45287258248008655,1.0279408418657532,9.821469999440772,48.19,0.9178043230944256,SELL,0.0,1449095.2235074965,1449095.2235074965,31.792741751990903,32.32506825938567,31.297127417519913,32.27,1409170.3056768572,0.0,0.0,0.0,0.0,0.8023726712873142,29.114800029098785,34.17792186490955
2006-05-08,,38845.0,35.1,35.24,34.13,34.28,19991600.0,31.46,-0.025100712736287667,19991.6,907.0,1.0186872812135341,0.07102683780630059,0.9476604434072335,1.0186872812135341,10.208761629384158,48.19,0.9177362893815636,SELL,0.0,1449095.2235074965,1449095.2235074965,32.212543757292885,32.341026837806304,31.32233955659277,31.46,1373799.126637556,0.0,0.0,0.0,0.0,0.8038208134027912,29.122399186005214,34.17792186490955
2006-05-15,,38852.0,34.1,34.92,33.95,34.16,25222400.0,31.35,-0.0034965034965034336,25222.4,908.0,0.890207845433256,0.5874824355971953,0.3027254098360608,0.890207845433256,9.841289165554088,48.19,0.9177400468384076,SELL,0.0,1449095.2235074965,1449095.2235074965,31.2949355971897,32.047482435597196,31.15727459016394,31.35,1368995.633187774,0.0,0.0,0.0,0.0,0.7955732670970563,29.166676588354917,34.17792186490955
2006-05-22,,38859.0,34.05,34.53,33.7,34.33,23896100.0,31.51,0.005103668261563055,23896.1,909.0,0.761820565103406,0.3435712205068455,0.4182493445965605,0.761820565103406,9.861718168508121,48.19,0.9178561025342267,SELL,0.0,1449095.2235074965,1449095.2235074965,31.253000291290416,31.693571220506847,30.93175065540344,31.51,1375982.532751093,0.0,0.0,0.0,0.0,0.7951364655269191,29.185573470329036,34.17792186490955
2006-05-30,,38867.0,34.34,34.81,33.97,34.66,23306200.0,31.81,0.00952078705172954,23306.2,910.0,0.7709290248124674,0.4376658972879426,0.3332631275245248,0.7709290248124674,9.1784938212772,48.19,0.9177726485862666,SELL,0.0,1449095.2235074965,1449095.2235074965,31.5163127524524,31.947665897287944,31.176736872475477,31.81,1389082.9694323156,0.0,0.0,0.0,0.0,0.7939684885046853,29.22020072995779,34.17792186490955
2006-06-05,,38873.0,34.55,34.92,33.92,34.07,27617700.0,31.27,-0.01697579377554226,27617.7,911.0,0.9178162606398601,0.24014382154388514,0.677672439095975,0.9178162606398601,9.198674947393839,48.19,0.9178162606398591,SELL,0.0,1449095.2235074965,1449095.2235074965,31.71055180510713,32.050143821543884,31.132327560904024,31.27,1365502.1834061148,0.0,0.0,0.0,0.0,0.7707831875371045,29.30913959213284,34.17792186490955
2006-06-12,,38880.0,34.17,34.27,33.6,33.93,27910900.0,31.14,-0.004157339302846119,27910.9,912.0,0.6149071618037176,0.18204244031830896,0.43286472148540867,0.6149071618037176,8.943535893380133,48.19,0.9177718832891247,SELL,0.0,1449095.2235074965,1449095.2235074965,31.360265251989393,31.45204244031831,30.83713527851459,31.14,1359825.3275109183,0.0,0.0,0.0,0.0,0.7437384865312129,29.405775734891474,34.17792186490955
2006-06-19,,38887.0,33.95,33.95,33.11,33.16,24970800.0,30.66,-0.015414258188824692,24970.8,913.0,0.7766706875753933,0.25044028950543407,0.5262303980699592,0.7766706875753933,8.531685674459391,48.19,0.9246079613992764,SELL,0.0,1449095.2235074965,1449095.2235074965,31.390440289505435,31.390440289505435,30.61376960193004,30.66,1338864.6288209618,0.0,0.0,0.0,0.0,0.7411106349462258,29.41527219312224,34.17792186490955
2006-06-26,,38894.0,33.18,33.37,32.78,32.96,26105200.0,30.48,-0.005870841487279788,26105.2,914.0,0.5456067961165019,0.19915048543689196,0.3464563106796099,0.5456067961165019,8.138429405070989,48.19,0.9247572815533981,SELL,0.0,1449095.2235074965,1449095.2235074965,30.68344660194175,30.859150485436892,30.31354368932039,30.48,1331004.3668122282,0.0,0.0,0.0,0.0,0.749812905476115,29.3813213948463,34.17792186490955
2006-07-03,,38901.0,33.1,33.62,33.09,33.3,19489600.0,30.79,0.01017060367454059,19489.6,915.0,0.49005105105104363,0.605879879879879,0.11582882882883538,0.605879879879879,7.66947278064224,48.19,0.9246246246246247,SELL,0.0,1449095.2235074965,1449095.2235074965,30.605075075075078,31.08587987987988,30.595828828828836,30.79,1344541.4847161584,0.0,0.0,0.0,0.0,0.7352782781656307,29.431804304585917,34.17792186490955
2006-07-10,,38908.0,33.3,33.46,32.06,32.11,28085600.0,29.69,-0.03572588502760632,28085.6,916.0,1.2944876985362797,0.14825599501713427,1.1462317035191454,1.2944876985362797,7.975917688778623,48.19,0.9246340703830583,SELL,0.0,1449095.2235074965,1449095.2235074965,30.79031454375584,30.938255995017133,29.643768296480854,29.69,1296506.5502183419,0.0,0.0,0.0,0.0,0.7649619634158069,29.338814603655603,34.17792186490955
2006-07-17,,38915.0,32.08,33.04,32.08,32.25,25056700.0,29.82,0.004378578646008657,25056.7,917.0,0.8876651162790701,0.8604744186046496,0.027190697674420505,0.8876651162790701,7.973092434162861,48.19,0.9246511627906977,SELL,0.0,1449095.2235074965,1449095.2235074965,29.66280930232558,30.55047441860465,29.66280930232558,29.82,1302183.4061135382,0.0,0.0,0.0,0.0,0.7951640719054078,29.235504454382824,34.17792186490955
2006-07-24,,38922.0,32.48,33.23,32.29,33.02,21801200.0,30.53,0.023809523809523947,21801.2,918.0,0.8691156874621413,0.9041641429436638,0.03504845548152247,0.9041641429436638,8.131251965096482,48.19,0.9245911568746213,SELL,0.0,1449095.2235074965,1449095.2235074965,30.030720775287698,30.724164142943664,29.855048455481523,30.53,1333187.7729257653,0.0,0.0,0.0,0.0,0.8019943166868214,29.20550201316099,34.17792186490955
2006-07-31,,38929.0,32.8,32.99,32.42,32.8,18295300.0,30.33,-0.0065509335080249365,18295.3,919.0,0.5270762195121925,0.024307926829269633,0.5513841463414622,0.5513841463414622,7.8873132112398086,48.19,0.9246951219512195,SELL,0.0,1449095.2235074965,1449095.2235074965,30.33,30.50569207317073,29.97861585365854,30.33,1324454.1484716167,0.0,0.0,0.0,0.0,0.806298008361235,29.19035254007252,34.17792186490955
2006-08-07,,38936.0,32.68,32.83,32.2,32.5,19379000.0,30.05,-0.009231783712495778,19379.0,920.0,0.5825076923076864,0.02512307692307658,0.5573846153846098,0.5825076923076864,7.5147481353151715,48.19,0.9246153846153846,SELL,0.0,1449095.2235074965,1449095.2235074965,30.21643076923077,30.355123076923075,29.77261538461539,30.05,1312227.074235809,0.0,0.0,0.0,0.0,0.8236252764906153,29.128741686822238,34.17792186490955
2006-08-14,,38943.0,32.71,34.0,32.63,34.0,20749500.0,31.44,0.046256239600665605,20749.5,921.0,1.2668470588235294,1.3900000000000041,0.12315294117647468,1.3900000000000041,8.37596239997771,48.19,0.9247058823529413,SELL,0.0,1449095.2235074965,1449095.2235074965,30.24712941176471,31.440000000000005,30.173152941176475,31.440000000000005,1372925.7641921411,0.0,0.0,0.0,0.0,0.8218182565978053,29.149600699968893,34.17792186490955
2006-08-21,,38950.0,34.0,34.19,33.6,33.84,14600600.0,31.29,-0.004770992366412319,14600.6,922.0,0.5455407801418417,0.17362588652481037,0.37191489361703134,0.5455407801418417,8.11915139171821,48.19,0.9246453900709218,SELL,0.0,1449095.2235074965,1449095.2235074965,31.43794326241134,31.613625886524815,31.068085106382973,31.29,1366375.5458515293,0.0,0.0,0.0,0.0,0.8216528372072476,29.14879473625016,34.17792186490955
2006-08-28,,38957.0,33.7,34.44,33.7,34.14,16849800.0,31.57,0.008948545861297674,16849.8,923.0,0.6842940831868738,0.5574165202108965,0.1268775629759773,0.6842940831868738,8.273248377351957,48.19,0.9247217340363211,SELL,0.0,1449095.2235074965,1449095.2235074965,31.163122437024022,31.847416520210896,31.163122437024022,31.57,1378602.6200873374,0.0,0.0,0.0,0.0,0.8040597466271104,29.173996974895626,34.17792186490955
2006-09-05,,38965.0,34.08,34.15,33.83,34.01,20212700.0,31.45,-0.003801076971808759,20212.7,924.0,0.29591296677447687,0.009461922963833302,0.28645104381064357,0.29591296677447687,7.928840696123731,48.19,0.9247280211702441,SELL,0.0,1449095.2235074965,1449095.2235074965,31.514730961481916,31.579461922963834,31.283548956189357,31.45,1373362.4454148484,0.0,0.0,0.0,0.0,0.7664386456217407,29.23634241033588,34.17792186490955
2006-09-11,,38971.0,33.85,35.0,33.76,34.85,24940800.0,32.23,0.024801271860095397,24940.8,925.0,1.1467776183644247,0.9187230989956952,0.22805451936872956,1.1467776183644247,7.764718384821671,48.19,0.9248206599713055,SELL,0.0,1449095.2235074965,1449095.2235074965,31.30517934002869,32.368723098995694,31.22194548063127,32.23,1407423.5807860275,0.0,0.0,0.0,0.0,0.7703090845002147,29.229593142407996,34.17792186490955
2006-09-18,,38978.0,34.65,35.07,34.25,34.4,22045200.0,32.04,-0.0058951287620229165,22045.2,926.0,0.7637441860465124,0.43403488372093335,0.32970930232557905,0.7637441860465124,7.627028462341051,48.19,0.9313953488372093,SELL,0.0,1449095.2235074965,1449095.2235074965,32.2728488372093,32.66403488372093,31.900290697674418,32.04,1399126.6375545866,0.0,0.0,0.0,0.0,0.7673401761058561,29.234576389003646,34.17792186490955
2006-09-25,,38985.0,34.33,35.65,34.33,35.3,24953500.0,32.88,0.02621722846441954,24953.5,927.0,1.2295070821529777,1.1660056657223876,0.06350141643059004,1.2295070821529777,7.988520617018066,48.19,0.931444759206799,SELL,0.0,1449095.2235074965,1449095.2235074965,31.97649858356941,33.20600566572239,31.97649858356941,32.88,1435807.8602620105,0.0,0.0,0.0,0.0,0.7804013671649576,29.208264874770535,34.17792186490955
2006-10-02,,38992.0,35.4,36.48,35.28,36.14,25725400.0,33.66,0.023722627737226,25725.4,928.0,1.1176535694521235,1.0966685113447596,0.02098505810736384,1.1176535694521235,8.617708864918802,48.19,0.9313779745434421,SELL,0.0,1449095.2235074965,1449095.2235074965,32.970780298837845,33.97666851134476,32.85901494189264,33.66,1469868.9956331893,0.0,0.0,0.0,0.0,0.8545843063761387,29.056709965766974,34.17792186490955
2006-10-09,,38999.0,36.14,36.4,35.47,35.98,25446800.0,33.51,-0.004456327985739694,25446.8,929.0,0.8661561978877117,0.24116731517509749,0.6249888827126142,0.8661561978877117,8.93287387111883,48.19,0.9313507504168983,SELL,0.0,1449095.2235074965,1449095.2235074965,33.6590161200667,33.901167315175094,33.03501111728738,33.51,1463318.777292578,0.0,0.0,0.0,0.0,0.9200580640185857,28.93156215702671,34.17792186490955
2006-10-16,,39006.0,35.73,35.84,35.14,35.47,27548200.0,33.04,-0.014025663980901215,27548.2,930.0,0.6520439808288714,0.12534818156187555,0.7773921623907469,0.7773921623907469,8.252198495997433,48.19,0.9314914011840992,SELL,0.0,1449095.2235074965,1449095.2235074965,33.282187764307864,33.38465181843812,32.73260783760925,33.04,1442794.7598253293,0.0,0.0,0.0,0.0,0.9474096937965336,28.880987960630623,34.17792186490955
2006-10-23,,39013.0,35.28,35.79,35.17,35.21,23934600.0,32.79,-0.007566585956416461,23934.6,931.0,0.5773871059358129,0.29013632490769226,0.2872507810281206,0.5773871059358129,8.287583302435179,48.19,0.9312695257029252,SELL,0.0,1449095.2235074965,1449095.2235074965,32.8551888667992,33.33013632490769,32.75274921897188,32.79,1431877.7292576437,0.0,0.0,0.0,0.0,0.9705979807385555,28.84277334083654,34.17792186490955
2006-10-30,,39020.0,35.22,35.41,34.62,34.77,21967200.0,32.38,-0.012503812137846793,21967.2,932.0,0.735697440322113,0.18600805291917766,0.5496893874029354,0.735697440322113,8.344698143696554,48.19,0.9312625826862237,SELL,0.0,1449095.2235074965,1449095.2235074965,32.7990681622088,32.97600805291918,32.240310612597064,32.38,1413973.7991266393,0.0,0.0,0.0,0.0,0.9753918049229514,28.879081463302384,34.17792186490955
2006-11-06,,39027.0,35.02,35.75,34.9,35.17,21166500.0,32.76,0.011735639283508181,21166.5,933.0,0.7917543360818868,0.920255899914693,0.1285015638328062,0.920255899914693,9.03841251385235,48.19,0.9314756895081034,SELL,0.0,1449095.2235074965,1449095.2235074965,32.62027864657379,33.300255899914696,32.50850156383281,32.76,1430567.6855895212,0.0,0.0,0.0,0.0,0.9780619182864757,28.939235448186256,34.17792186490955
2006-11-13,,39034.0,35.28,36.27,35.18,36.25,25315300.0,33.76,0.030525030525030417,25315.3,934.0,1.0151282758620752,1.0186262068965561,0.003497931034480928,1.0186262068965561,8.89602205666583,48.19,0.9313103448275861,SELL,0.0,1449095.2235074965,1449095.2235074965,32.85662896551724,33.778626206896554,32.76349793103448,33.76,1474235.8078602636,0.0,0.0,0.0,0.0,1.0168255532929416,28.935740994816435,34.17792186490955
2006-11-20,,39041.0,36.17,36.28,35.69,35.69,17801600.0,33.24,-0.015402843601895588,17801.6,935.0,0.5494984589520939,0.029498458952097906,0.519999999999996,0.5494984589520939,8.657971248783143,48.19,0.9313533202577754,SELL,0.0,1449095.2235074965,1449095.2235074965,33.687049593723735,33.789498458952096,33.24,33.24,1451528.3842794776,0.0,0.0,0.0,0.0,1.035329109635494,28.960701616155173,34.17792186490955
2006-11-27,,39048.0,35.57,35.75,34.96,35.28,23078000.0,32.86,-0.011432009626955564,23078.0,936.0,0.7358106575963674,0.057760770975050946,0.6780498866213165,0.7358106575963674,8.109419665942465,48.19,0.9314058956916099,SELL,0.0,1449095.2235074965,1449095.2235074965,33.13010770975057,33.29776077097505,32.561950113378686,32.86,1434934.4978165955,0.0,0.0,0.0,0.0,1.043929621255488,28.993834483446648,34.17792186490955
2006-12-04,,39055.0,35.43,35.5,35.0,35.27,27465400.0,32.85,-0.00030432136335967197,27465.4,937.0,0.46569322370285704,0.20421888290331225,0.2614743407995448,0.46569322370285704,7.385019281776613,48.19,0.9313864474057272,SELL,0.0,1449095.2235074965,1449095.2235074965,32.99902183158491,33.06421888290331,32.598525659200455,32.85,1434497.8165938882,0.0,0.0,0.0,0.0,1.0440265483550637,29.052860458380636,34.17792186490955
2006-12-11,,39062.0,35.24,37.51,35.05,37.36,51323200.0,34.8,0.05936073059360725,51323.2,938.0,2.29143468950749,2.0897216274089843,0.2017130620985057,2.29143468950749,8.968662050243033,48.19,0.9314775160599571,SELL,0.0,1449095.2235074965,1449095.2235074965,32.82526766595289,34.939721627408986,32.648286937901496,34.8,1519650.6550218358,0.0,0.0,0.0,0.0,1.1293812301952006,28.94825424158517,34.17792186490955
2006-12-18,,39069.0,37.45,38.49,37.41,37.57,31747800.0,35.25,0.012931034482758674,31747.8,939.0,1.0133084908171455,1.313188714399793,0.29988022358264743,1.313188714399793,9.563991552475308,48.19,0.9382486026084642,,0.0,1449095.2235074965,1449095.2235074965,35.13741016768699,36.11318871439979,35.099880223582645,35.25,1539301.31004367,0.0,0.0,0.0,0.0,1.2410955418346314,28.775309925901226,34.17792186490955
2006-12-26,,39077.0,37.6,38.03,37.16,37.21,17536700.0,34.91,-0.009645390070922133,17536.7,940.0,0.8162241332975029,0.4293147003493658,0.38690943294813707,0.8162241332975029,9.82936602732163,48.19,0.9381886589626444,,0.0,1449095.2235074965,1449095.2235074965,35.27589357699543,35.679314700349366,34.86309056705186,34.91,1524454.1484716176,0.0,0.0,0.0,0.0,1.325657570883605,28.64268534108367,34.17792186490955
2007-01-03,,39085.0,37.41,38.15,37.31,37.56,33846200.0,35.24,0.009452878831280653,33846.2,941.0,0.7881150159744408,0.8835569755058614,0.09544195953142065,0.8835569755058614,9.993654399748017,48.19,0.9382321618743344,,0.0,1449095.2235074965,1449095.2235074965,35.09926517571885,35.79355697550586,35.00544195953142,35.24,1538864.6288209627,0.0,0.0,0.0,0.0,1.4124045507963576,28.52533008642374,34.17792186490955
2007-01-08,,39090.0,37.45,38.0,37.25,37.89,25816600.0,35.55,0.008796821793416454,25816.6,942.0,0.7036817102137789,0.41320665083134855,0.29047505938243035,0.7036817102137789,9.753016411191446,48.19,0.9382422802850355,,0.0,1449095.2235074965,1449095.2235074965,35.137173396674584,35.65320665083135,34.94952494061757,35.55,1552401.7467248926,0.0,0.0,0.0,0.0,1.5113878647822447,28.366408386824872,34.17792186490955
2007-01-16,,39098.0,38.0,38.28,36.85,36.95,41526500.0,34.67,-0.0247538677918423,41526.5,943.0,1.3417618403247644,0.36793234100135663,0.9738294993234078,1.3417618403247644,10.112056003889453,48.19,0.9382949932341001,,0.0,1449095.2235074965,1449095.2235074965,35.655209742895806,35.917932341001354,34.57617050067659,34.67,1513973.7991266395,0.0,0.0,0.0,0.0,1.553332469517401,28.34520541157235,34.17792186490955
2007-01-22,,39104.0,37.13,37.33,36.01,36.07,29946600.0,33.84,-0.023940005768676054,29946.6,944.0,1.2383920155253705,0.3521014693651239,0.8862905461602466,1.2383920155253705,10.877493288970872,48.19,0.9381757693373995,,0.0,1449095.2235074965,1449095.2235074965,34.83446631549765,35.022101469365126,33.783709453839755,33.84,1477729.2576419234,0.0,0.0,0.0,0.0,1.5624435551971372,28.389013063226663,34.17792186490955
2007-01-29,,39111.0,36.07,36.4,35.76,36.27,33446000.0,34.03,0.0056146572104018855,33446.0,945.0,0.6004742211193772,0.31197132616486556,0.28850289495451165,0.6004742211193772,10.727119470663107,48.19,0.938240970499035,SELL,0.0,1449095.2235074965,1449095.2235074965,33.84235180590019,34.15197132616487,33.55149710504549,34.03,1486026.2008733642,0.0,0.0,0.0,0.0,1.5746359975206496,28.42804415253984,34.17792186490955
2007-02-05,,39118.0,36.27,36.48,35.48,35.53,26758100.0,33.34,-0.020276226858654045,26758.1,946.0,0.9383619476498737,0.2014438502673812,0.7369180973824925,0.9383619476498737,11.252306941715347,48.19,0.9383619476498735,SELL,0.0,1449095.2235074965,1449095.2235074965,34.034387841260916,34.23144385026738,33.29308190261751,33.34,1455895.196506552,0.0,0.0,0.0,0.0,1.5785955625270598,28.456925727828693,34.17792186490955
2007-02-12,,39125.0,35.55,36.5,35.55,35.87,26709900.0,33.66,0.009598080383923069,26709.9,947.0,0.8914691943128048,0.9111848341232189,0.01971563981041413,0.9111848341232189,9.718695991288378,48.19,0.938388625592417,SELL,0.0,1449095.2235074965,1449095.2235074965,33.35971563981042,34.25118483412322,33.35971563981042,33.66,1469868.995633189,0.0,0.0,0.0,0.0,1.5902492892323672,28.461693850089816,34.17792186490955
2007-02-20,,39133.0,35.86,36.13,35.09,35.1,33507900.0,33.19,-0.013963161021984472,33507.9,948.0,0.9834074074074053,0.5039515669515708,0.47945584045583445,0.9834074074074053,9.352272316852392,48.19,0.9455840455840455,SELL,0.0,1449095.2235074965,1449095.2235074965,33.90864387464387,34.16395156695157,33.18054415954416,33.19,1449344.9781659404,0.0,0.0,0.0,0.0,1.5867053628158254,28.512748788082384,34.17792186490955
2007-02-26,,39139.0,35.26,35.69,34.32,34.87,47773700.0,32.97,-0.006628502561012328,47773.7,949.0,1.2953513048465695,0.5553197591052523,0.7400315457413171,1.2953513048465695,9.8846358407958,48.19,0.9455119013478636,SELL,0.0,1449095.2235074965,1449095.2235074965,33.338749641525666,33.74531975910525,32.44996845425868,32.97,1439737.9912663773,0.0,0.0,0.0,0.0,1.5782342786892358,28.57343869352081,34.17792186490955
2007-03-05,,39146.0,34.74,34.97,34.22,34.32,33837600.0,32.45,-0.015771913861085674,33837.6,950.0,0.7091346153846203,0.09458333333333968,0.6145512820512806,0.7091346153846203,9.690833218438865,48.19,0.9455128205128206,SELL,0.0,1449095.2235074965,1449095.2235074965,32.84711538461539,33.06458333333334,32.35544871794872,32.45,1417030.5676855913,0.0,0.0,0.0,0.0,1.5702170418756478,28.616408614823072,34.17792186490955
2007-03-12,,39153.0,34.28,34.84,33.9,34.36,38059600.0,32.49,0.0012326656394452407,38059.6,951.0,0.8888416763678748,0.49387660069849204,0.39496507566938277,0.8888416763678748,9.896566514165638,48.19,0.9455762514551805,SELL,0.0,1449095.2235074965,1449095.2235074965,32.41435389988359,32.943876600698495,32.05503492433062,32.49,1418777.2925764208,0.0,0.0,0.0,0.0,1.5659837724226797,28.643577154309156,34.17792186490955
2007-03-19,,39160.0,34.5,35.91,34.43,35.82,34463400.0,33.87,0.0424746075715603,34463.4,952.0,1.3994304857621458,1.4651005025125556,0.06567001675040984,1.4651005025125556,10.033609472152074,48.19,0.9455611390284756,SELL,0.0,1449095.2235074965,1449095.2235074965,32.621859296482405,33.95510050251256,32.55567001675041,33.87,1479039.3013100452,0.0,0.0,0.0,0.0,1.5651637793399733,28.70904177116226,34.17792186490955
2007-03-26,,39167.0,35.85,36.0,35.0,35.36,32483200.0,33.44,-0.012695600826690301,32483.2,953.0,0.9457013574660635,0.17524886877828294,0.7704524886877806,0.9457013574660635,9.708397629863954,48.19,0.9457013574660633,SELL,0.0,1449095.2235074965,1449095.2235074965,33.90339366515837,34.04524886877828,33.09954751131222,33.44,1460262.008733626,0.0,0.0,0.0,0.0,1.5522072710353803,28.797530602899357,34.17792186490955
2007-04-02,,39174.0,35.36,35.6,34.94,35.02,28946200.0,33.12,-0.009569377990430672,28946.2,954.0,0.6241918903483707,0.2285322672758383,0.39565962307253244,0.6241918903483707,9.734750595673948,48.19,0.9457452884066246,SELL,0.0,1449095.2235074965,1449095.2235074965,33.44155339805825,33.668532267275836,33.044340376927465,33.12,1446288.2096069884,0.0,0.0,0.0,0.0,1.5202570699052584,28.937406105724655,34.17792186490955
2007-04-09,,39181.0,35.1,35.6,34.75,35.38,30529500.0,33.46,0.010265700483091944,30529.5,955.0,0.8038722442057633,0.5480610514414934,0.2558111927642699,0.8038722442057633,9.585317591847158,48.19,0.9457320520067835,SELL,0.0,1449095.2235074965,1449095.2235074965,33.1951950254381,33.66806105144149,32.86418880723573,33.46,1461135.3711790408,0.0,0.0,0.0,0.0,1.4813003355554997,29.107480868428325,34.17792186490955
2007-04-16,,39188.0,35.5,35.6,34.9,35.13,41800100.0,33.22,-0.0071727435744173285,41800.1,956.0,0.661941360660407,0.20444634215769497,0.457495018502712,0.661941360660407,9.3083803991107,48.19,0.9456305152291488,SELL,0.0,1449095.2235074965,1449095.2235074965,33.56988329063478,33.664446342157696,33.00250498149729,33.22,1450655.0218340626,0.0,0.0,0.0,0.0,1.4474906798639076,29.251273300340237,34.17792186490955
2007-04-23,,39195.0,35.13,37.22,34.55,36.84,51098000.0,34.84,0.04876580373269124,51098.0,957.0,2.5250488599348557,1.9793702497285537,0.545678610206302,2.5250488599348557,11.021315346363423,48.19,0.9457111834961998,SELL,0.0,1449095.2235074965,1449095.2235074965,33.2228338762215,35.19937024972855,32.6743213897937,34.84,1521397.3799126656,0.0,0.0,0.0,0.0,1.3883312474292204,29.524781637524498,34.17792186490955
2007-04-30,,39202.0,36.9,37.56,36.61,37.15,38522200.0,35.13,0.00832376578645233,38522.2,958.0,0.89834454912517,0.6777065948855991,0.2206379542395709,0.89834454912517,10.580196728895201,48.19,0.9456258411843877,,0.0,1449095.2235074965,1449095.2235074965,34.89359353970391,35.5177065948856,34.61936204576043,35.13,1534061.135371181,0.0,0.0,0.0,0.0,1.332606325692123,29.793606136989204,34.17792186490955
2007-05-07,,39209.0,37.23,37.43,36.7,36.97,24969200.0,34.96,-0.004839168801594074,24969.2,959.0,0.6903110630240761,0.2649905328644877,0.4253205301595884,0.6903110630240761,10.559281670716818,48.19,0.9456315931836625,,0.0,1449095.2235074965,1449095.2235074965,35.20586421422775,35.39499053286449,34.704679469840414,34.96,1526637.5545851546,0.0,0.0,0.0,0.0,1.2969277750814554,29.99085129400368,34.17792186490955
2007-05-14,,39216.0,37.0,37.27,36.45,36.96,29513500.0,34.95,-0.00028604118993125205,29513.5,960.0,0.7754058441558414,0.2831412337662371,0.49226461038960423,0.7754058441558414,10.433241857147893,48.19,0.9456168831168832,,0.0,1449095.2235074965,1449095.2235074965,34.98782467532468,35.24314123376624,34.4677353896104,34.95,1526200.8733624474,0.0,0.0,0.0,0.0,1.2392109519621477,30.247826278631216,34.17792186490955
2007-05-21,,39223.0,37.31,37.81,37.0,37.56,32012600.0,35.52,0.016309012875536544,32012.6,961.0,0.7660063897763578,0.8064217252396162,0.04041533546325837,0.8064217252396162,9.701376549066849,48.19,0.9456869009584665,,0.0,1449095.2235074965,1449095.2235074965,35.28357827476039,35.75642172523962,34.99041533546326,35.52,1551091.7030567706,0.0,0.0,0.0,0.0,1.1696974598294925,30.555024643109192,34.17792186490955
2007-05-29,,39231.0,37.61,37.79,37.14,37.45,30239300.0,35.41,-0.003096846846847079,30239.3,962.0,0.614592790387178,0.21147930574097273,0.4031134846462052,0.614592790387178,9.33347814120142,48.19,0.945527369826435,,0.0,1449095.2235074965,1449095.2235074965,35.56128437917222,35.731479305740976,35.1168865153538,35.41,1546288.2096069886,0.0,0.0,0.0,0.0,1.161166104478225,30.67318229978005,34.17792186490955
2007-06-04,,39237.0,37.79,38.02,36.65,37.32,35799700.0,35.29,-0.00338887319966108,35799.7,963.0,1.2954796355841438,0.5419239013933606,0.7535557341907833,1.2954796355841438,10.079353413685613,48.19,0.9456055734190782,,0.0,1449095.2235074965,1449095.2235074965,35.73443461950696,35.95192390139336,34.65644426580921,35.29,1541048.0349344995,0.0,0.0,0.0,0.0,1.1326803008309339,30.841957784508036,34.17792186490955
2007-06-11,,39244.0,37.07,38.16,37.05,38.12,34836200.0,36.05,0.02153584584868229,34836.2,964.0,1.0497245540398765,0.79782791185729,0.25189664218258656,1.0497245540398765,10.352522646834627,48.19,0.945697796432319,,0.0,1449095.2235074965,1449095.2235074965,35.057017313746066,36.08782791185729,35.03810335781741,36.05,1574235.8078602639,0.0,0.0,0.0,0.0,1.1405352699339657,30.931588654433376,34.17792186490955
2007-06-18,,39251.0,38.18,39.77,37.91,38.24,55196200.0,36.42,0.010263522884882192,55196.2,965.0,1.7714748953974961,1.8271809623430997,0.05570606694560354,1.8271809623430997,11.647233315370952,48.19,0.9524058577405857,,0.0,1449095.2235074965,1449095.2235074965,36.362855648535565,37.8771809623431,36.1057060669456,36.42,1590393.0131004388,0.0,0.0,0.0,0.0,1.1502151985495213,31.028608345089612,34.17792186490955
2007-06-25,,39258.0,38.33,38.7,37.64,38.28,42820400.0,36.46,0.001098297638659984,42820.4,966.0,1.0096029258098227,0.44003134796238186,0.5695715778474408,1.0096029258098227,9.963404499676471,48.19,0.9524555903866249,,0.0,1449095.2235074965,1449095.2235074965,36.50762277951933,36.860031347962384,35.85042842215256,36.46,1592139.7379912685,0.0,0.0,0.0,0.0,1.1846168967844435,31.04577483120963,34.17792186490955
2007-07-02,,39265.0,38.42,38.79,38.02,38.48,26815100.0,36.65,0.005211190345584038,26815.1,967.0,0.7333809771309703,0.48525727650727646,0.24812370062369382,0.7333809771309703,9.780111641905139,48.19,0.9524428274428275,,0.0,1449095.2235074965,1449095.2235074965,36.592853430353436,36.94525727650728,36.21187629937631,36.65,1600436.6812227094,0.0,0.0,0.0,0.0,1.2110376276699428,31.09216202838613,34.17792186490955
2007-07-09,,39272.0,38.56,40.17,37.73,39.5,44897900.0,37.62,0.026466575716234564,44897.9,968.0,2.323868354430388,1.608111392405064,0.7157569620253241,2.323868354430388,11.595175299023264,48.19,0.9524050632911392,,0.0,1449095.2235074965,1449095.2235074965,36.72473924050633,38.25811139240506,35.934243037974674,37.62,1642794.7598253295,0.0,0.0,0.0,0.0,1.3094200867984687,30.961815636662372,34.17792186490955
2007-07-16,,39279.0,39.6,40.95,39.54,40.12,45471500.0,38.21,0.015683147262094632,45471.5,969.0,1.3428738783649052,1.3804860418743843,0.037612163509479046,1.3804860418743843,12.267486629821644,48.19,0.952392821535394,,0.0,1449095.2235074965,1449095.2235074965,37.7147557328016,39.00048604187438,37.65761216350948,38.21,1668558.9519650678,0.0,0.0,0.0,0.0,1.4420475891092588,30.74122249064149,34.17792186490955
2007-07-23,,39286.0,40.3,40.98,38.79,38.79,46453200.0,36.95,-0.03297566082177439,46453.2,970.0,2.0861175560711516,0.8261175560711536,1.259999999999998,2.0861175560711516,13.689370886301129,48.19,0.9525650940964167,,0.0,1449095.2235074965,1449095.2235074965,38.38837329208559,39.036117556071154,36.95,36.95,1613537.1179039325,0.0,0.0,0.0,0.0,1.4902160390191228,30.704703804891224,34.17792186490955
2007-07-30,,39293.0,39.03,39.75,38.06,38.06,44200000.0,36.25,-0.018944519621109657,44200.0,971.0,1.609629532317392,0.9096295323173891,0.7000000000000028,1.609629532317392,14.794967266223589,48.19,0.9524435102469784,,0.0,1449095.2235074965,1449095.2235074965,37.17387020493957,37.85962953231739,36.25,36.25,1582969.4323144127,0.0,0.0,0.0,0.0,1.4994138057438962,30.760002071006127,34.17792186490955
2007-08-06,,39300.0,38.23,40.46,37.19,38.23,58282800.0,36.41,0.004413793103448249,58282.8,972.0,3.1143264452001063,2.2838373005493082,0.830489144650798,3.1143264452001063,16.81590816579688,48.19,0.9523934083180748,,0.0,1449095.2235074965,1449095.2235074965,36.41,38.53383730054931,35.4195108553492,36.41,1589956.3318777313,0.0,0.0,0.0,0.0,1.5021974782074525,30.841335572774057,34.17792186490955
2007-08-13,,39307.0,38.57,38.8,36.2,38.45,53707500.0,36.62,0.005767646251029879,53707.5,973.0,2.4762548764629315,0.5433420026007738,1.9329128738621577,2.4762548764629315,18.40094185737805,48.19,0.9524057217165148,,0.0,1449095.2235074965,1449095.2235074965,36.73428868660598,36.95334200260077,34.47708712613784,36.62,1599126.637554587,0.0,0.0,0.0,0.0,1.4919368452675956,30.970401789270046,34.17792186490955
2007-08-20,,39314.0,38.49,39.47,37.75,39.41,36380000.0,37.54,0.025122883670125606,36380.0,974.0,1.6383861963968585,0.9771530068510614,0.661233189545797,1.6383861963968585,18.191169895215562,48.19,0.9525501141842173,,0.0,1449095.2235074965,1449095.2235074965,36.66365389495053,37.59715300685106,35.9587668104542,37.54,1639301.3100436702,0.0,0.0,0.0,0.0,1.5222198793518507,31.01127956991306,34.17792186490955
2007-08-27,,39321.0,39.26,39.26,38.05,38.87,32487900.0,37.02,-0.013851891315929565,32487.9,975.0,1.1524105994340061,0.14856187290969558,1.3009724723437017,1.3009724723437017,18.51491383580876,48.19,0.9524054540776951,,0.0,1449095.2235074965,1449095.2235074965,37.391438127090304,37.391438127090304,36.2390275276563,37.02,1616593.8864628843,0.0,0.0,0.0,0.0,1.5498320225225626,31.021761407108237,34.17792186490955
2007-09-04,,39329.0,38.84,39.45,38.45,38.75,38807900.0,36.91,-0.0029713668287414396,38807.9,976.0,0.9525161290322544,0.5567612903225765,0.39575483870967787,0.9525161290322544,18.7583973379213,48.19,0.952516129032258,,0.0,1449095.2235074965,1449095.2235074965,36.9957264516129,37.57676129032258,36.624245161290325,36.91,1611790.3930131022,0.0,0.0,0.0,0.0,1.5575465002801776,31.09198740783614,34.17792186490955
2007-09-10,,39335.0,38.8,40.8,38.51,40.35,38951400.0,38.43,0.04118125169330811,38951.4,977.0,2.1810334572490646,1.948587360594793,0.23244609665427163,2.1810334572490646,18.599691896608718,48.19,0.9524163568773234,,0.0,1449095.2235074965,1449095.2235074965,36.953754646840146,38.85858736059479,36.677553903345725,38.43,1678165.9388646309,0.0,0.0,0.0,0.0,1.6082878374206315,31.100987723521595,34.17792186490955
2007-09-17,,39342.0,40.08,42.07,40.04,41.25,38217200.0,39.55,0.02914389799635697,38217.2,978.0,1.9463393939393967,1.9062060606060598,0.04013333333333691,1.9463393939393967,19.228417843347618,48.19,0.9587878787878787,,0.0,1449095.2235074965,1449095.2235074965,38.42821818181818,40.33620606060606,38.38986666666666,39.55,1727074.2358078624,0.0,0.0,0.0,0.0,1.7065471086109525,31.018754179692134,34.17792186490955
2007-09-24,,39349.0,41.25,41.53,40.56,41.4,28061800.0,39.7,0.0037926675094817064,28061.8,979.0,0.9301690821256017,0.27466183574880176,0.6555072463767999,0.9301690821256017,17.944030650074787,48.19,0.958937198067633,,0.0,1449095.2235074965,1449095.2235074965,39.55615942028986,39.8246618357488,38.8944927536232,39.7,1733624.4541484741,0.0,0.0,0.0,0.0,1.8351222429688414,30.81682853891936,34.17792186490955
2007-10-01,,39356.0,41.28,42.15,41.28,41.77,25461200.0,40.05,0.00881612090680095,25461.2,980.0,0.8341752453914282,0.7143524060330293,0.11982283935839888,0.8341752453914282,17.082414775712603,48.19,0.9588221211395738,,0.0,1449095.2235074965,1449095.2235074965,39.580177160641604,40.41435240603303,39.580177160641604,40.05,1748908.2969432336,0.0,0.0,0.0,0.0,1.969698382802519,30.597461360066873,34.17792186490955
2007-10-08,,39363.0,41.74,42.09,40.12,41.03,26884300.0,39.34,-0.017727840199750156,26884.3,981.0,1.8888569339507697,0.30633926395321254,1.5825176699975572,1.8888569339507697,15.720781985435563,48.19,0.9588106263709482,,0.0,1449095.2235074965,1449095.2235074965,40.02075554472338,40.35633926395321,38.46748233000244,39.34,1717903.9301310065,0.0,0.0,0.0,0.0,2.0529259164812954,30.497441306357732,34.17792186490955
2007-10-15,,39370.0,40.9,41.14,39.87,40.04,41623700.0,38.39,-0.024148449415353435,41623.7,982.0,1.2176648351648396,0.10467032967032708,1.1129945054945125,1.2176648351648396,14.32234860621546,48.19,0.9587912087912088,,0.0,1449095.2235074965,1449095.2235074965,39.21456043956044,39.44467032967033,38.22700549450549,38.39,1676419.2139738011,0.0,0.0,0.0,0.0,2.0954056708999245,30.46807118860385,34.17792186490955
2007-10-22,,39377.0,39.84,40.59,39.4,40.38,33239100.0,38.72,0.008595988538681931,33239.1,983.0,1.1410797424467631,0.5313670133729573,0.6097127290738058,1.1410797424467631,13.769785879604244,48.19,0.9588905398712233,,0.0,1449095.2235074965,1449095.2235074965,38.20219910846954,38.92136701337296,37.780287270926195,38.72,1690829.694323146,0.0,0.0,0.0,0.0,2.1460728490451664,30.41872031641148,34.17792186490955
2007-10-29,,39384.0,40.47,41.22,39.97,40.33,32371900.0,38.67,-0.0012913223140494923,32371.9,984.0,1.1985494668980934,0.803367220431447,0.39518224646664635,1.1985494668980934,13.655982540220235,48.19,0.9588395735184727,,0.0,1449095.2235074965,1449095.2235074965,38.80423754029259,39.523367220431446,38.32481775353335,38.67,1688646.288209609,0.0,0.0,0.0,0.0,2.183805763916608,30.421949004842627,34.17792186490955
2007-11-05,,39391.0,39.95,40.54,37.5,38.38,42836100.0,36.8,-0.04835790018101904,42836.1,985.0,2.9148514851485174,0.20107868681604657,2.713772798332471,2.9148514851485174,15.836355158127194,48.19,0.9588327253778008,,0.0,1449095.2235074965,1449095.2235074965,38.305367378843144,38.87107868681605,35.95622720166753,36.8,1606986.8995633207,0.0,0.0,0.0,0.0,2.1639606372344735,30.54375694349919,34.17792186490955
2007-11-12,,39398.0,38.24,39.95,37.87,38.65,42088600.0,37.06,0.00706521739130439,42088.6,986.0,1.9944320827943187,1.506520051746456,0.4879120310478626,1.9944320827943187,15.62902029762192,48.19,0.9588615782664943,,0.0,1449095.2235074965,1449095.2235074965,36.66686675291074,38.30652005174645,36.312087968952135,37.06,1618340.6113537138,0.0,0.0,0.0,0.0,2.1486885171758496,30.655839682670134,34.17792186490955
2007-11-19,,39405.0,38.48,38.61,36.94,37.67,41675900.0,36.12,-0.025364274150027066,41675.9,987.0,1.601284842049381,0.038677993097962826,1.6399628351473439,1.6399628351473439,15.288601898964085,48.19,0.9588531988319616,,0.0,1449095.2235074965,1449095.2235074965,36.89667109105388,37.02132200690204,35.42003716485266,36.12,1577292.5764192156,0.0,0.0,0.0,0.0,2.1062532884086154,30.829732632636997,34.17792186490955
2007-11-26,,39412.0,37.75,38.67,36.52,38.29,45657600.0,36.72,0.01661129568106312,45657.6,988.0,2.061843823452598,0.9644189083311616,1.0974249151214366,2.061843823452598,16.5460182782163,48.19,0.9589971271872552,,0.0,1449095.2235074965,1449095.2235074965,36.20214155131888,37.08441890833116,35.02257508487856,36.72,1603493.4497816612,0.0,0.0,0.0,0.0,2.072580575973617,30.98854856006595,34.17792186490955
2007-12-03,,39419.0,38.2,38.2,36.07,37.23,50600400.0,35.7,-0.02777777777777768,50600.4,989.0,2.042465753424665,0.08986301369861849,2.1323287671232833,2.1323287671232833,17.988411080140587,48.19,0.9589041095890413,,0.0,1449095.2235074965,1449095.2235074965,36.63013698630138,36.63013698630138,34.587671232876716,35.7,1558951.965065504,0.0,0.0,0.0,0.0,2.0200581917747407,31.181074032758268,34.17792186490955
2007-12-10,,39426.0,37.26,38.14,36.15,36.91,48092700.0,35.39,-0.008683473389355822,48092.7,990.0,1.9080493091303197,0.8693470604172333,1.0387022487130864,1.9080493091303197,18.009735941451197,48.19,0.958818748306692,,0.0,1449095.2235074965,1449095.2235074965,35.72558656190734,36.569347060417236,34.66129775128692,35.39,1545414.8471615738,0.0,0.0,0.0,0.0,1.958317455772953,31.39445026300664,34.17792186490955
2007-12-17,,39433.0,36.82,37.6,36.22,37.14,46453900.0,35.92,0.014975981915795522,46453.9,991.0,1.334668820678516,0.9748896068928445,0.35977921378567146,1.334668820678516,18.139740369799725,48.19,0.9671513193322564,,0.0,1449095.2235074965,1449095.2235074965,35.61051157781368,36.364889606892845,35.03022078621433,35.92,1568558.9519650675,0.0,0.0,0.0,0.0,1.8631943746724933,31.716892112099256,34.17792186490955
2007-12-24,,39440.0,37.4,37.77,37.06,37.34,21182800.0,36.11,0.005289532293986543,21182.8,992.0,0.6866122121049827,0.6058355650776619,0.08077664702732079,0.6866122121049827,17.634776447197748,48.19,0.9670594536689876,,0.0,1449095.2235074965,1449095.2235074965,36.16802356722013,36.525835565077664,35.83922335297268,36.11,1576855.8951965084,0.0,0.0,0.0,0.0,1.75991607203501,32.06338055161979,34.17792186490955
2007-12-31,,39447.0,37.3,37.45,35.98,36.04,32688200.0,34.85,-0.034893381334810236,32688.2,993.0,1.4214622641509465,0.1034433962264174,1.318018867924529,1.4214622641509465,17.882457333034253,48.19,0.9669811320754718,,0.0,1449095.2235074965,1449095.2235074965,36.068396226415096,36.21344339622642,34.79198113207547,34.85,1521834.0611353728,0.0,0.0,0.0,0.0,1.7309510200091665,32.15969562070879,34.17792186490955
2008-01-07,,39454.0,36.21,36.5,34.98,35.17,46524500.0,34.01,-0.024103299856528038,46524.5,994.0,1.4698663633778821,0.44613306795564256,1.0237332954222396,1.4698663633778821,16.276918308844657,48.19,0.9670173443275518,,0.0,1449095.2235074965,1449095.2235074965,35.01569803810065,35.296133067955644,33.82626670457776,34.01,1485152.838427949,0.0,0.0,0.0,0.0,1.7085663721920559,32.22955967927596,34.17792186490955
2008-01-14,,39461.0,35.76,35.76,32.92,34.31,64413000.0,33.18,-0.024404586886209945,64413.0,995.0,2.7464645875837874,0.5722442436607338,2.1742203439230536,2.7464645875837874,17.112509980832954,48.19,0.9670649956280967,SELL,0.0,1449095.2235074965,1449095.2235074965,34.58224424366073,34.58224424366073,31.835779656076944,33.18,1448908.2969432329,0.0,0.0,0.0,0.0,1.7056931649952267,32.23820611190217,34.17792186490955
2008-01-22,,39469.0,33.2,35.09,33.19,34.0,64990500.0,32.88,-0.009041591320072206,64990.5,996.0,1.8374117647058839,0.7540941176470639,1.08331764705882,1.8374117647058839,17.331897680342443,48.19,0.9670588235294119,SELL,0.0,1449095.2235074965,1449095.2235074965,32.106352941176475,33.934094117647064,32.09668235294118,32.88,1435807.8602620102,0.0,0.0,0.0,0.0,1.7330529982733802,32.15566018724338,34.17792186490955
2008-01-28,,39475.0,34.31,36.3,34.14,36.16,47404000.0,34.97,0.0635644768856447,47404.0,997.0,2.0889159292035373,2.225392699115041,0.13647676991150348,2.225392699115041,17.513618653300714,48.19,0.9670907079646018,SELL,0.0,1449095.2235074965,1449095.2235074965,33.18088219026549,35.10539269911504,33.016476769911506,34.97,1527074.2358078617,0.0,0.0,0.0,0.0,1.6725266484122574,32.349658988725444,34.17792186490955
2008-02-04,,39482.0,36.17,36.25,33.54,33.84,45911600.0,32.73,-0.06405490420360316,45911.6,998.0,2.62110815602837,0.09094858156027641,2.530159574468094,2.62110815602837,18.056706863195256,48.19,0.9671985815602835,,0.0,1449095.2235074965,1449095.2235074965,34.983572695035456,35.060948581560275,32.439840425531905,32.73,1429257.6419213987,0.0,0.0,0.0,0.0,1.7542324445077162,32.09393108385266,34.17792186490955
2008-02-11,,39489.0,33.94,35.1,33.55,34.37,38608100.0,33.24,0.015582034830430969,38608.1,999.0,1.4990398603433306,1.2159994180971907,0.2830404422461399,1.4990398603433306,17.6022519200986,48.19,0.9671224905440793,SELL,0.0,1449095.2235074965,1449095.2235074965,32.82413732906605,33.94599941809719,32.44695955775386,33.24,1451528.3842794776,0.0,0.0,0.0,0.0,1.8129394131860268,31.90106610118127,34.17792186490955
2008-02-19,,39497.0,34.56,34.87,33.15,33.55,40997900.0,32.74,-0.015042117930204602,40997.9,1000.0,1.6784739195230998,0.7881311475409802,0.8903427719821195,1.6784739195230998,17.984257585481473,48.19,0.9758569299552907,SELL,0.0,1449095.2235074965,1449095.2235074965,33.72561549925485,34.02813114754098,32.34965722801788,32.74,1429694.3231441064,0.0,0.0,0.0,0.0,1.887745319536913,31.65990499384064,34.17792186490955
2008-02-25,,39503.0,33.55,34.28,33.09,33.14,40709800.0,32.34,-0.01221747098350634,40709.8,1001.0,1.1612733856366901,0.7124803862401947,0.4487929993964954,1.1612733856366901,18.51165888940559,48.19,0.9758599879299941,SELL,0.0,1449095.2235074965,1449095.2235074965,32.7401025950513,33.4524803862402,32.29120700060351,32.34,1412227.0742358097,0.0,0.0,0.0,0.0,1.976777432702295,31.373666174341828,34.17792186490955
2008-03-03,,39510.0,33.34,33.95,32.01,32.23,46440400.0,31.45,-0.02752009894867047,46440.4,1002.0,1.8930499534595135,0.7883741855414215,1.104675767918092,1.8930499534595135,19.035645210859553,48.19,0.9757989450822216,SELL,0.0,1449095.2235074965,1449095.2235074965,32.533136829041275,33.128374185541425,31.23532423208191,31.45,1373362.4454148489,0.0,0.0,0.0,0.0,2.1118177999030845,30.936796963656924,34.17792186490955
2008-03-10,,39517.0,32.44,34.57,31.65,33.82,66148000.0,33.01,0.049602543720190795,66148.0,1003.0,2.8500650502661173,2.2920372560615014,0.5580277942046159,2.8500650502661173,20.569199307402037,48.19,0.9760496747486693,SELL,0.0,1449095.2235074965,1449095.2235074965,31.66305144884683,33.7420372560615,30.891972205795383,33.01,1441484.716157207,0.0,0.0,0.0,0.0,2.1659262787210007,30.742989181246276,34.17792186490955
2008-03-17,,39524.0,32.99,37.74,32.83,37.49,86343400.0,36.59,0.10845198424719804,86343.4,1004.0,4.792128567618036,3.8239983995732274,0.9681301680448087,4.792128567618036,22.84215928521787,48.19,0.9759935982928781,SELL,0.0,1449095.2235074965,1449095.2235074965,32.19802880768205,36.833998399573225,32.04186983195519,36.59,1597816.593886465,0.0,0.0,0.0,0.0,2.1625030113832393,30.78325466666385,34.17792186490955
2008-03-24,,39531.0,37.63,37.67,36.51,36.61,41646200.0,35.73,-0.023503689532659355,41646.2,1005.0,1.1321169079486495,0.17452062278065483,0.9575962851679947,1.1321169079486495,22.058498333265387,48.19,0.9759628516798688,,0.0,1449095.2235074965,1449095.2235074965,36.725482108713464,36.76452062278066,35.63240371483201,35.73,1560262.0087336265,0.0,0.0,0.0,0.0,2.163569659251539,30.772783168944322,34.17792186490955
2008-03-31,,39538.0,36.58,38.52,36.54,37.56,38311100.0,36.65,0.025748670584942568,38311.1,1006.0,1.9320287539936132,1.8567412140575072,0.07528753993610593,1.9320287539936132,21.732538394241576,48.19,0.9757720979765707,,0.0,1449095.2235074965,1449095.2235074965,35.69374334398295,37.586741214057504,35.65471246006389,36.65,1600436.6812227096,0.0,0.0,0.0,0.0,2.1644782217974483,30.77612151867711,34.17792186490955
2008-04-07,,39545.0,37.87,37.9,31.81,32.05,104348500.0,31.28,-0.1465211459754433,104348.5,1007.0,5.9436879875195,0.3394539781591277,5.604234009360372,5.9436879875195,25.424293762565053,48.19,0.9759750390015601,,0.0,1449095.2235074965,1449095.2235074965,36.96017472698908,36.989453978159126,31.045765990639627,31.28,1365938.8646288228,0.0,0.0,0.0,0.0,2.2922805822362515,30.330274154165476,34.17792186490955
2008-04-14,,39552.0,32.38,32.97,31.55,32.69,75113900.0,31.9,0.019820971867007486,75113.9,1008.0,1.385683695319667,0.8932334047109194,0.49245029060874757,1.385683695319667,25.29834246809432,48.19,0.9758335882532885,SELL,0.0,1449095.2235074965,1449095.2235074965,31.597491587641482,32.17323340471092,30.787549709391254,31.9,1393013.100436683,0.0,0.0,0.0,0.0,2.37801425866112,30.00008630456672,34.17792186490955
2008-04-21,,39559.0,32.7,33.39,32.2,33.33,42457500.0,32.53,0.01974921630094051,42457.5,1009.0,1.161437143714366,0.6885598559856021,0.4728772877287639,1.161437143714366,24.72385716164017,48.19,0.9759975997599761,SELL,0.0,1449095.2235074965,1449095.2235074965,31.915121512151224,32.5885598559856,31.427122712271235,32.53,1420524.0174672508,0.0,0.0,0.0,0.0,2.4198314846366835,29.77139689816439,34.17792186490955
2008-04-28,,39566.0,33.47,33.66,32.6,33.34,40160600.0,32.54,0.00030740854595756595,40160.6,1010.0,1.034565086982603,0.3223215356928577,0.7122435512897454,1.034565086982603,24.58307016313563,48.19,0.9760047990401919,SELL,0.0,1449095.2235074965,1449095.2235074965,32.66688062387522,32.85232153569286,31.817756448710256,32.54,1420960.6986899583,0.0,0.0,0.0,0.0,2.441272183734226,29.5795024674937,34.17792186490955
2008-05-05,,39573.0,33.36,33.36,32.14,32.27,36279500.0,31.49,-0.032267977873386644,36279.5,1011.0,1.190511310814994,0.013653548187164688,1.1768577626278294,1.190511310814994,23.802471671308382,48.19,0.9758289432909822,SELL,0.0,1449095.2235074965,1449095.2235074965,32.553653548187164,32.553653548187164,31.36314223737217,31.49,1375109.1703056789,0.0,0.0,0.0,0.0,2.516276722169901,29.258820389697195,34.17792186490955
2008-05-12,,39580.0,32.33,32.72,31.97,32.13,42867100.0,31.36,-0.00412829469672904,42867.1,1012.0,0.7320261437908506,0.44586056644880045,0.28616557734205017,0.7320261437908506,21.44909510855809,48.19,0.9760348583877995,SELL,0.0,1449095.2235074965,1449095.2235074965,31.555206971677556,31.9358605664488,31.20383442265795,31.36,1369432.3144104823,0.0,0.0,0.0,0.0,2.5949091697106628,28.942970978162368,34.17792186490955
2008-05-19,,39587.0,32.13,32.7,30.35,30.43,67744300.0,29.7,-0.05293367346938771,67744.3,1013.0,2.293624712454818,0.5555438711797613,1.7380808412750568,2.293624712454818,18.67297971393229,48.19,0.9760105159382189,SELL,0.0,1449095.2235074965,1449095.2235074965,31.359217877094974,31.91554387117976,29.621919158724943,29.7,1296943.2314410498,0.0,0.0,0.0,0.0,2.735731595874074,28.427256376168472,34.17792186490955
2008-05-27,,39595.0,30.42,30.98,30.21,30.72,60679300.0,29.98,0.009427609427609562,60679.3,1014.0,0.7514518229166676,0.5337369791666688,0.21771484374999872,0.7514518229166676,18.2500185083412,48.19,0.9759114583333334,SELL,0.0,1449095.2235074965,1449095.2235074965,29.6872265625,30.233736979166668,29.48228515625,29.98,1309170.3056768577,0.0,0.0,0.0,0.0,2.8451680027218393,27.99171413953686,34.17792186490955
2008-06-02,,39601.0,30.75,31.14,30.0,30.02,54628900.0,29.3,-0.022681787858572333,54628.9,1015.0,1.112658227848101,0.41313790806129447,0.6995203197868065,1.112658227848101,17.339606812623963,48.19,0.9760159893404398,SELL,0.0,1449095.2235074965,1449095.2235074965,30.012491672218523,30.393137908061295,29.280479680213194,29.3,1279475.982532753,0.0,0.0,0.0,0.0,2.954950171753955,27.51628310720048,34.17792186490955
2008-06-09,,39608.0,30.23,30.74,28.49,29.15,77340500.0,28.45,-0.029010238907849928,77340.5,1016.0,2.1959691252144076,0.7018181818181795,1.4941509433962281,2.1959691252144076,13.175474743396084,48.19,0.9759862778730704,SELL,0.0,1449095.2235074965,1449095.2235074965,29.504065180102916,30.00181818181818,27.805849056603773,28.45,1242358.0786026218,0.0,0.0,0.0,0.0,3.0975222966664027,26.950828404675462,34.17792186490955
2008-06-16,,39615.0,28.69,29.25,27.27,27.38,76908500.0,27.02,-0.050263620386643226,76908.5,1017.0,1.953966398831266,0.4154127100073062,1.53855368882396,1.953966398831266,13.806899969520083,48.19,0.9868517165814463,SELL,0.0,1449095.2235074965,1449095.2235074965,28.312775748721695,28.865412710007305,26.91144631117604,27.02,1179912.6637554602,0.0,0.0,0.0,0.0,3.294440705155475,26.21731287125766,34.17792186490955
2008-06-23,,39622.0,27.59,28.64,26.15,26.26,75812500.0,25.91,-0.041080680977053974,75812.5,1018.0,2.456812642802742,1.2382787509520163,1.2185338918507256,2.456812642802742,15.246206079618279,48.19,0.9866717440974866,SELL,0.0,1449095.2235074965,1449095.2235074965,27.222273419649653,28.258278750952016,25.801466108149274,25.91,1131441.0480349362,0.0,0.0,0.0,0.0,3.486351240656845,25.4321706788457,34.17792186490955
2008-06-30,,39629.0,26.35,27.26,26.3,26.91,66805000.0,26.55,0.024700887688151374,66805.0,1019.0,0.9471571906354512,0.985317725752509,0.03816053511705775,0.985317725752509,15.191486789362617,48.19,0.9866220735785953,SELL,0.0,1449095.2235074965,1449095.2235074965,25.99749163879599,26.89531772575251,25.948160535117058,26.55,1159388.6462882115,0.0,0.0,0.0,0.0,3.5707748731229727,24.90403842694867,34.17792186490955
2008-07-07,,39636.0,27.1,28.34,26.84,27.66,84546500.0,27.29,0.027871939736346496,84546.5,1020.0,1.4799349240780906,1.4109038322487315,0.06903109182935907,1.4799349240780906,15.51306858187717,48.19,0.9866232827187273,SELL,0.0,1449095.2235074965,1449095.2235074965,26.737490961677512,27.960903832248732,26.48096890817064,27.29,1191703.0567685608,0.0,0.0,0.0,0.0,3.5863915572816705,24.562313789722655,34.17792186490955
2008-07-14,,39643.0,28.13,28.42,25.6,28.0,73085500.0,27.63,0.012458776108464686,73085.5,1021.0,2.782735714285714,0.7544500000000021,2.028285714285712,2.782735714285714,17.791634771315906,48.19,0.9867857142857143,SELL,0.0,1449095.2235074965,1449095.2235074965,27.75828214285714,28.04445,25.261714285714287,27.63,1206550.2183406132,0.0,0.0,0.0,0.0,3.5470538084174876,24.357731332614826,34.17792186490955
2008-07-21,,39650.0,28.12,29.89,27.6,28.71,60270300.0,28.33,0.02533478103510678,60270.3,1022.0,2.259690003483108,1.8643817485196799,0.39530825496342814,2.259690003483108,17.753929539125117,48.19,0.9867641936607453,SELL,0.0,1449095.2235074965,1449095.2235074965,27.747809125740158,29.49438174851968,27.23469174503657,28.33,1237117.9039301327,0.0,0.0,0.0,0.0,3.490280888147488,24.23112704792397,34.17792186490955
2008-07-28,,39657.0,28.7,29.35,27.65,28.21,48541100.0,27.84,-0.017296152488528005,48541.1,1023.0,1.6777029422190743,0.6350478553704377,1.0426550868486366,1.6777029422190743,18.783097449461124,48.19,0.9868840836582772,SELL,0.0,1449095.2235074965,1449095.2235074965,28.323573200992556,28.965047855370436,27.28734491315136,27.84,1215720.524017469,0.0,0.0,0.0,0.0,3.469070270624944,24.026836518559595,34.17792186490955
2008-08-04,,39664.0,28.14,29.74,27.76,29.64,46110000.0,29.25,0.0506465517241379,46110.0,1024.0,1.9539473684210478,1.5086842105263116,0.44526315789473614,1.9539473684210478,19.717863161208843,48.19,0.9868421052631579,SELL,0.0,1449095.2235074965,1449095.2235074965,27.769736842105264,29.34868421052631,27.394736842105264,29.25,1277292.5764192159,0.0,0.0,0.0,0.0,3.374502356066758,24.03228069519896,34.17792186490955
2008-08-11,,39671.0,29.62,30.39,29.01,29.8,40350900.0,29.41,0.0054700854700855395,40350.9,1025.0,1.3619395973154376,0.742278523489933,0.6196610738255046,1.3619395973154376,18.791163685765543,48.19,0.9869127516778523,SELL,0.0,1449095.2235074965,1449095.2235074965,29.232355704697987,29.992278523489933,28.630338926174495,29.41,1284279.4759825345,0.0,0.0,0.0,0.0,3.259818208600372,24.093137405328342,34.17792186490955
2008-08-18,,39678.0,29.97,30.31,28.09,29.12,38454700.0,28.73,-0.023121387283236983,38454.7,1026.0,2.1902678571428567,0.4940624999999983,1.6962053571428584,2.1902678571428567,19.053720861667312,48.19,0.9866071428571428,SELL,0.0,1449095.2235074965,1449095.2235074965,29.56861607142857,29.9040625,27.713794642857142,28.73,1254585.1528384294,0.0,0.0,0.0,0.0,3.222120174296477,23.99055322279539,34.17792186490955
2008-08-25,,39685.0,29.04,29.04,27.98,28.1,41316900.0,27.73,-0.034806822137138926,41316.9,1027.0,1.046042704626334,0.07237722419928971,1.1184199288256238,1.1184199288256238,17.56661784613718,48.19,0.9868327402135231,SELL,0.0,1449095.2235074965,1449095.2235074965,28.65762277580071,28.65762277580071,27.611580071174377,27.73,1210917.030567687,0.0,0.0,0.0,0.0,3.1892585746219715,23.845146246371904,34.17792186490955
2008-09-02,,39693.0,28.54,29.15,27.39,27.88,51564600.0,27.51,-0.007933645870897954,51564.6,1028.0,1.7366427546628387,1.0331456241033017,0.703497130559537,1.7366427546628387,18.401423433815324,48.19,0.9867288378766141,SELL,0.0,1449095.2235074965,1449095.2235074965,28.161241032998568,28.763145624103302,27.026502869440463,27.51,1201310.0436681237,0.0,0.0,0.0,0.0,3.1825545058379476,23.65190641833196,34.17792186490955
2008-09-08,,39699.0,28.88,29.28,26.33,26.75,89912100.0,26.4,-0.0403489640130863,89912.1,1029.0,2.911401869158883,1.3868971962616818,1.5245046728972014,2.911401869158883,19.991942261682873,48.19,0.9869158878504672,SELL,0.0,1449095.2235074965,1449095.2235074965,28.50213084112149,28.896897196261683,25.9854953271028,26.4,1152838.4279475994,0.0,0.0,0.0,0.0,3.176414307433598,23.415549597269667,34.17792186490955
2008-09-15,,39706.0,24.82,29.2,22.16,26.62,200727900.0,26.62,0.008333333333333526,200727.9,1030.0,7.039999999999999,2.8000000000000007,4.239999999999998,7.039999999999999,24.72223591247652,48.19,1.0,SELL,0.0,1449095.2235074965,1449095.2235074965,24.82,29.2,22.16,26.62,1162445.4148471628,0.0,0.0,0.0,0.0,3.1823944980511385,23.17913570609166,34.17792186490955
2008-09-22,,39713.0,27.38,27.48,23.5,25.25,66615500.0,25.25,-0.05146506386175809,66615.5,1031.0,3.9800000000000004,0.8599999999999994,3.120000000000001,3.9800000000000004,26.63369146416196,48.19,1.0,SELL,0.0,1449095.2235074965,1449095.2235074965,27.38,27.48,23.5,25.25,1102620.0873362457,0.0,0.0,0.0,0.0,3.235684804960082,22.798592865648573,34.17792186490955
2008-09-29,,39720.0,25.12,26.05,21.49,21.57,213832900.0,21.57,-0.14574257425742576,213832.9,1032.0,4.560000000000002,0.8000000000000007,3.7600000000000016,4.560000000000002,29.83624375058521,48.19,1.0,SELL,0.0,1449095.2235074965,1449095.2235074965,25.12,26.05,21.49,21.57,941921.3973799137,0.0,0.0,0.0,0.0,3.441964493088758,21.932893645326885,34.17792186490955
2008-10-06,,39727.0,20.54,22.65,18.4,21.5,182737200.0,21.5,-0.0032452480296708552,182737.2,1033.0,4.25,1.0799999999999983,3.1700000000000017,4.25,32.38741334122849,48.19,1.0,SELL,0.0,1449095.2235074965,1449095.2235074965,20.54,22.65,18.4,21.5,938864.6288209617,0.0,0.0,0.0,0.0,3.5993167108837714,21.183171637424714,34.17792186490955
2008-10-13,,39734.0,22.27,22.39,18.31,19.63,137131700.0,19.63,-0.0869767441860465,137131.7,1034.0,4.080000000000002,0.8900000000000006,3.1900000000000013,4.080000000000002,35.40748045532246,48.19,1.0,SELL,0.0,1449095.2235074965,1449095.2235074965,22.27,22.39,18.31,19.63,857205.2401746734,0.0,0.0,0.0,0.0,3.8731297534233815,20.127419518880565,34.17792186490955
2008-10-20,,39741.0,20.26,21.03,17.27,17.83,119617500.0,17.83,-0.09169638308711159,119617.5,1035.0,3.7600000000000016,1.4000000000000021,2.3599999999999994,3.7600000000000016,37.15162728071928,48.19,1.0,SELL,0.0,1449095.2235074965,1449095.2235074965,20.26,21.03,17.27,17.83,778602.6200873371,0.0,0.0,0.0,0.0,4.232711204463757,18.833831744938166,34.17792186490955
2008-10-27,,39748.0,18.04,20.0,17.52,19.51,116215600.0,19.51,0.09422321929332611,116215.6,1036.0,2.4800000000000004,2.1700000000000017,0.3099999999999987,2.4800000000000004,38.66449402646858,48.19,1.0,SELL,0.0,1449095.2235074965,1449095.2235074965,18.04,20.0,17.52,19.51,851965.0655021844,0.0,0.0,0.0,0.0,4.4555865246902036,17.943228810225705,34.17792186490955
2008-11-03,,39755.0,19.78,21.04,18.0,18.86,93334200.0,18.86,-0.033316248077908894,93334.2,1037.0,3.039999999999999,1.5299999999999976,1.5100000000000016,3.039999999999999,40.11266874350987,48.19,1.0,SELL,0.0,1449095.2235074965,1449095.2235074965,19.78,21.04,18.0,18.86,823580.7860262018,0.0,0.0,0.0,0.0,4.683177203672721,17.032300893257215,34.17792186490955
2008-11-10,,39762.0,19.34,19.39,14.58,16.02,158251500.0,16.02,-0.15058324496288444,158251.5,1038.0,4.8100000000000005,0.5300000000000011,4.279999999999999,4.8100000000000005,42.22222222222223,48.19,1.0,SELL,0.0,1449095.2235074965,1449095.2235074965,19.34,19.39,14.58,16.02,699563.3187772933,0.0,0.0,0.0,0.0,4.971759868773074,15.848649108555115,34.17792186490955
2008-11-17,,39769.0,15.95,16.5,12.58,14.03,164342900.0,14.03,-0.12421972534332082,164342.9,1039.0,3.92,0.4800000000000004,3.4399999999999995,3.92,38.75555555555557,48.19,1.0,SELL,0.0,1449095.2235074965,1449095.2235074965,15.95,16.5,12.58,14.03,612663.755458516,0.0,0.0,0.0,0.0,5.383154039432168,14.36406612093177,34.17792186490955
2008-11-24,,39776.0,14.63,17.19,14.26,17.17,105835200.0,17.17,0.2238061297220244,105835.2,1040.0,2.9300000000000015,3.160000000000002,0.23000000000000043,3.160000000000002,37.844444444444456,48.19,1.0,SELL,0.0,1449095.2235074965,1449095.2235074965,14.63,17.19,14.26,17.17,749781.6593886472,0.0,0.0,0.0,0.0,5.556631722326123,13.538420694184689,34.17792186490955
2008-12-01,,39783.0,16.36,18.3,15.42,17.85,140038500.0,17.85,0.03960396039603964,140038.5,1041.0,2.880000000000001,1.129999999999999,1.7500000000000018,2.880000000000001,35.97777777777779,48.19,1.0,SELL,0.0,1449095.2235074965,1449095.2235074965,16.36,18.3,15.42,17.85,779475.982532752,0.0,0.0,0.0,0.0,5.682869182163388,12.859656312884214,34.17792186490955
2008-12-08,,39790.0,18.42,19.3,16.4,17.11,94343800.0,17.11,-0.041456582633053296,94343.8,1042.0,2.900000000000002,1.4499999999999993,1.4500000000000028,2.900000000000002,34.47777777777779,48.19,1.0,SELL,0.0,1449095.2235074965,1449095.2235074965,18.42,19.3,16.4,17.11,747161.5720524024,0.0,0.0,0.0,0.0,5.822097978061786,12.140120908504073,34.17792186490955
